Accident_ID,Junction_ID,Junction_Name,City,State,Year,Accident_Severity,Fatalities,Injuries,Weather_Conditions,Road_Type,Vehicle_Types_Involved
ACC-200000,JNC-DEL-002,ITO Crossing,New Delhi,Delhi,2022,Fatal,1,4,Clear,Roundabout,Car & Truck
ACC-200001,JNC-MUM-003,Dadar TT Circle,Mumbai,Maharashtra,2022,Serious,0,3,Clear,Urban Intersection,Auto-rickshaw & Bus
ACC-200002,JNC-BLR-006,Goraguntepalya Junction,Bengaluru,Karnataka,2019,Fatal,1,0,Clear,Urban Intersection,Pedestrian & Motorcycle
ACC-200003,JNC-DEL-002,ITO Crossing,New Delhi,Delhi,2018,Serious,0,3,Clear,Flyover Exit,Auto-rickshaw & Bus
ACC-200004,JNC-DEL-002,ITO Crossing,New Delhi,Delhi,2023,Fatal,2,2,Clear,Flyover Exit,Motorcycle & Bus
ACC-200005,JNC-BLR-001,Silk Board Junction,Bengaluru,Karnataka,2020,Minor,0,0,Clear,Flyover Exit,Motorcycle & Bus
ACC-200006,JNC-PNQ-007,Chandani Chowk Junction,Pune,Maharashtra,2019,Serious,0,2,Clear,Flyover Exit,Auto-rickshaw & Bus
ACC-200007,JNC-DEL-002,ITO Crossing,New Delhi,Delhi,2021,Serious,0,3,Clear,4-Lane Highway Merge,Auto-rickshaw & Bus
ACC-200008,JNC-BLR-001,Silk Board Junction,Bengaluru,Karnataka,2021,Serious,0,2,Clear,Flyover Exit,Car & Car
ACC-200009,JNC-BLR-001,Silk Board Junction,Bengaluru,Karnataka,2019,Minor,0,1,Clear,Flyover Exit,Car & Car
ACC-200010,JNC-HYD-005,Panjagutta Junction,Hyderabad,Telangana,2023,Fatal,1,4,Clear,Urban Intersection,Pedestrian & Motorcycle
ACC-200011,JNC-MUM-003,Dadar TT Circle,Mumbai,Maharashtra,2018,Serious,0,1,Clear,Roundabout,Pedestrian & Motorcycle
ACC-200012,JNC-BLR-001,Silk Board Junction,Bengaluru,Karnataka,2018,Minor,0,1,Clear,Roundabout,Car & Truck
ACC-200013,JNC-BLR-001,Silk Board Junction,Bengaluru,Karnataka,2020,Minor,0,0,Clear,Roundabout,Motorcycle & Car
ACC-200014,JNC-BLR-001,Silk Board Junction,Bengaluru,Karnataka,2018,Serious,0,2,Clear,Roundabout,Car & Car
ACC-200015,JNC-DEL-002,ITO Crossing,New Delhi,Delhi,2020,Serious,0,2,Fog / Mist,4-Lane Highway Merge,Car & Truck
ACC-200016,JNC-BLR-001,Silk Board Junction,Bengaluru,Karnataka,2023,Minor,0,0,Heavy Rain,Roundabout,Car & Car
ACC-200017,JNC-MUM-003,Dadar TT Circle,Mumbai,Maharashtra,2018,Minor,0,1,Clear,4-Lane Highway Merge,Car & Truck
ACC-200018,JNC-BLR-001,Silk Board Junction,Bengaluru,Karnataka,2018,Serious,0,2,Clear,Roundabout,Pedestrian & Motorcycle
ACC-200019,JNC-MUM-003,Dadar TT Circle,Mumbai,Maharashtra,2022,Serious,0,3,Clear,Urban Intersection,Auto-rickshaw & Bus
ACC-200020,JNC-BLR-006,Goraguntepalya Junction,Bengaluru,Karnataka,2022,Serious,0,1,Fog / Mist,Flyover Exit,Auto-rickshaw & Bus
ACC-200021,JNC-BLR-001,Silk Board Junction,Bengaluru,Karnataka,2023,Minor,0,1,Fog / Mist,Flyover Exit,Motorcycle & Bus
ACC-200022,JNC-DEL-002,ITO Crossing,New Delhi,Delhi,2018,Serious,0,3,Clear,Flyover Exit,Pedestrian & Motorcycle
ACC-200023,JNC-BLR-006,Goraguntepalya Junction,Bengaluru,Karnataka,2023,Serious,0,1,Clear,4-Lane Highway Merge,Car & Truck
ACC-200024,JNC-DEL-002,ITO Crossing,New Delhi,Delhi,2020,Serious,0,1,Clear,Urban Intersection,Motorcycle & Bus
ACC-200025,JNC-DEL-002,ITO Crossing,New Delhi,Delhi,2021,Serious,0,2,Heavy Rain,4-Lane Highway Merge,Motorcycle & Bus
ACC-200026,JNC-PNQ-007,Chandani Chowk Junction,Pune,Maharashtra,2020,Serious,0,2,Clear,Roundabout,Pedestrian & Motorcycle
ACC-200027,JNC-DEL-002,ITO Crossing,New Delhi,Delhi,2018,Serious,0,2,Clear,Urban Intersection,Car & Car
ACC-200028,JNC-BLR-001,Silk Board Junction,Bengaluru,Karnataka,2021,Fatal,3,0,Heavy Rain,Flyover Exit,Pedestrian & Motorcycle
ACC-200029,JNC-MAA-004,Kathipara Junction,Chennai,Tamil Nadu,2023,Serious,0,3,Clear,4-Lane Highway Merge,Motorcycle & Bus
ACC-200030,JNC-DEL-002,ITO Crossing,New Delhi,Delhi,2023,Minor,0,0,Heavy Rain,Roundabout,Auto-rickshaw & Bus
ACC-200031,JNC-BLR-001,Silk Board Junction,Bengaluru,Karnataka,2020,Minor,0,1,Heavy Rain,Flyover Exit,Motorcycle & Bus
ACC-200032,JNC-MAA-004,Kathipara Junction,Chennai,Tamil Nadu,2019,Minor,0,0,Clear,4-Lane Highway Merge,Motorcycle & Car
ACC-200033,JNC-BLR-006,Goraguntepalya Junction,Bengaluru,Karnataka,2023,Minor,0,0,Heavy Rain,Urban Intersection,Motorcycle & Bus
ACC-200034,JNC-MUM-003,Dadar TT Circle,Mumbai,Maharashtra,2018,Serious,0,2,Fog / Mist,4-Lane Highway Merge,Car & Truck
ACC-200035,JNC-BLR-001,Silk Board Junction,Bengaluru,Karnataka,2018,Serious,0,3,Fog / Mist,Urban Intersection,Motorcycle & Bus
ACC-200036,JNC-MAA-004,Kathipara Junction,Chennai,Tamil Nadu,2020,Minor,0,1,Fog / Mist,Flyover Exit,Car & Car
ACC-200037,JNC-BLR-001,Silk Board Junction,Bengaluru,Karnataka,2023,Minor,0,0,Clear,Flyover Exit,Car & Car
ACC-200038,JNC-MUM-003,Dadar TT Circle,Mumbai,Maharashtra,2023,Serious,0,1,Clear,4-Lane Highway Merge,Auto-rickshaw & Bus
ACC-200039,JNC-BLR-001,Silk Board Junction,Bengaluru,Karnataka,2022,Fatal,3,2,Heavy Rain,4-Lane Highway Merge,Auto-rickshaw & Bus
ACC-200040,JNC-MUM-003,Dadar TT Circle,Mumbai,Maharashtra,2023,Serious,0,2,Heavy Rain,Urban Intersection,Pedestrian & Motorcycle
ACC-200041,JNC-MUM-003,Dadar TT Circle,Mumbai,Maharashtra,2020,Serious,0,1,Clear,Flyover Exit,Motorcycle & Bus
ACC-200042,JNC-BLR-001,Silk Board Junction,Bengaluru,Karnataka,2022,Serious,0,3,Heavy Rain,Flyover Exit,Motorcycle & Bus
ACC-200043,JNC-PNQ-007,Chandani Chowk Junction,Pune,Maharashtra,2023,Minor,0,0,Fog / Mist,Flyover Exit,Motorcycle & Bus
ACC-200044,JNC-PNQ-007,Chandani Chowk Junction,Pune,Maharashtra,2022,Serious,0,1,Heavy Rain,Flyover Exit,Motorcycle & Bus
ACC-200045,JNC-BLR-001,Silk Board Junction,Bengaluru,Karnataka,2022,Serious,0,3,Clear,Roundabout,Motorcycle & Car
ACC-200046,JNC-MUM-003,Dadar TT Circle,Mumbai,Maharashtra,2023,Minor,0,1,Clear,Urban Intersection,Car & Car
ACC-200047,JNC-DEL-002,ITO Crossing,New Delhi,Delhi,2020,Serious,0,2,Heavy Rain,4-Lane Highway Merge,Motorcycle & Bus
ACC-200048,JNC-HYD-005,Panjagutta Junction,Hyderabad,Telangana,2022,Serious,0,2,Fog / Mist,4-Lane Highway Merge,Pedestrian & Motorcycle
ACC-200049,JNC-BLR-001,Silk Board Junction,Bengaluru,Karnataka,2018,Serious,0,1,Clear,Urban Intersection,Car & Car
ACC-200050,JNC-BLR-006,Goraguntepalya Junction,Bengaluru,Karnataka,2021,Serious,0,3,Heavy Rain,Roundabout,Motorcycle & Bus
ACC-200051,JNC-BLR-001,Silk Board Junction,Bengaluru,Karnataka,2023,Serious,0,2,Fog / Mist,4-Lane Highway Merge,Auto-rickshaw & Bus
ACC-200052,JNC-BLR-001,Silk Board Junction,Bengaluru,Karnataka,2023,Serious,0,1,Clear,4-Lane Highway Merge,Auto-rickshaw & Bus
ACC-200053,JNC-BLR-001,Silk Board Junction,Bengaluru,Karnataka,2022,Serious,0,2,Clear,Flyover Exit,Car & Car
ACC-200054,JNC-MUM-003,Dadar TT Circle,Mumbai,Maharashtra,2021,Fatal,2,3,Heavy Rain,Roundabout,Motorcycle & Bus
ACC-200055,JNC-DEL-002,ITO Crossing,New Delhi,Delhi,2020,Serious,0,3,Clear,Urban Intersection,Pedestrian & Motorcycle
ACC-200056,JNC-BLR-001,Silk Board Junction,Bengaluru,Karnataka,2018,Minor,0,0,Clear,4-Lane Highway Merge,Motorcycle & Car
ACC-200057,JNC-BLR-001,Silk Board Junction,Bengaluru,Karnataka,2023,Minor,0,1,Monsoon Pour,4-Lane Highway Merge,Pedestrian & Motorcycle
ACC-200058,JNC-HYD-005,Panjagutta Junction,Hyderabad,Telangana,2022,Serious,0,3,Clear,Urban Intersection,Car & Truck
ACC-200059,JNC-HYD-005,Panjagutta Junction,Hyderabad,Telangana,2018,Serious,0,1,Clear,Urban Intersection,Car & Car
ACC-200060,JNC-PNQ-007,Chandani Chowk Junction,Pune,Maharashtra,2022,Serious,0,2,Heavy Rain,4-Lane Highway Merge,Auto-rickshaw & Bus
ACC-200061,JNC-BLR-001,Silk Board Junction,Bengaluru,Karnataka,2023,Serious,0,2,Heavy Rain,4-Lane Highway Merge,Auto-rickshaw & Bus
ACC-200062,JNC-BLR-001,Silk Board Junction,Bengaluru,Karnataka,2019,Serious,0,2,Clear,Flyover Exit,Pedestrian & Motorcycle
ACC-200063,JNC-MAA-004,Kathipara Junction,Chennai,Tamil Nadu,2019,Fatal,3,3,Heavy Rain,Urban Intersection,Car & Truck
ACC-200064,JNC-MAA-004,Kathipara Junction,Chennai,Tamil Nadu,2018,Minor,0,0,Monsoon Pour,Roundabout,Motorcycle & Bus
ACC-200065,JNC-PNQ-007,Chandani Chowk Junction,Pune,Maharashtra,2019,Fatal,1,4,Clear,Urban Intersection,Motorcycle & Car
ACC-200066,JNC-BLR-001,Silk Board Junction,Bengaluru,Karnataka,2019,Minor,0,0,Heavy Rain,4-Lane Highway Merge,Motorcycle & Car
ACC-200067,JNC-MAA-004,Kathipara Junction,Chennai,Tamil Nadu,2023,Minor,0,0,Clear,Urban Intersection,Pedestrian & Motorcycle
ACC-200068,JNC-DEL-002,ITO Crossing,New Delhi,Delhi,2020,Minor,0,1,Clear,4-Lane Highway Merge,Motorcycle & Bus
ACC-200069,JNC-MUM-003,Dadar TT Circle,Mumbai,Maharashtra,2022,Minor,0,1,Heavy Rain,Roundabout,Auto-rickshaw & Bus
ACC-200070,JNC-DEL-002,ITO Crossing,New Delhi,Delhi,2023,Serious,0,1,Heavy Rain,Roundabout,Motorcycle & Bus
ACC-200071,JNC-BLR-001,Silk Board Junction,Bengaluru,Karnataka,2023,Minor,0,1,Clear,4-Lane Highway Merge,Car & Car
ACC-200072,JNC-DEL-002,ITO Crossing,New Delhi,Delhi,2020,Serious,0,1,Fog / Mist,Flyover Exit,Motorcycle & Bus
ACC-200073,JNC-DEL-002,ITO Crossing,New Delhi,Delhi,2023,Minor,0,1,Heavy Rain,Roundabout,Pedestrian & Motorcycle
ACC-200074,JNC-BLR-001,Silk Board Junction,Bengaluru,Karnataka,2021,Serious,0,3,Clear,4-Lane Highway Merge,Motorcycle & Bus
ACC-200075,JNC-BLR-001,Silk Board Junction,Bengaluru,Karnataka,2022,Serious,0,3,Monsoon Pour,Urban Intersection,Pedestrian & Motorcycle
ACC-200076,JNC-HYD-005,Panjagutta Junction,Hyderabad,Telangana,2022,Serious,0,2,Monsoon Pour,4-Lane Highway Merge,Motorcycle & Car
ACC-200077,JNC-BLR-006,Goraguntepalya Junction,Bengaluru,Karnataka,2018,Fatal,3,4,Clear,4-Lane Highway Merge,Motorcycle & Car
ACC-200078,JNC-BLR-006,Goraguntepalya Junction,Bengaluru,Karnataka,2019,Fatal,1,2,Heavy Rain,4-Lane Highway Merge,Motorcycle & Bus
ACC-200079,JNC-BLR-006,Goraguntepalya Junction,Bengaluru,Karnataka,2018,Minor,0,0,Heavy Rain,Flyover Exit,Car & Car
ACC-200080,JNC-HYD-005,Panjagutta Junction,Hyderabad,Telangana,2020,Minor,0,1,Heavy Rain,Urban Intersection,Motorcycle & Car
ACC-200081,JNC-DEL-002,ITO Crossing,New Delhi,Delhi,2023,Serious,0,1,Clear,Urban Intersection,Motorcycle & Car
ACC-200082,JNC-HYD-005,Panjagutta Junction,Hyderabad,Telangana,2022,Minor,0,0,Heavy Rain,4-Lane Highway Merge,Auto-rickshaw & Bus
ACC-200083,JNC-PNQ-007,Chandani Chowk Junction,Pune,Maharashtra,2021,Serious,0,1,Clear,Urban Intersection,Motorcycle & Car
ACC-200084,JNC-BLR-001,Silk Board Junction,Bengaluru,Karnataka,2022,Fatal,1,4,Monsoon Pour,4-Lane Highway Merge,Auto-rickshaw & Bus
ACC-200085,JNC-MUM-003,Dadar TT Circle,Mumbai,Maharashtra,2021,Fatal,3,0,Clear,Roundabout,Motorcycle & Bus
ACC-200086,JNC-MAA-004,Kathipara Junction,Chennai,Tamil Nadu,2023,Serious,0,3,Clear,Flyover Exit,Motorcycle & Car
ACC-200087,JNC-PNQ-007,Chandani Chowk Junction,Pune,Maharashtra,2023,Serious,0,1,Clear,Flyover Exit,Auto-rickshaw & Bus
ACC-200088,JNC-MUM-003,Dadar TT Circle,Mumbai,Maharashtra,2019,Serious,0,1,Monsoon Pour,Flyover Exit,Car & Truck
ACC-200089,JNC-MAA-004,Kathipara Junction,Chennai,Tamil Nadu,2018,Serious,0,1,Fog / Mist,Flyover Exit,Pedestrian & Motorcycle
ACC-200090,JNC-BLR-001,Silk Board Junction,Bengaluru,Karnataka,2020,Minor,0,1,Clear,4-Lane Highway Merge,Motorcycle & Bus
ACC-200091,JNC-DEL-002,ITO Crossing,New Delhi,Delhi,2023,Minor,0,0,Clear,Flyover Exit,Motorcycle & Bus
ACC-200092,JNC-HYD-005,Panjagutta Junction,Hyderabad,Telangana,2019,Minor,0,0,Clear,Urban Intersection,Motorcycle & Bus
ACC-200093,JNC-PNQ-007,Chandani Chowk Junction,Pune,Maharashtra,2020,Serious,0,1,Clear,Roundabout,Motorcycle & Bus
ACC-200094,JNC-BLR-001,Silk Board Junction,Bengaluru,Karnataka,2023,Minor,0,0,Monsoon Pour,Urban Intersection,Car & Truck
ACC-200095,JNC-MUM-003,Dadar TT Circle,Mumbai,Maharashtra,2022,Minor,0,1,Fog / Mist,4-Lane Highway Merge,Pedestrian & Motorcycle
ACC-200096,JNC-MUM-003,Dadar TT Circle,Mumbai,Maharashtra,2023,Serious,0,1,Heavy Rain,Urban Intersection,Motorcycle & Bus
ACC-200097,JNC-MAA-004,Kathipara Junction,Chennai,Tamil Nadu,2019,Serious,0,3,Heavy Rain,Urban Intersection,Car & Car
ACC-200098,JNC-HYD-005,Panjagutta Junction,Hyderabad,Telangana,2020,Serious,0,1,Heavy Rain,4-Lane Highway Merge,Car & Car
ACC-200099,JNC-BLR-006,Goraguntepalya Junction,Bengaluru,Karnataka,2018,Serious,0,3,Clear,Roundabout,Pedestrian & Motorcycle
ACC-200100,JNC-MAA-004,Kathipara Junction,Chennai,Tamil Nadu,2019,Minor,0,0,Clear,Flyover Exit,Motorcycle & Car
ACC-200101,JNC-DEL-002,ITO Crossing,New Delhi,Delhi,2019,Serious,0,3,Clear,Roundabout,Motorcycle & Car
ACC-200102,JNC-DEL-002,ITO Crossing,New Delhi,Delhi,2023,Serious,0,3,Clear,Roundabout,Motorcycle & Car
ACC-200103,JNC-BLR-006,Goraguntepalya Junction,Bengaluru,Karnataka,2022,Minor,0,1,Monsoon Pour,Urban Intersection,Motorcycle & Bus
ACC-200104,JNC-DEL-002,ITO Crossing,New Delhi,Delhi,2022,Minor,0,0,Clear,Urban Intersection,Car & Truck
ACC-200105,JNC-MUM-003,Dadar TT Circle,Mumbai,Maharashtra,2020,Fatal,1,2,Clear,Flyover Exit,Auto-rickshaw & Bus
ACC-200106,JNC-BLR-001,Silk Board Junction,Bengaluru,Karnataka,2018,Minor,0,0,Clear,Flyover Exit,Motorcycle & Car
ACC-200107,JNC-MAA-004,Kathipara Junction,Chennai,Tamil Nadu,2020,Fatal,1,1,Clear,4-Lane Highway Merge,Car & Car
ACC-200108,JNC-BLR-001,Silk Board Junction,Bengaluru,Karnataka,2018,Serious,0,2,Fog / Mist,4-Lane Highway Merge,Car & Car
ACC-200109,JNC-DEL-002,ITO Crossing,New Delhi,Delhi,2020,Fatal,1,0,Heavy Rain,Flyover Exit,Car & Car
ACC-200110,JNC-BLR-001,Silk Board Junction,Bengaluru,Karnataka,2022,Fatal,1,0,Heavy Rain,Flyover Exit,Car & Car
ACC-200111,JNC-BLR-001,Silk Board Junction,Bengaluru,Karnataka,2021,Serious,0,2,Heavy Rain,Urban Intersection,Car & Truck
ACC-200112,JNC-DEL-002,ITO Crossing,New Delhi,Delhi,2020,Minor,0,1,Heavy Rain,Flyover Exit,Pedestrian & Motorcycle
ACC-200113,JNC-BLR-006,Goraguntepalya Junction,Bengaluru,Karnataka,2023,Serious,0,3,Clear,Roundabout,Pedestrian & Motorcycle
ACC-200114,JNC-BLR-001,Silk Board Junction,Bengaluru,Karnataka,2018,Minor,0,1,Clear,Flyover Exit,Motorcycle & Bus
ACC-200115,JNC-BLR-006,Goraguntepalya Junction,Bengaluru,Karnataka,2021,Serious,0,2,Heavy Rain,4-Lane Highway Merge,Motorcycle & Car
ACC-200116,JNC-BLR-001,Silk Board Junction,Bengaluru,Karnataka,2023,Serious,0,1,Heavy Rain,Urban Intersection,Motorcycle & Bus
ACC-200117,JNC-DEL-002,ITO Crossing,New Delhi,Delhi,2021,Serious,0,2,Clear,Roundabout,Pedestrian & Motorcycle
ACC-200118,JNC-DEL-002,ITO Crossing,New Delhi,Delhi,2018,Serious,0,2,Clear,Urban Intersection,Auto-rickshaw & Bus
ACC-200119,JNC-BLR-006,Goraguntepalya Junction,Bengaluru,Karnataka,2023,Serious,0,3,Clear,4-Lane Highway Merge,Car & Truck
ACC-200120,JNC-MUM-003,Dadar TT Circle,Mumbai,Maharashtra,2022,Minor,0,0,Fog / Mist,Flyover Exit,Auto-rickshaw & Bus
ACC-200121,JNC-BLR-006,Goraguntepalya Junction,Bengaluru,Karnataka,2023,Minor,0,1,Clear,Roundabout,Car & Car
ACC-200122,JNC-BLR-006,Goraguntepalya Junction,Bengaluru,Karnataka,2020,Serious,0,3,Fog / Mist,4-Lane Highway Merge,Car & Car
ACC-200123,JNC-PNQ-007,Chandani Chowk Junction,Pune,Maharashtra,2021,Serious,0,1,Heavy Rain,Flyover Exit,Motorcycle & Bus
ACC-200124,JNC-MAA-004,Kathipara Junction,Chennai,Tamil Nadu,2023,Serious,0,3,Monsoon Pour,4-Lane Highway Merge,Car & Truck
ACC-200125,JNC-MUM-003,Dadar TT Circle,Mumbai,Maharashtra,2023,Serious,0,2,Clear,Urban Intersection,Auto-rickshaw & Bus
ACC-200126,JNC-BLR-001,Silk Board Junction,Bengaluru,Karnataka,2019,Fatal,3,4,Clear,4-Lane Highway Merge,Car & Truck
ACC-200127,JNC-MUM-003,Dadar TT Circle,Mumbai,Maharashtra,2023,Serious,0,2,Clear,4-Lane Highway Merge,Car & Car
ACC-200128,JNC-HYD-005,Panjagutta Junction,Hyderabad,Telangana,2019,Fatal,3,0,Clear,Roundabout,Car & Truck
ACC-200129,JNC-BLR-006,Goraguntepalya Junction,Bengaluru,Karnataka,2023,Fatal,1,2,Heavy Rain,Urban Intersection,Auto-rickshaw & Bus
ACC-200130,JNC-BLR-001,Silk Board Junction,Bengaluru,Karnataka,2022,Fatal,3,2,Heavy Rain,Urban Intersection,Auto-rickshaw & Bus
ACC-200131,JNC-DEL-002,ITO Crossing,New Delhi,Delhi,2019,Serious,0,3,Heavy Rain,Flyover Exit,Car & Truck
ACC-200132,JNC-MAA-004,Kathipara Junction,Chennai,Tamil Nadu,2018,Minor,0,0,Heavy Rain,4-Lane Highway Merge,Motorcycle & Bus
ACC-200133,JNC-DEL-002,ITO Crossing,New Delhi,Delhi,2019,Serious,0,3,Clear,Urban Intersection,Car & Car
ACC-200134,JNC-DEL-002,ITO Crossing,New Delhi,Delhi,2020,Serious,0,3,Fog / Mist,4-Lane Highway Merge,Auto-rickshaw & Bus
ACC-200135,JNC-HYD-005,Panjagutta Junction,Hyderabad,Telangana,2020,Minor,0,1,Heavy Rain,4-Lane Highway Merge,Pedestrian & Motorcycle
ACC-200136,JNC-HYD-005,Panjagutta Junction,Hyderabad,Telangana,2018,Fatal,2,1,Heavy Rain,Roundabout,Motorcycle & Car
ACC-200137,JNC-DEL-002,ITO Crossing,New Delhi,Delhi,2023,Serious,0,3,Fog / Mist,Flyover Exit,Auto-rickshaw & Bus
ACC-200138,JNC-DEL-002,ITO Crossing,New Delhi,Delhi,2022,Serious,0,1,Clear,Flyover Exit,Pedestrian & Motorcycle
ACC-200139,JNC-HYD-005,Panjagutta Junction,Hyderabad,Telangana,2020,Minor,0,1,Heavy Rain,Roundabout,Pedestrian & Motorcycle
ACC-200140,JNC-BLR-006,Goraguntepalya Junction,Bengaluru,Karnataka,2023,Minor,0,1,Clear,Roundabout,Motorcycle & Car
ACC-200141,JNC-BLR-006,Goraguntepalya Junction,Bengaluru,Karnataka,2021,Minor,0,1,Clear,4-Lane Highway Merge,Motorcycle & Bus
ACC-200142,JNC-BLR-001,Silk Board Junction,Bengaluru,Karnataka,2021,Serious,0,1,Monsoon Pour,Flyover Exit,Motorcycle & Car
ACC-200143,JNC-HYD-005,Panjagutta Junction,Hyderabad,Telangana,2019,Fatal,3,4,Clear,4-Lane Highway Merge,Car & Car
ACC-200144,JNC-BLR-006,Goraguntepalya Junction,Bengaluru,Karnataka,2018,Fatal,1,1,Fog / Mist,Urban Intersection,Motorcycle & Bus
ACC-200145,JNC-DEL-002,ITO Crossing,New Delhi,Delhi,2023,Serious,0,3,Clear,4-Lane Highway Merge,Pedestrian & Motorcycle
ACC-200146,JNC-DEL-002,ITO Crossing,New Delhi,Delhi,2021,Minor,0,1,Clear,Roundabout,Auto-rickshaw & Bus
ACC-200147,JNC-MUM-003,Dadar TT Circle,Mumbai,Maharashtra,2020,Minor,0,0,Clear,Urban Intersection,Car & Truck
ACC-200148,JNC-MUM-003,Dadar TT Circle,Mumbai,Maharashtra,2020,Fatal,3,2,Clear,4-Lane Highway Merge,Auto-rickshaw & Bus
ACC-200149,JNC-DEL-002,ITO Crossing,New Delhi,Delhi,2018,Serious,0,3,Clear,Urban Intersection,Auto-rickshaw & Bus
ACC-200150,JNC-BLR-001,Silk Board Junction,Bengaluru,Karnataka,2018,Fatal,1,0,Heavy Rain,Urban Intersection,Auto-rickshaw & Bus
ACC-200151,JNC-MUM-003,Dadar TT Circle,Mumbai,Maharashtra,2018,Serious,0,1,Clear,Roundabout,Car & Truck
ACC-200152,JNC-HYD-005,Panjagutta Junction,Hyderabad,Telangana,2023,Fatal,1,0,Clear,Urban Intersection,Car & Truck
ACC-200153,JNC-BLR-001,Silk Board Junction,Bengaluru,Karnataka,2023,Minor,0,1,Clear,Flyover Exit,Motorcycle & Bus
ACC-200154,JNC-DEL-002,ITO Crossing,New Delhi,Delhi,2023,Minor,0,1,Clear,4-Lane Highway Merge,Car & Truck
ACC-200155,JNC-DEL-002,ITO Crossing,New Delhi,Delhi,2019,Minor,0,1,Clear,Roundabout,Auto-rickshaw & Bus
ACC-200156,JNC-BLR-006,Goraguntepalya Junction,Bengaluru,Karnataka,2022,Serious,0,1,Clear,Flyover Exit,Car & Truck
ACC-200157,JNC-MUM-003,Dadar TT Circle,Mumbai,Maharashtra,2023,Serious,0,1,Clear,4-Lane Highway Merge,Auto-rickshaw & Bus
ACC-200158,JNC-BLR-001,Silk Board Junction,Bengaluru,Karnataka,2019,Minor,0,1,Heavy Rain,Flyover Exit,Car & Car
ACC-200159,JNC-BLR-006,Goraguntepalya Junction,Bengaluru,Karnataka,2021,Minor,0,1,Clear,Roundabout,Motorcycle & Car
ACC-200160,JNC-BLR-001,Silk Board Junction,Bengaluru,Karnataka,2018,Fatal,3,4,Fog / Mist,4-Lane Highway Merge,Auto-rickshaw & Bus
ACC-200161,JNC-HYD-005,Panjagutta Junction,Hyderabad,Telangana,2018,Minor,0,1,Clear,Roundabout,Motorcycle & Car
ACC-200162,JNC-DEL-002,ITO Crossing,New Delhi,Delhi,2021,Minor,0,0,Clear,Urban Intersection,Motorcycle & Bus
ACC-200163,JNC-DEL-002,ITO Crossing,New Delhi,Delhi,2021,Fatal,2,3,Clear,Urban Intersection,Car & Car
ACC-200164,JNC-MUM-003,Dadar TT Circle,Mumbai,Maharashtra,2023,Serious,0,1,Clear,4-Lane Highway Merge,Car & Car
ACC-200165,JNC-HYD-005,Panjagutta Junction,Hyderabad,Telangana,2019,Serious,0,3,Clear,Urban Intersection,Car & Truck
ACC-200166,JNC-DEL-002,ITO Crossing,New Delhi,Delhi,2019,Serious,0,1,Heavy Rain,4-Lane Highway Merge,Car & Truck
ACC-200167,JNC-BLR-006,Goraguntepalya Junction,Bengaluru,Karnataka,2022,Minor,0,0,Clear,4-Lane Highway Merge,Pedestrian & Motorcycle
ACC-200168,JNC-MAA-004,Kathipara Junction,Chennai,Tamil Nadu,2019,Minor,0,0,Clear,4-Lane Highway Merge,Car & Truck
ACC-200169,JNC-BLR-006,Goraguntepalya Junction,Bengaluru,Karnataka,2023,Minor,0,1,Heavy Rain,4-Lane Highway Merge,Pedestrian & Motorcycle
ACC-200170,JNC-BLR-001,Silk Board Junction,Bengaluru,Karnataka,2022,Minor,0,0,Clear,Urban Intersection,Car & Car
ACC-200171,JNC-BLR-001,Silk Board Junction,Bengaluru,Karnataka,2021,Minor,0,0,Clear,Flyover Exit,Car & Truck
ACC-200172,JNC-BLR-001,Silk Board Junction,Bengaluru,Karnataka,2022,Minor,0,0,Clear,4-Lane Highway Merge,Car & Truck
ACC-200173,JNC-DEL-002,ITO Crossing,New Delhi,Delhi,2020,Minor,0,0,Heavy Rain,Urban Intersection,Car & Car
ACC-200174,JNC-HYD-005,Panjagutta Junction,Hyderabad,Telangana,2018,Serious,0,3,Clear,Roundabout,Auto-rickshaw & Bus
ACC-200175,JNC-BLR-001,Silk Board Junction,Bengaluru,Karnataka,2023,Minor,0,0,Clear,Urban Intersection,Motorcycle & Car
ACC-200176,JNC-BLR-001,Silk Board Junction,Bengaluru,Karnataka,2018,Serious,0,1,Clear,Roundabout,Motorcycle & Car
ACC-200177,JNC-MUM-003,Dadar TT Circle,Mumbai,Maharashtra,2020,Minor,0,0,Clear,Roundabout,Car & Car
ACC-200178,JNC-BLR-001,Silk Board Junction,Bengaluru,Karnataka,2021,Serious,0,3,Fog / Mist,4-Lane Highway Merge,Motorcycle & Bus
ACC-200179,JNC-PNQ-007,Chandani Chowk Junction,Pune,Maharashtra,2018,Fatal,2,2,Heavy Rain,4-Lane Highway Merge,Motorcycle & Bus
ACC-200180,JNC-MAA-004,Kathipara Junction,Chennai,Tamil Nadu,2023,Serious,0,1,Fog / Mist,Flyover Exit,Car & Truck
ACC-200181,JNC-PNQ-007,Chandani Chowk Junction,Pune,Maharashtra,2022,Serious,0,2,Heavy Rain,4-Lane Highway Merge,Motorcycle & Car
ACC-200182,JNC-MUM-003,Dadar TT Circle,Mumbai,Maharashtra,2019,Serious,0,3,Heavy Rain,4-Lane Highway Merge,Car & Truck
ACC-200183,JNC-BLR-006,Goraguntepalya Junction,Bengaluru,Karnataka,2019,Serious,0,1,Clear,Urban Intersection,Auto-rickshaw & Bus
ACC-200184,JNC-BLR-006,Goraguntepalya Junction,Bengaluru,Karnataka,2019,Serious,0,3,Clear,Roundabout,Car & Truck
ACC-200185,JNC-MUM-003,Dadar TT Circle,Mumbai,Maharashtra,2022,Fatal,1,2,Clear,Roundabout,Auto-rickshaw & Bus
ACC-200186,JNC-MUM-003,Dadar TT Circle,Mumbai,Maharashtra,2018,Serious,0,2,Clear,Urban Intersection,Motorcycle & Bus
ACC-200187,JNC-BLR-006,Goraguntepalya Junction,Bengaluru,Karnataka,2019,Minor,0,1,Clear,Urban Intersection,Motorcycle & Car
ACC-200188,JNC-BLR-001,Silk Board Junction,Bengaluru,Karnataka,2022,Serious,0,3,Clear,Urban Intersection,Auto-rickshaw & Bus
ACC-200189,JNC-BLR-001,Silk Board Junction,Bengaluru,Karnataka,2018,Serious,0,1,Clear,Flyover Exit,Auto-rickshaw & Bus
ACC-200190,JNC-PNQ-007,Chandani Chowk Junction,Pune,Maharashtra,2019,Fatal,3,3,Heavy Rain,Urban Intersection,Motorcycle & Bus
ACC-200191,JNC-BLR-001,Silk Board Junction,Bengaluru,Karnataka,2023,Serious,0,2,Clear,Urban Intersection,Pedestrian & Motorcycle
ACC-200192,JNC-BLR-001,Silk Board Junction,Bengaluru,Karnataka,2018,Minor,0,0,Clear,4-Lane Highway Merge,Motorcycle & Bus
ACC-200193,JNC-MAA-004,Kathipara Junction,Chennai,Tamil Nadu,2021,Minor,0,0,Heavy Rain,Roundabout,Auto-rickshaw & Bus
ACC-200194,JNC-DEL-002,ITO Crossing,New Delhi,Delhi,2023,Serious,0,2,Heavy Rain,4-Lane Highway Merge,Auto-rickshaw & Bus
ACC-200195,JNC-BLR-001,Silk Board Junction,Bengaluru,Karnataka,2021,Minor,0,1,Heavy Rain,4-Lane Highway Merge,Car & Car
ACC-200196,JNC-BLR-001,Silk Board Junction,Bengaluru,Karnataka,2019,Serious,0,1,Clear,Roundabout,Car & Car
ACC-200197,JNC-HYD-005,Panjagutta Junction,Hyderabad,Telangana,2023,Minor,0,0,Clear,Flyover Exit,Motorcycle & Car
ACC-200198,JNC-MUM-003,Dadar TT Circle,Mumbai,Maharashtra,2020,Serious,0,2,Clear,4-Lane Highway Merge,Car & Truck
ACC-200199,JNC-HYD-005,Panjagutta Junction,Hyderabad,Telangana,2023,Serious,0,1,Clear,4-Lane Highway Merge,Auto-rickshaw & Bus
ACC-200200,JNC-MUM-003,Dadar TT Circle,Mumbai,Maharashtra,2019,Serious,0,3,Clear,4-Lane Highway Merge,Motorcycle & Bus
ACC-200201,JNC-BLR-001,Silk Board Junction,Bengaluru,Karnataka,2019,Minor,0,0,Clear,4-Lane Highway Merge,Pedestrian & Motorcycle
ACC-200202,JNC-HYD-005,Panjagutta Junction,Hyderabad,Telangana,2019,Serious,0,3,Clear,Roundabout,Pedestrian & Motorcycle
ACC-200203,JNC-BLR-001,Silk Board Junction,Bengaluru,Karnataka,2019,Fatal,1,3,Clear,4-Lane Highway Merge,Motorcycle & Car
ACC-200204,JNC-MUM-003,Dadar TT Circle,Mumbai,Maharashtra,2023,Serious,0,2,Heavy Rain,Flyover Exit,Motorcycle & Car
ACC-200205,JNC-MUM-003,Dadar TT Circle,Mumbai,Maharashtra,2022,Serious,0,2,Clear,Flyover Exit,Auto-rickshaw & Bus
ACC-200206,JNC-BLR-006,Goraguntepalya Junction,Bengaluru,Karnataka,2020,Fatal,1,2,Clear,4-Lane Highway Merge,Motorcycle & Car
ACC-200207,JNC-BLR-001,Silk Board Junction,Bengaluru,Karnataka,2020,Minor,0,0,Fog / Mist,4-Lane Highway Merge,Motorcycle & Car
ACC-200208,JNC-MUM-003,Dadar TT Circle,Mumbai,Maharashtra,2019,Fatal,3,4,Heavy Rain,Roundabout,Motorcycle & Car
ACC-200209,JNC-HYD-005,Panjagutta Junction,Hyderabad,Telangana,2023,Minor,0,1,Clear,Flyover Exit,Pedestrian & Motorcycle
ACC-200210,JNC-MAA-004,Kathipara Junction,Chennai,Tamil Nadu,2018,Serious,0,3,Clear,Flyover Exit,Pedestrian & Motorcycle
ACC-200211,JNC-HYD-005,Panjagutta Junction,Hyderabad,Telangana,2023,Serious,0,3,Clear,Flyover Exit,Motorcycle & Car
ACC-200212,JNC-DEL-002,ITO Crossing,New Delhi,Delhi,2021,Fatal,1,4,Heavy Rain,Flyover Exit,Auto-rickshaw & Bus
ACC-200213,JNC-BLR-001,Silk Board Junction,Bengaluru,Karnataka,2020,Fatal,2,0,Heavy Rain,4-Lane Highway Merge,Car & Car
ACC-200214,JNC-MAA-004,Kathipara Junction,Chennai,Tamil Nadu,2020,Minor,0,1,Monsoon Pour,4-Lane Highway Merge,Auto-rickshaw & Bus
ACC-200215,JNC-HYD-005,Panjagutta Junction,Hyderabad,Telangana,2020,Serious,0,3,Clear,4-Lane Highway Merge,Car & Car
ACC-200216,JNC-DEL-002,ITO Crossing,New Delhi,Delhi,2020,Serious,0,3,Clear,Urban Intersection,Motorcycle & Car
ACC-200217,JNC-PNQ-007,Chandani Chowk Junction,Pune,Maharashtra,2018,Fatal,1,4,Heavy Rain,Flyover Exit,Motorcycle & Car
ACC-200218,JNC-HYD-005,Panjagutta Junction,Hyderabad,Telangana,2021,Serious,0,3,Fog / Mist,Urban Intersection,Auto-rickshaw & Bus
ACC-200219,JNC-BLR-001,Silk Board Junction,Bengaluru,Karnataka,2022,Minor,0,1,Fog / Mist,Flyover Exit,Car & Car
ACC-200220,JNC-HYD-005,Panjagutta Junction,Hyderabad,Telangana,2022,Minor,0,0,Clear,Urban Intersection,Motorcycle & Car
ACC-200221,JNC-BLR-001,Silk Board Junction,Bengaluru,Karnataka,2018,Serious,0,2,Fog / Mist,Flyover Exit,Car & Truck
ACC-200222,JNC-PNQ-007,Chandani Chowk Junction,Pune,Maharashtra,2023,Fatal,1,4,Clear,Roundabout,Car & Car
ACC-200223,JNC-MUM-003,Dadar TT Circle,Mumbai,Maharashtra,2020,Minor,0,1,Clear,Flyover Exit,Motorcycle & Car
ACC-200224,JNC-MAA-004,Kathipara Junction,Chennai,Tamil Nadu,2023,Serious,0,2,Clear,4-Lane Highway Merge,Car & Car
ACC-200225,JNC-MAA-004,Kathipara Junction,Chennai,Tamil Nadu,2021,Serious,0,1,Clear,Urban Intersection,Car & Car
ACC-200226,JNC-DEL-002,ITO Crossing,New Delhi,Delhi,2019,Minor,0,0,Monsoon Pour,4-Lane Highway Merge,Pedestrian & Motorcycle
ACC-200227,JNC-BLR-001,Silk Board Junction,Bengaluru,Karnataka,2019,Serious,0,3,Heavy Rain,Roundabout,Pedestrian & Motorcycle
ACC-200228,JNC-HYD-005,Panjagutta Junction,Hyderabad,Telangana,2021,Minor,0,1,Heavy Rain,Roundabout,Motorcycle & Bus
ACC-200229,JNC-BLR-001,Silk Board Junction,Bengaluru,Karnataka,2018,Serious,0,3,Clear,Urban Intersection,Auto-rickshaw & Bus
ACC-200230,JNC-HYD-005,Panjagutta Junction,Hyderabad,Telangana,2019,Minor,0,1,Clear,Urban Intersection,Motorcycle & Bus
ACC-200231,JNC-BLR-001,Silk Board Junction,Bengaluru,Karnataka,2022,Fatal,1,3,Clear,Roundabout,Motorcycle & Car
ACC-200232,JNC-PNQ-007,Chandani Chowk Junction,Pune,Maharashtra,2019,Minor,0,1,Fog / Mist,Urban Intersection,Auto-rickshaw & Bus
ACC-200233,JNC-BLR-001,Silk Board Junction,Bengaluru,Karnataka,2020,Fatal,3,0,Monsoon Pour,Roundabout,Motorcycle & Bus
ACC-200234,JNC-HYD-005,Panjagutta Junction,Hyderabad,Telangana,2019,Serious,0,2,Heavy Rain,Roundabout,Car & Truck
ACC-200235,JNC-BLR-006,Goraguntepalya Junction,Bengaluru,Karnataka,2021,Serious,0,2,Clear,Roundabout,Motorcycle & Bus
ACC-200236,JNC-BLR-001,Silk Board Junction,Bengaluru,Karnataka,2023,Fatal,2,3,Clear,4-Lane Highway Merge,Motorcycle & Bus
ACC-200237,JNC-BLR-006,Goraguntepalya Junction,Bengaluru,Karnataka,2019,Serious,0,2,Clear,Flyover Exit,Pedestrian & Motorcycle
ACC-200238,JNC-HYD-005,Panjagutta Junction,Hyderabad,Telangana,2020,Fatal,2,1,Heavy Rain,4-Lane Highway Merge,Motorcycle & Bus
ACC-200239,JNC-MUM-003,Dadar TT Circle,Mumbai,Maharashtra,2021,Fatal,3,4,Clear,Roundabout,Motorcycle & Bus
ACC-200240,JNC-BLR-006,Goraguntepalya Junction,Bengaluru,Karnataka,2018,Minor,0,0,Clear,Flyover Exit,Auto-rickshaw & Bus
ACC-200241,JNC-MAA-004,Kathipara Junction,Chennai,Tamil Nadu,2021,Serious,0,2,Fog / Mist,Flyover Exit,Motorcycle & Bus
ACC-200242,JNC-DEL-002,ITO Crossing,New Delhi,Delhi,2022,Serious,0,2,Heavy Rain,Flyover Exit,Car & Car
ACC-200243,JNC-MAA-004,Kathipara Junction,Chennai,Tamil Nadu,2020,Serious,0,2,Clear,Roundabout,Pedestrian & Motorcycle
ACC-200244,JNC-MUM-003,Dadar TT Circle,Mumbai,Maharashtra,2022,Minor,0,0,Heavy Rain,Flyover Exit,Car & Car
ACC-200245,JNC-BLR-001,Silk Board Junction,Bengaluru,Karnataka,2021,Serious,0,2,Clear,4-Lane Highway Merge,Car & Car
ACC-200246,JNC-MUM-003,Dadar TT Circle,Mumbai,Maharashtra,2023,Fatal,1,0,Heavy Rain,Roundabout,Car & Car
ACC-200247,JNC-MAA-004,Kathipara Junction,Chennai,Tamil Nadu,2018,Minor,0,1,Fog / Mist,4-Lane Highway Merge,Motorcycle & Bus
ACC-200248,JNC-HYD-005,Panjagutta Junction,Hyderabad,Telangana,2021,Minor,0,0,Clear,Urban Intersection,Car & Truck
ACC-200249,JNC-DEL-002,ITO Crossing,New Delhi,Delhi,2019,Serious,0,2,Clear,4-Lane Highway Merge,Auto-rickshaw & Bus
ACC-200250,JNC-MUM-003,Dadar TT Circle,Mumbai,Maharashtra,2021,Minor,0,1,Clear,Flyover Exit,Motorcycle & Bus
ACC-200251,JNC-MAA-004,Kathipara Junction,Chennai,Tamil Nadu,2022,Serious,0,1,Fog / Mist,Flyover Exit,Auto-rickshaw & Bus
ACC-200252,JNC-BLR-006,Goraguntepalya Junction,Bengaluru,Karnataka,2023,Fatal,1,3,Clear,Urban Intersection,Motorcycle & Bus
ACC-200253,JNC-MUM-003,Dadar TT Circle,Mumbai,Maharashtra,2021,Fatal,1,2,Clear,4-Lane Highway Merge,Car & Truck
ACC-200254,JNC-DEL-002,ITO Crossing,New Delhi,Delhi,2018,Serious,0,2,Clear,Urban Intersection,Car & Truck
ACC-200255,JNC-BLR-001,Silk Board Junction,Bengaluru,Karnataka,2019,Serious,0,1,Fog / Mist,Roundabout,Car & Truck
ACC-200256,JNC-MUM-003,Dadar TT Circle,Mumbai,Maharashtra,2021,Serious,0,3,Clear,4-Lane Highway Merge,Auto-rickshaw & Bus
ACC-200257,JNC-HYD-005,Panjagutta Junction,Hyderabad,Telangana,2019,Minor,0,1,Monsoon Pour,4-Lane Highway Merge,Pedestrian & Motorcycle
ACC-200258,JNC-DEL-002,ITO Crossing,New Delhi,Delhi,2022,Minor,0,0,Heavy Rain,Roundabout,Motorcycle & Car
ACC-200259,JNC-DEL-002,ITO Crossing,New Delhi,Delhi,2023,Serious,0,1,Fog / Mist,Roundabout,Motorcycle & Bus
ACC-200260,JNC-BLR-001,Silk Board Junction,Bengaluru,Karnataka,2018,Minor,0,0,Heavy Rain,Roundabout,Car & Car
ACC-200261,JNC-DEL-002,ITO Crossing,New Delhi,Delhi,2022,Serious,0,2,Heavy Rain,Urban Intersection,Car & Car
ACC-200262,JNC-DEL-002,ITO Crossing,New Delhi,Delhi,2018,Serious,0,1,Heavy Rain,4-Lane Highway Merge,Motorcycle & Bus
ACC-200263,JNC-BLR-001,Silk Board Junction,Bengaluru,Karnataka,2019,Serious,0,2,Monsoon Pour,Roundabout,Car & Car
ACC-200264,JNC-BLR-006,Goraguntepalya Junction,Bengaluru,Karnataka,2022,Minor,0,0,Fog / Mist,4-Lane Highway Merge,Car & Car
ACC-200265,JNC-MUM-003,Dadar TT Circle,Mumbai,Maharashtra,2018,Serious,0,1,Clear,Roundabout,Pedestrian & Motorcycle
ACC-200266,JNC-DEL-002,ITO Crossing,New Delhi,Delhi,2022,Serious,0,1,Clear,Roundabout,Auto-rickshaw & Bus
ACC-200267,JNC-BLR-001,Silk Board Junction,Bengaluru,Karnataka,2020,Serious,0,2,Heavy Rain,Urban Intersection,Car & Car
ACC-200268,JNC-MUM-003,Dadar TT Circle,Mumbai,Maharashtra,2022,Minor,0,1,Fog / Mist,Flyover Exit,Pedestrian & Motorcycle
ACC-200269,JNC-HYD-005,Panjagutta Junction,Hyderabad,Telangana,2018,Serious,0,2,Clear,Roundabout,Auto-rickshaw & Bus
ACC-200270,JNC-MUM-003,Dadar TT Circle,Mumbai,Maharashtra,2020,Minor,0,1,Heavy Rain,Flyover Exit,Car & Truck
ACC-200271,JNC-MUM-003,Dadar TT Circle,Mumbai,Maharashtra,2022,Fatal,3,4,Fog / Mist,4-Lane Highway Merge,Auto-rickshaw & Bus
ACC-200272,JNC-BLR-006,Goraguntepalya Junction,Bengaluru,Karnataka,2021,Minor,0,1,Clear,Urban Intersection,Pedestrian & Motorcycle
ACC-200273,JNC-MAA-004,Kathipara Junction,Chennai,Tamil Nadu,2022,Serious,0,3,Monsoon Pour,Flyover Exit,Car & Truck
ACC-200274,JNC-MUM-003,Dadar TT Circle,Mumbai,Maharashtra,2019,Serious,0,2,Clear,4-Lane Highway Merge,Auto-rickshaw & Bus
ACC-200275,JNC-BLR-006,Goraguntepalya Junction,Bengaluru,Karnataka,2023,Fatal,3,3,Clear,4-Lane Highway Merge,Motorcycle & Bus
ACC-200276,JNC-MUM-003,Dadar TT Circle,Mumbai,Maharashtra,2019,Minor,0,1,Clear,Roundabout,Car & Car
ACC-200277,JNC-MUM-003,Dadar TT Circle,Mumbai,Maharashtra,2022,Serious,0,3,Clear,Urban Intersection,Car & Car
ACC-200278,JNC-MUM-003,Dadar TT Circle,Mumbai,Maharashtra,2021,Serious,0,1,Heavy Rain,Flyover Exit,Motorcycle & Car
ACC-200279,JNC-DEL-002,ITO Crossing,New Delhi,Delhi,2019,Minor,0,1,Heavy Rain,Roundabout,Pedestrian & Motorcycle
ACC-200280,JNC-DEL-002,ITO Crossing,New Delhi,Delhi,2020,Minor,0,0,Heavy Rain,Urban Intersection,Car & Truck
ACC-200281,JNC-MAA-004,Kathipara Junction,Chennai,Tamil Nadu,2018,Serious,0,1,Clear,Roundabout,Auto-rickshaw & Bus
ACC-200282,JNC-BLR-006,Goraguntepalya Junction,Bengaluru,Karnataka,2022,Fatal,1,2,Heavy Rain,Flyover Exit,Car & Truck
ACC-200283,JNC-BLR-001,Silk Board Junction,Bengaluru,Karnataka,2023,Serious,0,1,Clear,Urban Intersection,Car & Truck
ACC-200284,JNC-MUM-003,Dadar TT Circle,Mumbai,Maharashtra,2019,Serious,0,2,Clear,4-Lane Highway Merge,Motorcycle & Bus
ACC-200285,JNC-BLR-001,Silk Board Junction,Bengaluru,Karnataka,2021,Minor,0,1,Heavy Rain,Urban Intersection,Pedestrian & Motorcycle
ACC-200286,JNC-BLR-001,Silk Board Junction,Bengaluru,Karnataka,2022,Minor,0,0,Clear,4-Lane Highway Merge,Car & Truck
ACC-200287,JNC-DEL-002,ITO Crossing,New Delhi,Delhi,2021,Serious,0,2,Heavy Rain,Flyover Exit,Car & Truck
ACC-200288,JNC-MAA-004,Kathipara Junction,Chennai,Tamil Nadu,2023,Serious,0,3,Clear,4-Lane Highway Merge,Motorcycle & Car
ACC-200289,JNC-DEL-002,ITO Crossing,New Delhi,Delhi,2023,Fatal,2,0,Monsoon Pour,Roundabout,Car & Car
ACC-200290,JNC-DEL-002,ITO Crossing,New Delhi,Delhi,2023,Serious,0,1,Clear,Roundabout,Motorcycle & Bus
ACC-200291,JNC-BLR-001,Silk Board Junction,Bengaluru,Karnataka,2019,Fatal,1,3,Clear,Flyover Exit,Auto-rickshaw & Bus
ACC-200292,JNC-MUM-003,Dadar TT Circle,Mumbai,Maharashtra,2023,Serious,0,3,Clear,4-Lane Highway Merge,Auto-rickshaw & Bus
ACC-200293,JNC-BLR-006,Goraguntepalya Junction,Bengaluru,Karnataka,2021,Serious,0,2,Clear,Urban Intersection,Car & Car
ACC-200294,JNC-BLR-001,Silk Board Junction,Bengaluru,Karnataka,2018,Serious,0,2,Clear,4-Lane Highway Merge,Car & Car
ACC-200295,JNC-BLR-001,Silk Board Junction,Bengaluru,Karnataka,2019,Serious,0,1,Clear,Roundabout,Motorcycle & Bus
ACC-200296,JNC-MUM-003,Dadar TT Circle,Mumbai,Maharashtra,2020,Minor,0,1,Clear,Flyover Exit,Motorcycle & Car
ACC-200297,JNC-MUM-003,Dadar TT Circle,Mumbai,Maharashtra,2020,Minor,0,0,Monsoon Pour,4-Lane Highway Merge,Auto-rickshaw & Bus
ACC-200298,JNC-BLR-001,Silk Board Junction,Bengaluru,Karnataka,2018,Fatal,2,4,Clear,Flyover Exit,Motorcycle & Car
ACC-200299,JNC-BLR-006,Goraguntepalya Junction,Bengaluru,Karnataka,2023,Fatal,3,3,Fog / Mist,Roundabout,Pedestrian & Motorcycle
ACC-200300,JNC-BLR-001,Silk Board Junction,Bengaluru,Karnataka,2020,Minor,0,1,Monsoon Pour,Urban Intersection,Motorcycle & Car
ACC-200301,JNC-BLR-006,Goraguntepalya Junction,Bengaluru,Karnataka,2018,Serious,0,1,Monsoon Pour,Urban Intersection,Motorcycle & Bus
ACC-200302,JNC-MAA-004,Kathipara Junction,Chennai,Tamil Nadu,2023,Minor,0,1,Clear,4-Lane Highway Merge,Car & Car
ACC-200303,JNC-BLR-001,Silk Board Junction,Bengaluru,Karnataka,2022,Fatal,1,1,Clear,Roundabout,Auto-rickshaw & Bus
ACC-200304,JNC-BLR-001,Silk Board Junction,Bengaluru,Karnataka,2021,Minor,0,1,Heavy Rain,Roundabout,Car & Car
ACC-200305,JNC-BLR-006,Goraguntepalya Junction,Bengaluru,Karnataka,2022,Fatal,2,4,Clear,Urban Intersection,Auto-rickshaw & Bus
ACC-200306,JNC-DEL-002,ITO Crossing,New Delhi,Delhi,2020,Serious,0,2,Clear,Urban Intersection,Car & Car
ACC-200307,JNC-PNQ-007,Chandani Chowk Junction,Pune,Maharashtra,2022,Serious,0,3,Monsoon Pour,Roundabout,Motorcycle & Bus
ACC-200308,JNC-BLR-001,Silk Board Junction,Bengaluru,Karnataka,2018,Minor,0,1,Clear,Flyover Exit,Auto-rickshaw & Bus
ACC-200309,JNC-MAA-004,Kathipara Junction,Chennai,Tamil Nadu,2021,Minor,0,0,Clear,Flyover Exit,Auto-rickshaw & Bus
ACC-200310,JNC-BLR-001,Silk Board Junction,Bengaluru,Karnataka,2021,Serious,0,3,Heavy Rain,4-Lane Highway Merge,Auto-rickshaw & Bus
ACC-200311,JNC-DEL-002,ITO Crossing,New Delhi,Delhi,2022,Serious,0,3,Clear,Urban Intersection,Pedestrian & Motorcycle
ACC-200312,JNC-DEL-002,ITO Crossing,New Delhi,Delhi,2022,Fatal,2,2,Clear,Urban Intersection,Pedestrian & Motorcycle
ACC-200313,JNC-HYD-005,Panjagutta Junction,Hyderabad,Telangana,2019,Fatal,1,0,Clear,Urban Intersection,Motorcycle & Car
ACC-200314,JNC-MAA-004,Kathipara Junction,Chennai,Tamil Nadu,2022,Minor,0,0,Clear,4-Lane Highway Merge,Car & Truck
ACC-200315,JNC-DEL-002,ITO Crossing,New Delhi,Delhi,2020,Serious,0,3,Clear,Urban Intersection,Auto-rickshaw & Bus
ACC-200316,JNC-BLR-006,Goraguntepalya Junction,Bengaluru,Karnataka,2021,Serious,0,3,Clear,Flyover Exit,Pedestrian & Motorcycle
ACC-200317,JNC-MUM-003,Dadar TT Circle,Mumbai,Maharashtra,2022,Minor,0,0,Monsoon Pour,4-Lane Highway Merge,Motorcycle & Bus
ACC-200318,JNC-BLR-006,Goraguntepalya Junction,Bengaluru,Karnataka,2019,Serious,0,1,Clear,Urban Intersection,Motorcycle & Car
ACC-200319,JNC-DEL-002,ITO Crossing,New Delhi,Delhi,2022,Minor,0,0,Heavy Rain,Roundabout,Car & Car
ACC-200320,JNC-MAA-004,Kathipara Junction,Chennai,Tamil Nadu,2018,Fatal,1,2,Clear,Flyover Exit,Motorcycle & Bus
ACC-200321,JNC-DEL-002,ITO Crossing,New Delhi,Delhi,2022,Fatal,3,2,Heavy Rain,Roundabout,Car & Truck
ACC-200322,JNC-BLR-001,Silk Board Junction,Bengaluru,Karnataka,2022,Serious,0,2,Clear,Flyover Exit,Car & Truck
ACC-200323,JNC-PNQ-007,Chandani Chowk Junction,Pune,Maharashtra,2020,Serious,0,3,Clear,4-Lane Highway Merge,Pedestrian & Motorcycle
ACC-200324,JNC-MAA-004,Kathipara Junction,Chennai,Tamil Nadu,2019,Fatal,1,0,Monsoon Pour,Roundabout,Motorcycle & Car
ACC-200325,JNC-BLR-001,Silk Board Junction,Bengaluru,Karnataka,2021,Serious,0,2,Clear,4-Lane Highway Merge,Motorcycle & Car
ACC-200326,JNC-MUM-003,Dadar TT Circle,Mumbai,Maharashtra,2019,Serious,0,3,Monsoon Pour,Urban Intersection,Pedestrian & Motorcycle
ACC-200327,JNC-MUM-003,Dadar TT Circle,Mumbai,Maharashtra,2021,Fatal,2,0,Monsoon Pour,Roundabout,Motorcycle & Bus
ACC-200328,JNC-DEL-002,ITO Crossing,New Delhi,Delhi,2020,Serious,0,2,Heavy Rain,Urban Intersection,Auto-rickshaw & Bus
ACC-200329,JNC-BLR-001,Silk Board Junction,Bengaluru,Karnataka,2022,Minor,0,0,Fog / Mist,Flyover Exit,Pedestrian & Motorcycle
ACC-200330,JNC-DEL-002,ITO Crossing,New Delhi,Delhi,2023,Minor,0,0,Clear,Roundabout,Motorcycle & Car
ACC-200331,JNC-MAA-004,Kathipara Junction,Chennai,Tamil Nadu,2023,Serious,0,2,Heavy Rain,Roundabout,Auto-rickshaw & Bus
ACC-200332,JNC-BLR-001,Silk Board Junction,Bengaluru,Karnataka,2023,Minor,0,0,Monsoon Pour,4-Lane Highway Merge,Pedestrian & Motorcycle
ACC-200333,JNC-BLR-001,Silk Board Junction,Bengaluru,Karnataka,2022,Minor,0,1,Fog / Mist,Roundabout,Car & Truck
ACC-200334,JNC-BLR-001,Silk Board Junction,Bengaluru,Karnataka,2021,Minor,0,0,Heavy Rain,4-Lane Highway Merge,Car & Truck
ACC-200335,JNC-DEL-002,ITO Crossing,New Delhi,Delhi,2020,Fatal,2,3,Heavy Rain,Flyover Exit,Pedestrian & Motorcycle
ACC-200336,JNC-BLR-001,Silk Board Junction,Bengaluru,Karnataka,2019,Serious,0,1,Heavy Rain,Roundabout,Motorcycle & Bus
ACC-200337,JNC-DEL-002,ITO Crossing,New Delhi,Delhi,2020,Serious,0,2,Heavy Rain,4-Lane Highway Merge,Motorcycle & Car
ACC-200338,JNC-HYD-005,Panjagutta Junction,Hyderabad,Telangana,2023,Serious,0,3,Heavy Rain,Flyover Exit,Pedestrian & Motorcycle
ACC-200339,JNC-MUM-003,Dadar TT Circle,Mumbai,Maharashtra,2021,Fatal,2,1,Clear,4-Lane Highway Merge,Car & Car
ACC-200340,JNC-BLR-001,Silk Board Junction,Bengaluru,Karnataka,2019,Minor,0,1,Clear,Roundabout,Car & Car
ACC-200341,JNC-BLR-006,Goraguntepalya Junction,Bengaluru,Karnataka,2022,Fatal,3,4,Heavy Rain,Urban Intersection,Car & Car
ACC-200342,JNC-MUM-003,Dadar TT Circle,Mumbai,Maharashtra,2022,Serious,0,2,Heavy Rain,4-Lane Highway Merge,Motorcycle & Car
ACC-200343,JNC-MAA-004,Kathipara Junction,Chennai,Tamil Nadu,2021,Fatal,1,3,Clear,Roundabout,Auto-rickshaw & Bus
ACC-200344,JNC-MUM-003,Dadar TT Circle,Mumbai,Maharashtra,2020,Fatal,2,3,Heavy Rain,Urban Intersection,Motorcycle & Car
ACC-200345,JNC-MUM-003,Dadar TT Circle,Mumbai,Maharashtra,2020,Serious,0,3,Clear,Urban Intersection,Car & Truck
ACC-200346,JNC-BLR-001,Silk Board Junction,Bengaluru,Karnataka,2022,Minor,0,1,Heavy Rain,Roundabout,Auto-rickshaw & Bus
ACC-200347,JNC-MUM-003,Dadar TT Circle,Mumbai,Maharashtra,2022,Fatal,3,0,Clear,Urban Intersection,Auto-rickshaw & Bus
ACC-200348,JNC-BLR-001,Silk Board Junction,Bengaluru,Karnataka,2021,Minor,0,0,Heavy Rain,Urban Intersection,Pedestrian & Motorcycle
ACC-200349,JNC-BLR-001,Silk Board Junction,Bengaluru,Karnataka,2023,Serious,0,3,Clear,Urban Intersection,Car & Car
ACC-200350,JNC-HYD-005,Panjagutta Junction,Hyderabad,Telangana,2018,Minor,0,0,Clear,4-Lane Highway Merge,Motorcycle & Car
ACC-200351,JNC-DEL-002,ITO Crossing,New Delhi,Delhi,2022,Minor,0,1,Fog / Mist,4-Lane Highway Merge,Car & Car
ACC-200352,JNC-MUM-003,Dadar TT Circle,Mumbai,Maharashtra,2022,Minor,0,0,Clear,Urban Intersection,Motorcycle & Car
ACC-200353,JNC-BLR-006,Goraguntepalya Junction,Bengaluru,Karnataka,2022,Serious,0,1,Clear,Flyover Exit,Pedestrian & Motorcycle
ACC-200354,JNC-HYD-005,Panjagutta Junction,Hyderabad,Telangana,2019,Fatal,3,1,Fog / Mist,Flyover Exit,Motorcycle & Bus
ACC-200355,JNC-BLR-001,Silk Board Junction,Bengaluru,Karnataka,2018,Fatal,1,3,Heavy Rain,Flyover Exit,Pedestrian & Motorcycle
ACC-200356,JNC-BLR-001,Silk Board Junction,Bengaluru,Karnataka,2021,Fatal,2,3,Clear,Roundabout,Auto-rickshaw & Bus
ACC-200357,JNC-HYD-005,Panjagutta Junction,Hyderabad,Telangana,2019,Serious,0,2,Clear,4-Lane Highway Merge,Pedestrian & Motorcycle
ACC-200358,JNC-DEL-002,ITO Crossing,New Delhi,Delhi,2018,Serious,0,3,Clear,Urban Intersection,Car & Truck
ACC-200359,JNC-BLR-001,Silk Board Junction,Bengaluru,Karnataka,2021,Serious,0,3,Clear,Roundabout,Motorcycle & Car
ACC-200360,JNC-HYD-005,Panjagutta Junction,Hyderabad,Telangana,2020,Minor,0,0,Fog / Mist,4-Lane Highway Merge,Motorcycle & Car
ACC-200361,JNC-BLR-006,Goraguntepalya Junction,Bengaluru,Karnataka,2023,Minor,0,1,Monsoon Pour,4-Lane Highway Merge,Car & Truck
ACC-200362,JNC-HYD-005,Panjagutta Junction,Hyderabad,Telangana,2022,Serious,0,3,Clear,4-Lane Highway Merge,Auto-rickshaw & Bus
ACC-200363,JNC-DEL-002,ITO Crossing,New Delhi,Delhi,2018,Fatal,1,3,Clear,4-Lane Highway Merge,Car & Car
ACC-200364,JNC-MUM-003,Dadar TT Circle,Mumbai,Maharashtra,2018,Minor,0,0,Fog / Mist,Urban Intersection,Car & Truck
ACC-200365,JNC-BLR-001,Silk Board Junction,Bengaluru,Karnataka,2023,Serious,0,2,Clear,Urban Intersection,Motorcycle & Car
ACC-200366,JNC-MUM-003,Dadar TT Circle,Mumbai,Maharashtra,2022,Fatal,2,0,Heavy Rain,Urban Intersection,Car & Truck
ACC-200367,JNC-MAA-004,Kathipara Junction,Chennai,Tamil Nadu,2023,Serious,0,3,Clear,Flyover Exit,Car & Truck
ACC-200368,JNC-MUM-003,Dadar TT Circle,Mumbai,Maharashtra,2020,Minor,0,1,Clear,4-Lane Highway Merge,Auto-rickshaw & Bus
ACC-200369,JNC-MUM-003,Dadar TT Circle,Mumbai,Maharashtra,2021,Minor,0,1,Clear,Flyover Exit,Pedestrian & Motorcycle
ACC-200370,JNC-MAA-004,Kathipara Junction,Chennai,Tamil Nadu,2021,Minor,0,0,Monsoon Pour,Flyover Exit,Motorcycle & Car
ACC-200371,JNC-HYD-005,Panjagutta Junction,Hyderabad,Telangana,2018,Fatal,1,2,Fog / Mist,4-Lane Highway Merge,Motorcycle & Car
ACC-200372,JNC-MUM-003,Dadar TT Circle,Mumbai,Maharashtra,2023,Serious,0,3,Fog / Mist,Urban Intersection,Car & Truck
ACC-200373,JNC-HYD-005,Panjagutta Junction,Hyderabad,Telangana,2020,Fatal,2,3,Heavy Rain,Flyover Exit,Pedestrian & Motorcycle
ACC-200374,JNC-MAA-004,Kathipara Junction,Chennai,Tamil Nadu,2018,Serious,0,2,Clear,Urban Intersection,Auto-rickshaw & Bus
ACC-200375,JNC-MAA-004,Kathipara Junction,Chennai,Tamil Nadu,2021,Fatal,3,4,Fog / Mist,Urban Intersection,Car & Truck
ACC-200376,JNC-PNQ-007,Chandani Chowk Junction,Pune,Maharashtra,2018,Serious,0,3,Clear,4-Lane Highway Merge,Auto-rickshaw & Bus
ACC-200377,JNC-BLR-006,Goraguntepalya Junction,Bengaluru,Karnataka,2022,Serious,0,2,Monsoon Pour,Roundabout,Motorcycle & Bus
ACC-200378,JNC-HYD-005,Panjagutta Junction,Hyderabad,Telangana,2023,Serious,0,1,Clear,Roundabout,Pedestrian & Motorcycle
ACC-200379,JNC-MAA-004,Kathipara Junction,Chennai,Tamil Nadu,2022,Serious,0,2,Monsoon Pour,Roundabout,Car & Truck
ACC-200380,JNC-MAA-004,Kathipara Junction,Chennai,Tamil Nadu,2020,Serious,0,1,Fog / Mist,Urban Intersection,Car & Car
ACC-200381,JNC-DEL-002,ITO Crossing,New Delhi,Delhi,2020,Fatal,1,0,Fog / Mist,Urban Intersection,Car & Car
ACC-200382,JNC-HYD-005,Panjagutta Junction,Hyderabad,Telangana,2021,Minor,0,1,Fog / Mist,Flyover Exit,Motorcycle & Bus
ACC-200383,JNC-DEL-002,ITO Crossing,New Delhi,Delhi,2019,Minor,0,1,Clear,Urban Intersection,Pedestrian & Motorcycle
ACC-200384,JNC-BLR-001,Silk Board Junction,Bengaluru,Karnataka,2019,Fatal,1,2,Clear,4-Lane Highway Merge,Car & Truck
ACC-200385,JNC-MUM-003,Dadar TT Circle,Mumbai,Maharashtra,2019,Serious,0,3,Heavy Rain,Urban Intersection,Motorcycle & Bus
ACC-200386,JNC-BLR-006,Goraguntepalya Junction,Bengaluru,Karnataka,2020,Minor,0,0,Heavy Rain,Flyover Exit,Pedestrian & Motorcycle
ACC-200387,JNC-MAA-004,Kathipara Junction,Chennai,Tamil Nadu,2019,Serious,0,3,Clear,4-Lane Highway Merge,Auto-rickshaw & Bus
ACC-200388,JNC-BLR-001,Silk Board Junction,Bengaluru,Karnataka,2020,Minor,0,0,Clear,Roundabout,Pedestrian & Motorcycle
ACC-200389,JNC-BLR-001,Silk Board Junction,Bengaluru,Karnataka,2022,Serious,0,2,Fog / Mist,4-Lane Highway Merge,Motorcycle & Bus
ACC-200390,JNC-HYD-005,Panjagutta Junction,Hyderabad,Telangana,2022,Minor,0,0,Fog / Mist,Roundabout,Car & Truck
ACC-200391,JNC-MUM-003,Dadar TT Circle,Mumbai,Maharashtra,2020,Serious,0,2,Clear,Flyover Exit,Pedestrian & Motorcycle
ACC-200392,JNC-MUM-003,Dadar TT Circle,Mumbai,Maharashtra,2020,Serious,0,3,Clear,Flyover Exit,Motorcycle & Bus
ACC-200393,JNC-BLR-001,Silk Board Junction,Bengaluru,Karnataka,2023,Minor,0,0,Clear,4-Lane Highway Merge,Car & Truck
ACC-200394,JNC-PNQ-007,Chandani Chowk Junction,Pune,Maharashtra,2020,Minor,0,0,Fog / Mist,4-Lane Highway Merge,Car & Car
ACC-200395,JNC-HYD-005,Panjagutta Junction,Hyderabad,Telangana,2020,Serious,0,1,Clear,Roundabout,Auto-rickshaw & Bus
ACC-200396,JNC-BLR-001,Silk Board Junction,Bengaluru,Karnataka,2023,Fatal,1,0,Clear,Flyover Exit,Auto-rickshaw & Bus
ACC-200397,JNC-DEL-002,ITO Crossing,New Delhi,Delhi,2020,Fatal,1,2,Heavy Rain,4-Lane Highway Merge,Auto-rickshaw & Bus
ACC-200398,JNC-BLR-001,Silk Board Junction,Bengaluru,Karnataka,2021,Minor,0,0,Clear,Urban Intersection,Motorcycle & Bus
ACC-200399,JNC-PNQ-007,Chandani Chowk Junction,Pune,Maharashtra,2022,Minor,0,1,Clear,Roundabout,Car & Truck
ACC-200400,JNC-PNQ-007,Chandani Chowk Junction,Pune,Maharashtra,2019,Serious,0,1,Clear,Flyover Exit,Pedestrian & Motorcycle
ACC-200401,JNC-MUM-003,Dadar TT Circle,Mumbai,Maharashtra,2018,Minor,0,0,Fog / Mist,Flyover Exit,Car & Truck
ACC-200402,JNC-BLR-006,Goraguntepalya Junction,Bengaluru,Karnataka,2018,Fatal,3,3,Fog / Mist,Urban Intersection,Motorcycle & Bus
ACC-200403,JNC-DEL-002,ITO Crossing,New Delhi,Delhi,2021,Serious,0,1,Heavy Rain,Flyover Exit,Motorcycle & Bus
ACC-200404,JNC-HYD-005,Panjagutta Junction,Hyderabad,Telangana,2021,Minor,0,1,Clear,Urban Intersection,Auto-rickshaw & Bus
ACC-200405,JNC-MUM-003,Dadar TT Circle,Mumbai,Maharashtra,2023,Serious,0,2,Clear,4-Lane Highway Merge,Motorcycle & Bus
ACC-200406,JNC-DEL-002,ITO Crossing,New Delhi,Delhi,2023,Fatal,1,1,Clear,Flyover Exit,Car & Car
ACC-200407,JNC-BLR-001,Silk Board Junction,Bengaluru,Karnataka,2020,Serious,0,1,Clear,4-Lane Highway Merge,Motorcycle & Bus
ACC-200408,JNC-MAA-004,Kathipara Junction,Chennai,Tamil Nadu,2023,Serious,0,1,Clear,4-Lane Highway Merge,Pedestrian & Motorcycle
ACC-200409,JNC-MUM-003,Dadar TT Circle,Mumbai,Maharashtra,2018,Fatal,2,2,Fog / Mist,4-Lane Highway Merge,Motorcycle & Car
ACC-200410,JNC-MUM-003,Dadar TT Circle,Mumbai,Maharashtra,2022,Serious,0,2,Clear,Urban Intersection,Car & Car
ACC-200411,JNC-DEL-002,ITO Crossing,New Delhi,Delhi,2022,Serious,0,1,Clear,Roundabout,Car & Truck
ACC-200412,JNC-MUM-003,Dadar TT Circle,Mumbai,Maharashtra,2018,Fatal,3,2,Clear,Roundabout,Car & Car
ACC-200413,JNC-BLR-001,Silk Board Junction,Bengaluru,Karnataka,2021,Minor,0,1,Fog / Mist,4-Lane Highway Merge,Pedestrian & Motorcycle
ACC-200414,JNC-MAA-004,Kathipara Junction,Chennai,Tamil Nadu,2018,Minor,0,0,Monsoon Pour,4-Lane Highway Merge,Motorcycle & Bus
ACC-200415,JNC-MAA-004,Kathipara Junction,Chennai,Tamil Nadu,2023,Serious,0,3,Clear,Flyover Exit,Motorcycle & Car
ACC-200416,JNC-DEL-002,ITO Crossing,New Delhi,Delhi,2021,Serious,0,3,Heavy Rain,4-Lane Highway Merge,Car & Truck
ACC-200417,JNC-MUM-003,Dadar TT Circle,Mumbai,Maharashtra,2021,Minor,0,1,Clear,Roundabout,Motorcycle & Bus
ACC-200418,JNC-BLR-006,Goraguntepalya Junction,Bengaluru,Karnataka,2022,Minor,0,1,Fog / Mist,4-Lane Highway Merge,Motorcycle & Car
ACC-200419,JNC-MUM-003,Dadar TT Circle,Mumbai,Maharashtra,2020,Minor,0,0,Clear,Roundabout,Auto-rickshaw & Bus
ACC-200420,JNC-MAA-004,Kathipara Junction,Chennai,Tamil Nadu,2022,Minor,0,1,Fog / Mist,Urban Intersection,Motorcycle & Car
ACC-200421,JNC-BLR-001,Silk Board Junction,Bengaluru,Karnataka,2023,Serious,0,3,Clear,4-Lane Highway Merge,Motorcycle & Car
ACC-200422,JNC-BLR-006,Goraguntepalya Junction,Bengaluru,Karnataka,2023,Serious,0,3,Clear,Flyover Exit,Motorcycle & Bus
ACC-200423,JNC-BLR-001,Silk Board Junction,Bengaluru,Karnataka,2022,Minor,0,1,Clear,4-Lane Highway Merge,Motorcycle & Bus
ACC-200424,JNC-DEL-002,ITO Crossing,New Delhi,Delhi,2019,Serious,0,2,Clear,Roundabout,Auto-rickshaw & Bus
ACC-200425,JNC-MUM-003,Dadar TT Circle,Mumbai,Maharashtra,2018,Serious,0,3,Heavy Rain,Urban Intersection,Car & Truck
ACC-200426,JNC-MAA-004,Kathipara Junction,Chennai,Tamil Nadu,2021,Serious,0,3,Clear,Flyover Exit,Pedestrian & Motorcycle
ACC-200427,JNC-MAA-004,Kathipara Junction,Chennai,Tamil Nadu,2022,Minor,0,0,Monsoon Pour,Roundabout,Pedestrian & Motorcycle
ACC-200428,JNC-MUM-003,Dadar TT Circle,Mumbai,Maharashtra,2019,Serious,0,3,Clear,Roundabout,Car & Car
ACC-200429,JNC-MUM-003,Dadar TT Circle,Mumbai,Maharashtra,2018,Minor,0,0,Clear,Flyover Exit,Auto-rickshaw & Bus
ACC-200430,JNC-MUM-003,Dadar TT Circle,Mumbai,Maharashtra,2023,Serious,0,1,Clear,4-Lane Highway Merge,Car & Car
ACC-200431,JNC-BLR-001,Silk Board Junction,Bengaluru,Karnataka,2020,Serious,0,1,Clear,Roundabout,Car & Car
ACC-200432,JNC-BLR-001,Silk Board Junction,Bengaluru,Karnataka,2020,Fatal,2,2,Clear,4-Lane Highway Merge,Car & Car
ACC-200433,JNC-BLR-001,Silk Board Junction,Bengaluru,Karnataka,2019,Fatal,2,3,Clear,Roundabout,Car & Car
ACC-200434,JNC-MAA-004,Kathipara Junction,Chennai,Tamil Nadu,2021,Serious,0,1,Clear,Roundabout,Car & Car
ACC-200435,JNC-DEL-002,ITO Crossing,New Delhi,Delhi,2022,Minor,0,1,Clear,4-Lane Highway Merge,Motorcycle & Bus
ACC-200436,JNC-MUM-003,Dadar TT Circle,Mumbai,Maharashtra,2019,Fatal,1,2,Fog / Mist,Roundabout,Motorcycle & Car
ACC-200437,JNC-BLR-006,Goraguntepalya Junction,Bengaluru,Karnataka,2022,Fatal,1,4,Clear,Flyover Exit,Pedestrian & Motorcycle
ACC-200438,JNC-PNQ-007,Chandani Chowk Junction,Pune,Maharashtra,2021,Serious,0,3,Clear,Roundabout,Pedestrian & Motorcycle
ACC-200439,JNC-MAA-004,Kathipara Junction,Chennai,Tamil Nadu,2020,Fatal,1,0,Heavy Rain,Urban Intersection,Car & Car
ACC-200440,JNC-MUM-003,Dadar TT Circle,Mumbai,Maharashtra,2019,Serious,0,3,Clear,Flyover Exit,Pedestrian & Motorcycle
ACC-200441,JNC-MUM-003,Dadar TT Circle,Mumbai,Maharashtra,2021,Minor,0,0,Monsoon Pour,4-Lane Highway Merge,Motorcycle & Car
ACC-200442,JNC-HYD-005,Panjagutta Junction,Hyderabad,Telangana,2022,Serious,0,2,Clear,Roundabout,Auto-rickshaw & Bus
ACC-200443,JNC-BLR-001,Silk Board Junction,Bengaluru,Karnataka,2021,Serious,0,2,Monsoon Pour,4-Lane Highway Merge,Car & Truck
ACC-200444,JNC-MUM-003,Dadar TT Circle,Mumbai,Maharashtra,2021,Serious,0,2,Heavy Rain,Urban Intersection,Auto-rickshaw & Bus
ACC-200445,JNC-DEL-002,ITO Crossing,New Delhi,Delhi,2018,Serious,0,3,Clear,Roundabout,Motorcycle & Bus
ACC-200446,JNC-DEL-002,ITO Crossing,New Delhi,Delhi,2018,Minor,0,1,Clear,Flyover Exit,Car & Truck
ACC-200447,JNC-MAA-004,Kathipara Junction,Chennai,Tamil Nadu,2021,Minor,0,0,Clear,4-Lane Highway Merge,Auto-rickshaw & Bus
ACC-200448,JNC-BLR-001,Silk Board Junction,Bengaluru,Karnataka,2018,Minor,0,1,Clear,Roundabout,Car & Car
ACC-200449,JNC-DEL-002,ITO Crossing,New Delhi,Delhi,2022,Serious,0,2,Clear,Roundabout,Motorcycle & Car
ACC-200450,JNC-MUM-003,Dadar TT Circle,Mumbai,Maharashtra,2022,Fatal,3,1,Clear,Urban Intersection,Pedestrian & Motorcycle
ACC-200451,JNC-DEL-002,ITO Crossing,New Delhi,Delhi,2019,Serious,0,3,Clear,4-Lane Highway Merge,Car & Car
ACC-200452,JNC-BLR-001,Silk Board Junction,Bengaluru,Karnataka,2020,Fatal,2,0,Clear,Urban Intersection,Car & Truck
ACC-200453,JNC-HYD-005,Panjagutta Junction,Hyderabad,Telangana,2018,Serious,0,3,Clear,Flyover Exit,Pedestrian & Motorcycle
ACC-200454,JNC-BLR-006,Goraguntepalya Junction,Bengaluru,Karnataka,2018,Minor,0,1,Heavy Rain,Roundabout,Motorcycle & Bus
ACC-200455,JNC-HYD-005,Panjagutta Junction,Hyderabad,Telangana,2023,Serious,0,2,Clear,Roundabout,Car & Truck
ACC-200456,JNC-MUM-003,Dadar TT Circle,Mumbai,Maharashtra,2023,Minor,0,0,Heavy Rain,4-Lane Highway Merge,Pedestrian & Motorcycle
ACC-200457,JNC-BLR-001,Silk Board Junction,Bengaluru,Karnataka,2023,Serious,0,1,Clear,Urban Intersection,Auto-rickshaw & Bus
ACC-200458,JNC-HYD-005,Panjagutta Junction,Hyderabad,Telangana,2021,Fatal,2,4,Heavy Rain,Roundabout,Auto-rickshaw & Bus
ACC-200459,JNC-BLR-006,Goraguntepalya Junction,Bengaluru,Karnataka,2020,Minor,0,1,Clear,Roundabout,Car & Truck
ACC-200460,JNC-BLR-001,Silk Board Junction,Bengaluru,Karnataka,2022,Minor,0,0,Heavy Rain,4-Lane Highway Merge,Pedestrian & Motorcycle
ACC-200461,JNC-MAA-004,Kathipara Junction,Chennai,Tamil Nadu,2022,Serious,0,1,Clear,4-Lane Highway Merge,Car & Car
ACC-200462,JNC-MUM-003,Dadar TT Circle,Mumbai,Maharashtra,2021,Serious,0,2,Clear,Flyover Exit,Car & Car
ACC-200463,JNC-BLR-006,Goraguntepalya Junction,Bengaluru,Karnataka,2023,Serious,0,1,Fog / Mist,Flyover Exit,Motorcycle & Car
ACC-200464,JNC-DEL-002,ITO Crossing,New Delhi,Delhi,2023,Minor,0,1,Heavy Rain,Roundabout,Motorcycle & Bus
ACC-200465,JNC-HYD-005,Panjagutta Junction,Hyderabad,Telangana,2018,Fatal,2,4,Clear,Flyover Exit,Car & Car
ACC-200466,JNC-HYD-005,Panjagutta Junction,Hyderabad,Telangana,2019,Serious,0,2,Clear,4-Lane Highway Merge,Pedestrian & Motorcycle
ACC-200467,JNC-BLR-006,Goraguntepalya Junction,Bengaluru,Karnataka,2018,Serious,0,3,Heavy Rain,Urban Intersection,Auto-rickshaw & Bus
ACC-200468,JNC-MUM-003,Dadar TT Circle,Mumbai,Maharashtra,2019,Minor,0,0,Clear,Urban Intersection,Auto-rickshaw & Bus
ACC-200469,JNC-MAA-004,Kathipara Junction,Chennai,Tamil Nadu,2018,Minor,0,1,Heavy Rain,Flyover Exit,Car & Truck
ACC-200470,JNC-BLR-006,Goraguntepalya Junction,Bengaluru,Karnataka,2019,Fatal,1,4,Fog / Mist,4-Lane Highway Merge,Motorcycle & Bus
ACC-200471,JNC-DEL-002,ITO Crossing,New Delhi,Delhi,2020,Minor,0,0,Monsoon Pour,4-Lane Highway Merge,Pedestrian & Motorcycle
ACC-200472,JNC-MUM-003,Dadar TT Circle,Mumbai,Maharashtra,2020,Serious,0,2,Clear,Urban Intersection,Auto-rickshaw & Bus
ACC-200473,JNC-BLR-006,Goraguntepalya Junction,Bengaluru,Karnataka,2020,Serious,0,2,Heavy Rain,Roundabout,Auto-rickshaw & Bus
ACC-200474,JNC-BLR-001,Silk Board Junction,Bengaluru,Karnataka,2018,Fatal,1,4,Clear,Urban Intersection,Motorcycle & Bus
ACC-200475,JNC-MAA-004,Kathipara Junction,Chennai,Tamil Nadu,2020,Minor,0,1,Clear,4-Lane Highway Merge,Pedestrian & Motorcycle
ACC-200476,JNC-BLR-001,Silk Board Junction,Bengaluru,Karnataka,2018,Fatal,3,3,Heavy Rain,Flyover Exit,Car & Car
ACC-200477,JNC-MAA-004,Kathipara Junction,Chennai,Tamil Nadu,2022,Minor,0,1,Clear,Flyover Exit,Pedestrian & Motorcycle
ACC-200478,JNC-DEL-002,ITO Crossing,New Delhi,Delhi,2020,Serious,0,1,Clear,Urban Intersection,Pedestrian & Motorcycle
ACC-200479,JNC-DEL-002,ITO Crossing,New Delhi,Delhi,2022,Minor,0,0,Clear,Flyover Exit,Motorcycle & Car
ACC-200480,JNC-BLR-001,Silk Board Junction,Bengaluru,Karnataka,2021,Minor,0,0,Clear,Roundabout,Car & Car
ACC-200481,JNC-MUM-003,Dadar TT Circle,Mumbai,Maharashtra,2023,Serious,0,1,Clear,Flyover Exit,Motorcycle & Car
ACC-200482,JNC-MUM-003,Dadar TT Circle,Mumbai,Maharashtra,2023,Minor,0,0,Heavy Rain,Roundabout,Motorcycle & Bus
ACC-200483,JNC-MUM-003,Dadar TT Circle,Mumbai,Maharashtra,2019,Minor,0,1,Clear,Roundabout,Car & Car
ACC-200484,JNC-DEL-002,ITO Crossing,New Delhi,Delhi,2022,Serious,0,1,Clear,Roundabout,Motorcycle & Car
ACC-200485,JNC-BLR-001,Silk Board Junction,Bengaluru,Karnataka,2018,Serious,0,3,Heavy Rain,4-Lane Highway Merge,Auto-rickshaw & Bus
ACC-200486,JNC-BLR-006,Goraguntepalya Junction,Bengaluru,Karnataka,2018,Serious,0,1,Heavy Rain,Flyover Exit,Pedestrian & Motorcycle
ACC-200487,JNC-DEL-002,ITO Crossing,New Delhi,Delhi,2021,Minor,0,0,Clear,Urban Intersection,Motorcycle & Car
ACC-200488,JNC-MUM-003,Dadar TT Circle,Mumbai,Maharashtra,2021,Serious,0,2,Heavy Rain,Flyover Exit,Motorcycle & Bus
ACC-200489,JNC-BLR-001,Silk Board Junction,Bengaluru,Karnataka,2021,Serious,0,3,Heavy Rain,Urban Intersection,Motorcycle & Bus
ACC-200490,JNC-BLR-001,Silk Board Junction,Bengaluru,Karnataka,2019,Fatal,2,0,Heavy Rain,Urban Intersection,Car & Truck
ACC-200491,JNC-MUM-003,Dadar TT Circle,Mumbai,Maharashtra,2020,Minor,0,1,Heavy Rain,Roundabout,Auto-rickshaw & Bus
ACC-200492,JNC-MAA-004,Kathipara Junction,Chennai,Tamil Nadu,2018,Serious,0,2,Clear,Flyover Exit,Motorcycle & Bus
ACC-200493,JNC-BLR-006,Goraguntepalya Junction,Bengaluru,Karnataka,2018,Minor,0,1,Clear,4-Lane Highway Merge,Auto-rickshaw & Bus
ACC-200494,JNC-MAA-004,Kathipara Junction,Chennai,Tamil Nadu,2020,Fatal,1,1,Clear,Urban Intersection,Pedestrian & Motorcycle
ACC-200495,JNC-BLR-006,Goraguntepalya Junction,Bengaluru,Karnataka,2023,Fatal,2,1,Clear,Urban Intersection,Pedestrian & Motorcycle
ACC-200496,JNC-MUM-003,Dadar TT Circle,Mumbai,Maharashtra,2020,Fatal,1,3,Fog / Mist,Flyover Exit,Motorcycle & Bus
ACC-200497,JNC-BLR-001,Silk Board Junction,Bengaluru,Karnataka,2020,Minor,0,0,Clear,Flyover Exit,Car & Car
ACC-200498,JNC-BLR-001,Silk Board Junction,Bengaluru,Karnataka,2021,Minor,0,1,Clear,Roundabout,Motorcycle & Car
ACC-200499,JNC-MUM-003,Dadar TT Circle,Mumbai,Maharashtra,2021,Serious,0,1,Fog / Mist,Roundabout,Car & Car
ACC-200500,JNC-MAA-004,Kathipara Junction,Chennai,Tamil Nadu,2019,Fatal,3,4,Fog / Mist,Urban Intersection,Motorcycle & Bus
ACC-200501,JNC-PNQ-007,Chandani Chowk Junction,Pune,Maharashtra,2022,Minor,0,1,Heavy Rain,4-Lane Highway Merge,Motorcycle & Car
ACC-200502,JNC-MUM-003,Dadar TT Circle,Mumbai,Maharashtra,2021,Serious,0,1,Clear,4-Lane Highway Merge,Car & Truck
ACC-200503,JNC-PNQ-007,Chandani Chowk Junction,Pune,Maharashtra,2019,Minor,0,1,Heavy Rain,4-Lane Highway Merge,Motorcycle & Car
ACC-200504,JNC-HYD-005,Panjagutta Junction,Hyderabad,Telangana,2021,Minor,0,1,Fog / Mist,4-Lane Highway Merge,Motorcycle & Car
ACC-200505,JNC-DEL-002,ITO Crossing,New Delhi,Delhi,2019,Serious,0,3,Clear,Roundabout,Motorcycle & Bus
ACC-200506,JNC-DEL-002,ITO Crossing,New Delhi,Delhi,2021,Serious,0,2,Fog / Mist,Urban Intersection,Car & Truck
ACC-200507,JNC-PNQ-007,Chandani Chowk Junction,Pune,Maharashtra,2018,Fatal,1,0,Heavy Rain,Flyover Exit,Pedestrian & Motorcycle
ACC-200508,JNC-BLR-001,Silk Board Junction,Bengaluru,Karnataka,2020,Minor,0,0,Clear,4-Lane Highway Merge,Motorcycle & Car
ACC-200509,JNC-PNQ-007,Chandani Chowk Junction,Pune,Maharashtra,2022,Serious,0,3,Clear,4-Lane Highway Merge,Motorcycle & Car
ACC-200510,JNC-BLR-006,Goraguntepalya Junction,Bengaluru,Karnataka,2019,Minor,0,1,Clear,Roundabout,Car & Truck
ACC-200511,JNC-HYD-005,Panjagutta Junction,Hyderabad,Telangana,2022,Fatal,1,1,Heavy Rain,4-Lane Highway Merge,Pedestrian & Motorcycle
ACC-200512,JNC-DEL-002,ITO Crossing,New Delhi,Delhi,2020,Serious,0,1,Clear,Urban Intersection,Car & Truck
ACC-200513,JNC-DEL-002,ITO Crossing,New Delhi,Delhi,2021,Serious,0,3,Monsoon Pour,Flyover Exit,Pedestrian & Motorcycle
ACC-200514,JNC-DEL-002,ITO Crossing,New Delhi,Delhi,2021,Minor,0,1,Clear,Flyover Exit,Pedestrian & Motorcycle
ACC-200515,JNC-MUM-003,Dadar TT Circle,Mumbai,Maharashtra,2018,Serious,0,3,Clear,Urban Intersection,Motorcycle & Bus
ACC-200516,JNC-DEL-002,ITO Crossing,New Delhi,Delhi,2019,Minor,0,0,Clear,Roundabout,Car & Truck
ACC-200517,JNC-BLR-006,Goraguntepalya Junction,Bengaluru,Karnataka,2022,Minor,0,0,Heavy Rain,Urban Intersection,Auto-rickshaw & Bus
ACC-200518,JNC-BLR-001,Silk Board Junction,Bengaluru,Karnataka,2018,Serious,0,1,Clear,Roundabout,Pedestrian & Motorcycle
ACC-200519,JNC-BLR-001,Silk Board Junction,Bengaluru,Karnataka,2023,Serious,0,1,Clear,4-Lane Highway Merge,Auto-rickshaw & Bus
ACC-200520,JNC-MUM-003,Dadar TT Circle,Mumbai,Maharashtra,2022,Minor,0,1,Clear,Urban Intersection,Pedestrian & Motorcycle
ACC-200521,JNC-DEL-002,ITO Crossing,New Delhi,Delhi,2020,Minor,0,1,Heavy Rain,Flyover Exit,Auto-rickshaw & Bus
ACC-200522,JNC-BLR-001,Silk Board Junction,Bengaluru,Karnataka,2021,Minor,0,0,Heavy Rain,Urban Intersection,Motorcycle & Car
ACC-200523,JNC-BLR-006,Goraguntepalya Junction,Bengaluru,Karnataka,2022,Minor,0,0,Clear,4-Lane Highway Merge,Car & Car
ACC-200524,JNC-DEL-002,ITO Crossing,New Delhi,Delhi,2023,Serious,0,2,Clear,4-Lane Highway Merge,Motorcycle & Bus
ACC-200525,JNC-DEL-002,ITO Crossing,New Delhi,Delhi,2019,Minor,0,0,Clear,Urban Intersection,Motorcycle & Bus
ACC-200526,JNC-DEL-002,ITO Crossing,New Delhi,Delhi,2019,Serious,0,1,Heavy Rain,Flyover Exit,Motorcycle & Bus
ACC-200527,JNC-BLR-001,Silk Board Junction,Bengaluru,Karnataka,2022,Fatal,1,0,Clear,4-Lane Highway Merge,Motorcycle & Bus
ACC-200528,JNC-DEL-002,ITO Crossing,New Delhi,Delhi,2019,Minor,0,1,Clear,Urban Intersection,Motorcycle & Bus
ACC-200529,JNC-BLR-001,Silk Board Junction,Bengaluru,Karnataka,2019,Minor,0,1,Clear,Urban Intersection,Car & Truck
ACC-200530,JNC-BLR-001,Silk Board Junction,Bengaluru,Karnataka,2018,Serious,0,2,Heavy Rain,4-Lane Highway Merge,Car & Truck
ACC-200531,JNC-BLR-001,Silk Board Junction,Bengaluru,Karnataka,2018,Minor,0,0,Clear,Flyover Exit,Motorcycle & Bus
ACC-200532,JNC-DEL-002,ITO Crossing,New Delhi,Delhi,2019,Fatal,2,0,Clear,Flyover Exit,Car & Truck
ACC-200533,JNC-BLR-001,Silk Board Junction,Bengaluru,Karnataka,2019,Serious,0,2,Clear,Flyover Exit,Car & Truck
ACC-200534,JNC-MUM-003,Dadar TT Circle,Mumbai,Maharashtra,2023,Serious,0,1,Clear,4-Lane Highway Merge,Motorcycle & Bus
ACC-200535,JNC-DEL-002,ITO Crossing,New Delhi,Delhi,2023,Fatal,2,2,Monsoon Pour,Flyover Exit,Car & Truck
ACC-200536,JNC-BLR-006,Goraguntepalya Junction,Bengaluru,Karnataka,2018,Fatal,3,1,Fog / Mist,Roundabout,Motorcycle & Bus
ACC-200537,JNC-HYD-005,Panjagutta Junction,Hyderabad,Telangana,2023,Serious,0,3,Fog / Mist,Roundabout,Car & Truck
ACC-200538,JNC-MAA-004,Kathipara Junction,Chennai,Tamil Nadu,2021,Minor,0,1,Clear,Flyover Exit,Car & Car
ACC-200539,JNC-DEL-002,ITO Crossing,New Delhi,Delhi,2022,Serious,0,1,Monsoon Pour,4-Lane Highway Merge,Motorcycle & Bus
ACC-200540,JNC-BLR-006,Goraguntepalya Junction,Bengaluru,Karnataka,2022,Fatal,3,0,Clear,Flyover Exit,Motorcycle & Bus
ACC-200541,JNC-MAA-004,Kathipara Junction,Chennai,Tamil Nadu,2022,Fatal,2,3,Monsoon Pour,Flyover Exit,Car & Car
ACC-200542,JNC-HYD-005,Panjagutta Junction,Hyderabad,Telangana,2023,Minor,0,1,Heavy Rain,Flyover Exit,Auto-rickshaw & Bus
ACC-200543,JNC-DEL-002,ITO Crossing,New Delhi,Delhi,2019,Minor,0,0,Monsoon Pour,Urban Intersection,Car & Car
ACC-200544,JNC-MUM-003,Dadar TT Circle,Mumbai,Maharashtra,2018,Fatal,2,4,Monsoon Pour,4-Lane Highway Merge,Pedestrian & Motorcycle
ACC-200545,JNC-BLR-001,Silk Board Junction,Bengaluru,Karnataka,2021,Serious,0,3,Clear,Roundabout,Car & Truck
ACC-200546,JNC-MAA-004,Kathipara Junction,Chennai,Tamil Nadu,2019,Serious,0,2,Clear,Urban Intersection,Car & Car
ACC-200547,JNC-PNQ-007,Chandani Chowk Junction,Pune,Maharashtra,2020,Serious,0,3,Clear,Urban Intersection,Auto-rickshaw & Bus
ACC-200548,JNC-DEL-002,ITO Crossing,New Delhi,Delhi,2023,Minor,0,0,Heavy Rain,Roundabout,Motorcycle & Car
ACC-200549,JNC-DEL-002,ITO Crossing,New Delhi,Delhi,2019,Minor,0,1,Clear,Urban Intersection,Motorcycle & Bus
ACC-200550,JNC-HYD-005,Panjagutta Junction,Hyderabad,Telangana,2023,Serious,0,3,Heavy Rain,4-Lane Highway Merge,Auto-rickshaw & Bus
ACC-200551,JNC-BLR-006,Goraguntepalya Junction,Bengaluru,Karnataka,2019,Serious,0,1,Monsoon Pour,Urban Intersection,Car & Truck
ACC-200552,JNC-BLR-006,Goraguntepalya Junction,Bengaluru,Karnataka,2020,Minor,0,1,Heavy Rain,4-Lane Highway Merge,Pedestrian & Motorcycle
ACC-200553,JNC-DEL-002,ITO Crossing,New Delhi,Delhi,2018,Serious,0,3,Clear,Flyover Exit,Car & Truck
ACC-200554,JNC-PNQ-007,Chandani Chowk Junction,Pune,Maharashtra,2021,Minor,0,1,Clear,Flyover Exit,Car & Car
ACC-200555,JNC-PNQ-007,Chandani Chowk Junction,Pune,Maharashtra,2018,Serious,0,3,Clear,Roundabout,Auto-rickshaw & Bus
ACC-200556,JNC-HYD-005,Panjagutta Junction,Hyderabad,Telangana,2018,Serious,0,3,Fog / Mist,Roundabout,Motorcycle & Bus
ACC-200557,JNC-DEL-002,ITO Crossing,New Delhi,Delhi,2020,Serious,0,1,Clear,4-Lane Highway Merge,Motorcycle & Car
ACC-200558,JNC-HYD-005,Panjagutta Junction,Hyderabad,Telangana,2022,Fatal,1,4,Fog / Mist,Flyover Exit,Auto-rickshaw & Bus
ACC-200559,JNC-BLR-001,Silk Board Junction,Bengaluru,Karnataka,2018,Fatal,1,2,Clear,Flyover Exit,Car & Truck
ACC-200560,JNC-MUM-003,Dadar TT Circle,Mumbai,Maharashtra,2020,Fatal,1,2,Heavy Rain,Urban Intersection,Motorcycle & Car
ACC-200561,JNC-BLR-006,Goraguntepalya Junction,Bengaluru,Karnataka,2020,Serious,0,3,Clear,Urban Intersection,Car & Truck
ACC-200562,JNC-MAA-004,Kathipara Junction,Chennai,Tamil Nadu,2018,Serious,0,3,Clear,Roundabout,Car & Car
ACC-200563,JNC-DEL-002,ITO Crossing,New Delhi,Delhi,2018,Fatal,3,0,Clear,Flyover Exit,Auto-rickshaw & Bus
ACC-200564,JNC-BLR-006,Goraguntepalya Junction,Bengaluru,Karnataka,2022,Serious,0,3,Clear,4-Lane Highway Merge,Motorcycle & Car
ACC-200565,JNC-BLR-001,Silk Board Junction,Bengaluru,Karnataka,2021,Minor,0,1,Clear,Flyover Exit,Car & Truck
ACC-200566,JNC-BLR-006,Goraguntepalya Junction,Bengaluru,Karnataka,2021,Serious,0,3,Clear,Roundabout,Motorcycle & Car
ACC-200567,JNC-BLR-001,Silk Board Junction,Bengaluru,Karnataka,2021,Serious,0,3,Clear,Urban Intersection,Auto-rickshaw & Bus
ACC-200568,JNC-BLR-001,Silk Board Junction,Bengaluru,Karnataka,2018,Minor,0,1,Clear,4-Lane Highway Merge,Motorcycle & Bus
ACC-200569,JNC-BLR-006,Goraguntepalya Junction,Bengaluru,Karnataka,2022,Fatal,1,0,Clear,4-Lane Highway Merge,Motorcycle & Car
ACC-200570,JNC-BLR-006,Goraguntepalya Junction,Bengaluru,Karnataka,2022,Minor,0,0,Clear,4-Lane Highway Merge,Motorcycle & Bus
ACC-200571,JNC-DEL-002,ITO Crossing,New Delhi,Delhi,2021,Serious,0,2,Clear,4-Lane Highway Merge,Pedestrian & Motorcycle
ACC-200572,JNC-DEL-002,ITO Crossing,New Delhi,Delhi,2021,Minor,0,0,Clear,Flyover Exit,Pedestrian & Motorcycle
ACC-200573,JNC-DEL-002,ITO Crossing,New Delhi,Delhi,2019,Serious,0,2,Monsoon Pour,4-Lane Highway Merge,Motorcycle & Bus
ACC-200574,JNC-BLR-001,Silk Board Junction,Bengaluru,Karnataka,2018,Fatal,1,2,Clear,4-Lane Highway Merge,Car & Car
ACC-200575,JNC-HYD-005,Panjagutta Junction,Hyderabad,Telangana,2018,Serious,0,3,Clear,Roundabout,Car & Car
ACC-200576,JNC-DEL-002,ITO Crossing,New Delhi,Delhi,2022,Serious,0,2,Clear,Flyover Exit,Pedestrian & Motorcycle
ACC-200577,JNC-BLR-001,Silk Board Junction,Bengaluru,Karnataka,2022,Minor,0,1,Heavy Rain,Urban Intersection,Car & Car
ACC-200578,JNC-MUM-003,Dadar TT Circle,Mumbai,Maharashtra,2023,Fatal,3,1,Fog / Mist,Urban Intersection,Motorcycle & Car
ACC-200579,JNC-MAA-004,Kathipara Junction,Chennai,Tamil Nadu,2020,Serious,0,1,Clear,Roundabout,Car & Car
ACC-200580,JNC-BLR-001,Silk Board Junction,Bengaluru,Karnataka,2023,Serious,0,2,Clear,Flyover Exit,Car & Truck
ACC-200581,JNC-MUM-003,Dadar TT Circle,Mumbai,Maharashtra,2018,Serious,0,3,Heavy Rain,Flyover Exit,Motorcycle & Car
ACC-200582,JNC-BLR-001,Silk Board Junction,Bengaluru,Karnataka,2019,Serious,0,1,Fog / Mist,Urban Intersection,Pedestrian & Motorcycle
ACC-200583,JNC-MUM-003,Dadar TT Circle,Mumbai,Maharashtra,2022,Minor,0,0,Clear,4-Lane Highway Merge,Motorcycle & Car
ACC-200584,JNC-MUM-003,Dadar TT Circle,Mumbai,Maharashtra,2022,Serious,0,1,Heavy Rain,Urban Intersection,Motorcycle & Bus
ACC-200585,JNC-PNQ-007,Chandani Chowk Junction,Pune,Maharashtra,2018,Fatal,1,2,Clear,4-Lane Highway Merge,Car & Truck
ACC-200586,JNC-MUM-003,Dadar TT Circle,Mumbai,Maharashtra,2022,Serious,0,2,Clear,4-Lane Highway Merge,Car & Car
ACC-200587,JNC-HYD-005,Panjagutta Junction,Hyderabad,Telangana,2018,Serious,0,2,Fog / Mist,Roundabout,Auto-rickshaw & Bus
ACC-200588,JNC-DEL-002,ITO Crossing,New Delhi,Delhi,2018,Serious,0,1,Clear,Urban Intersection,Motorcycle & Bus
ACC-200589,JNC-BLR-006,Goraguntepalya Junction,Bengaluru,Karnataka,2020,Fatal,2,0,Fog / Mist,Roundabout,Motorcycle & Car
ACC-200590,JNC-BLR-001,Silk Board Junction,Bengaluru,Karnataka,2023,Serious,0,3,Clear,Flyover Exit,Auto-rickshaw & Bus
ACC-200591,JNC-MUM-003,Dadar TT Circle,Mumbai,Maharashtra,2018,Fatal,2,4,Fog / Mist,Roundabout,Auto-rickshaw & Bus
ACC-200592,JNC-PNQ-007,Chandani Chowk Junction,Pune,Maharashtra,2020,Fatal,3,2,Clear,Urban Intersection,Car & Truck
ACC-200593,JNC-HYD-005,Panjagutta Junction,Hyderabad,Telangana,2021,Serious,0,3,Heavy Rain,Roundabout,Car & Truck
ACC-200594,JNC-DEL-002,ITO Crossing,New Delhi,Delhi,2019,Serious,0,1,Clear,Roundabout,Auto-rickshaw & Bus
ACC-200595,JNC-BLR-001,Silk Board Junction,Bengaluru,Karnataka,2018,Serious,0,1,Heavy Rain,4-Lane Highway Merge,Pedestrian & Motorcycle
ACC-200596,JNC-DEL-002,ITO Crossing,New Delhi,Delhi,2019,Minor,0,0,Heavy Rain,Flyover Exit,Auto-rickshaw & Bus
ACC-200597,JNC-HYD-005,Panjagutta Junction,Hyderabad,Telangana,2021,Fatal,2,4,Clear,Flyover Exit,Car & Truck
ACC-200598,JNC-DEL-002,ITO Crossing,New Delhi,Delhi,2019,Minor,0,0,Clear,Urban Intersection,Motorcycle & Car
ACC-200599,JNC-DEL-002,ITO Crossing,New Delhi,Delhi,2022,Minor,0,1,Clear,Flyover Exit,Car & Truck
ACC-200600,JNC-BLR-001,Silk Board Junction,Bengaluru,Karnataka,2022,Fatal,2,3,Heavy Rain,Roundabout,Motorcycle & Bus
ACC-200601,JNC-MUM-003,Dadar TT Circle,Mumbai,Maharashtra,2019,Serious,0,2,Clear,Urban Intersection,Motorcycle & Bus
ACC-200602,JNC-DEL-002,ITO Crossing,New Delhi,Delhi,2023,Serious,0,3,Monsoon Pour,Urban Intersection,Pedestrian & Motorcycle
ACC-200603,JNC-DEL-002,ITO Crossing,New Delhi,Delhi,2022,Minor,0,0,Heavy Rain,4-Lane Highway Merge,Car & Truck
ACC-200604,JNC-MUM-003,Dadar TT Circle,Mumbai,Maharashtra,2023,Fatal,1,3,Clear,Roundabout,Car & Car
ACC-200605,JNC-HYD-005,Panjagutta Junction,Hyderabad,Telangana,2019,Minor,0,1,Clear,Flyover Exit,Motorcycle & Bus
ACC-200606,JNC-MUM-003,Dadar TT Circle,Mumbai,Maharashtra,2023,Fatal,1,2,Fog / Mist,Flyover Exit,Car & Car
ACC-200607,JNC-MAA-004,Kathipara Junction,Chennai,Tamil Nadu,2023,Serious,0,2,Fog / Mist,Flyover Exit,Pedestrian & Motorcycle
ACC-200608,JNC-DEL-002,ITO Crossing,New Delhi,Delhi,2022,Minor,0,1,Heavy Rain,4-Lane Highway Merge,Car & Car
ACC-200609,JNC-HYD-005,Panjagutta Junction,Hyderabad,Telangana,2023,Fatal,3,4,Heavy Rain,Flyover Exit,Pedestrian & Motorcycle
ACC-200610,JNC-BLR-006,Goraguntepalya Junction,Bengaluru,Karnataka,2022,Serious,0,3,Clear,4-Lane Highway Merge,Pedestrian & Motorcycle
ACC-200611,JNC-BLR-001,Silk Board Junction,Bengaluru,Karnataka,2021,Minor,0,0,Heavy Rain,Roundabout,Car & Car
ACC-200612,JNC-DEL-002,ITO Crossing,New Delhi,Delhi,2022,Serious,0,2,Clear,Flyover Exit,Motorcycle & Car
ACC-200613,JNC-HYD-005,Panjagutta Junction,Hyderabad,Telangana,2021,Fatal,3,2,Clear,Roundabout,Pedestrian & Motorcycle
ACC-200614,JNC-BLR-006,Goraguntepalya Junction,Bengaluru,Karnataka,2019,Serious,0,1,Heavy Rain,Roundabout,Car & Truck
ACC-200615,JNC-MAA-004,Kathipara Junction,Chennai,Tamil Nadu,2022,Serious,0,3,Fog / Mist,Roundabout,Car & Car
ACC-200616,JNC-DEL-002,ITO Crossing,New Delhi,Delhi,2021,Serious,0,3,Clear,4-Lane Highway Merge,Auto-rickshaw & Bus
ACC-200617,JNC-MUM-003,Dadar TT Circle,Mumbai,Maharashtra,2023,Minor,0,1,Monsoon Pour,Urban Intersection,Car & Truck
ACC-200618,JNC-BLR-006,Goraguntepalya Junction,Bengaluru,Karnataka,2022,Minor,0,0,Fog / Mist,Flyover Exit,Car & Truck
ACC-200619,JNC-BLR-001,Silk Board Junction,Bengaluru,Karnataka,2022,Fatal,3,0,Heavy Rain,Urban Intersection,Car & Car
ACC-200620,JNC-BLR-001,Silk Board Junction,Bengaluru,Karnataka,2021,Serious,0,2,Clear,Roundabout,Motorcycle & Bus
ACC-200621,JNC-BLR-006,Goraguntepalya Junction,Bengaluru,Karnataka,2023,Fatal,2,0,Heavy Rain,Roundabout,Auto-rickshaw & Bus
ACC-200622,JNC-MUM-003,Dadar TT Circle,Mumbai,Maharashtra,2021,Minor,0,0,Heavy Rain,Urban Intersection,Car & Car
ACC-200623,JNC-BLR-006,Goraguntepalya Junction,Bengaluru,Karnataka,2019,Serious,0,2,Heavy Rain,Urban Intersection,Motorcycle & Car
ACC-200624,JNC-HYD-005,Panjagutta Junction,Hyderabad,Telangana,2021,Serious,0,2,Heavy Rain,4-Lane Highway Merge,Motorcycle & Car
ACC-200625,JNC-BLR-001,Silk Board Junction,Bengaluru,Karnataka,2021,Minor,0,1,Heavy Rain,Roundabout,Pedestrian & Motorcycle
ACC-200626,JNC-PNQ-007,Chandani Chowk Junction,Pune,Maharashtra,2020,Minor,0,1,Fog / Mist,4-Lane Highway Merge,Car & Truck
ACC-200627,JNC-BLR-001,Silk Board Junction,Bengaluru,Karnataka,2022,Minor,0,0,Heavy Rain,4-Lane Highway Merge,Pedestrian & Motorcycle
ACC-200628,JNC-BLR-001,Silk Board Junction,Bengaluru,Karnataka,2021,Serious,0,1,Monsoon Pour,4-Lane Highway Merge,Motorcycle & Bus
ACC-200629,JNC-BLR-006,Goraguntepalya Junction,Bengaluru,Karnataka,2023,Serious,0,2,Clear,Urban Intersection,Auto-rickshaw & Bus
ACC-200630,JNC-BLR-001,Silk Board Junction,Bengaluru,Karnataka,2020,Serious,0,2,Monsoon Pour,Flyover Exit,Auto-rickshaw & Bus
ACC-200631,JNC-DEL-002,ITO Crossing,New Delhi,Delhi,2021,Minor,0,1,Clear,Flyover Exit,Auto-rickshaw & Bus
ACC-200632,JNC-DEL-002,ITO Crossing,New Delhi,Delhi,2020,Serious,0,1,Clear,Flyover Exit,Motorcycle & Car
ACC-200633,JNC-DEL-002,ITO Crossing,New Delhi,Delhi,2018,Serious,0,1,Clear,4-Lane Highway Merge,Motorcycle & Car
ACC-200634,JNC-HYD-005,Panjagutta Junction,Hyderabad,Telangana,2019,Serious,0,3,Monsoon Pour,Flyover Exit,Car & Car
ACC-200635,JNC-MUM-003,Dadar TT Circle,Mumbai,Maharashtra,2020,Serious,0,2,Clear,Urban Intersection,Motorcycle & Car
ACC-200636,JNC-MUM-003,Dadar TT Circle,Mumbai,Maharashtra,2023,Serious,0,2,Fog / Mist,4-Lane Highway Merge,Motorcycle & Car
ACC-200637,JNC-BLR-006,Goraguntepalya Junction,Bengaluru,Karnataka,2019,Serious,0,2,Clear,4-Lane Highway Merge,Motorcycle & Bus
ACC-200638,JNC-MUM-003,Dadar TT Circle,Mumbai,Maharashtra,2020,Minor,0,0,Fog / Mist,Roundabout,Pedestrian & Motorcycle
ACC-200639,JNC-PNQ-007,Chandani Chowk Junction,Pune,Maharashtra,2018,Minor,0,1,Clear,Urban Intersection,Pedestrian & Motorcycle
ACC-200640,JNC-HYD-005,Panjagutta Junction,Hyderabad,Telangana,2021,Serious,0,3,Heavy Rain,4-Lane Highway Merge,Car & Truck
ACC-200641,JNC-HYD-005,Panjagutta Junction,Hyderabad,Telangana,2021,Serious,0,2,Fog / Mist,4-Lane Highway Merge,Motorcycle & Bus
ACC-200642,JNC-HYD-005,Panjagutta Junction,Hyderabad,Telangana,2023,Serious,0,1,Clear,Urban Intersection,Car & Car
ACC-200643,JNC-BLR-001,Silk Board Junction,Bengaluru,Karnataka,2018,Minor,0,0,Clear,Urban Intersection,Auto-rickshaw & Bus
ACC-200644,JNC-BLR-001,Silk Board Junction,Bengaluru,Karnataka,2020,Fatal,1,1,Fog / Mist,Flyover Exit,Pedestrian & Motorcycle
ACC-200645,JNC-MUM-003,Dadar TT Circle,Mumbai,Maharashtra,2023,Fatal,2,2,Monsoon Pour,Flyover Exit,Car & Truck
ACC-200646,JNC-DEL-002,ITO Crossing,New Delhi,Delhi,2020,Minor,0,0,Clear,Flyover Exit,Motorcycle & Bus
ACC-200647,JNC-BLR-001,Silk Board Junction,Bengaluru,Karnataka,2023,Serious,0,3,Heavy Rain,Flyover Exit,Pedestrian & Motorcycle
ACC-200648,JNC-MAA-004,Kathipara Junction,Chennai,Tamil Nadu,2019,Minor,0,1,Clear,4-Lane Highway Merge,Car & Car
ACC-200649,JNC-DEL-002,ITO Crossing,New Delhi,Delhi,2018,Serious,0,1,Clear,Flyover Exit,Motorcycle & Car
ACC-200650,JNC-BLR-006,Goraguntepalya Junction,Bengaluru,Karnataka,2023,Serious,0,3,Clear,Roundabout,Pedestrian & Motorcycle
ACC-200651,JNC-MUM-003,Dadar TT Circle,Mumbai,Maharashtra,2018,Minor,0,0,Clear,Urban Intersection,Car & Car
ACC-200652,JNC-DEL-002,ITO Crossing,New Delhi,Delhi,2018,Minor,0,0,Heavy Rain,4-Lane Highway Merge,Car & Car
ACC-200653,JNC-BLR-006,Goraguntepalya Junction,Bengaluru,Karnataka,2022,Minor,0,1,Clear,Roundabout,Motorcycle & Bus
ACC-200654,JNC-MUM-003,Dadar TT Circle,Mumbai,Maharashtra,2021,Minor,0,1,Clear,Roundabout,Pedestrian & Motorcycle
ACC-200655,JNC-BLR-001,Silk Board Junction,Bengaluru,Karnataka,2021,Serious,0,1,Clear,Urban Intersection,Motorcycle & Bus
ACC-200656,JNC-HYD-005,Panjagutta Junction,Hyderabad,Telangana,2020,Serious,0,1,Clear,Flyover Exit,Motorcycle & Bus
ACC-200657,JNC-HYD-005,Panjagutta Junction,Hyderabad,Telangana,2018,Serious,0,3,Clear,4-Lane Highway Merge,Car & Truck
ACC-200658,JNC-HYD-005,Panjagutta Junction,Hyderabad,Telangana,2023,Fatal,3,2,Heavy Rain,4-Lane Highway Merge,Motorcycle & Car
ACC-200659,JNC-MAA-004,Kathipara Junction,Chennai,Tamil Nadu,2022,Minor,0,1,Clear,Urban Intersection,Car & Car
ACC-200660,JNC-BLR-001,Silk Board Junction,Bengaluru,Karnataka,2020,Serious,0,1,Clear,Roundabout,Car & Truck
ACC-200661,JNC-DEL-002,ITO Crossing,New Delhi,Delhi,2022,Minor,0,0,Clear,Roundabout,Auto-rickshaw & Bus
ACC-200662,JNC-MUM-003,Dadar TT Circle,Mumbai,Maharashtra,2023,Minor,0,1,Clear,Urban Intersection,Pedestrian & Motorcycle
ACC-200663,JNC-BLR-006,Goraguntepalya Junction,Bengaluru,Karnataka,2021,Serious,0,1,Clear,Urban Intersection,Pedestrian & Motorcycle
ACC-200664,JNC-BLR-001,Silk Board Junction,Bengaluru,Karnataka,2018,Minor,0,0,Clear,Roundabout,Motorcycle & Car
ACC-200665,JNC-DEL-002,ITO Crossing,New Delhi,Delhi,2023,Fatal,3,3,Clear,Urban Intersection,Motorcycle & Bus
ACC-200666,JNC-BLR-006,Goraguntepalya Junction,Bengaluru,Karnataka,2019,Minor,0,1,Clear,Roundabout,Auto-rickshaw & Bus
ACC-200667,JNC-DEL-002,ITO Crossing,New Delhi,Delhi,2023,Serious,0,3,Clear,Urban Intersection,Car & Car
ACC-200668,JNC-BLR-001,Silk Board Junction,Bengaluru,Karnataka,2018,Minor,0,1,Clear,Roundabout,Car & Truck
ACC-200669,JNC-DEL-002,ITO Crossing,New Delhi,Delhi,2020,Minor,0,1,Heavy Rain,Roundabout,Auto-rickshaw & Bus
ACC-200670,JNC-BLR-006,Goraguntepalya Junction,Bengaluru,Karnataka,2021,Serious,0,2,Fog / Mist,Urban Intersection,Auto-rickshaw & Bus
ACC-200671,JNC-HYD-005,Panjagutta Junction,Hyderabad,Telangana,2021,Serious,0,3,Clear,Urban Intersection,Motorcycle & Bus
ACC-200672,JNC-HYD-005,Panjagutta Junction,Hyderabad,Telangana,2020,Serious,0,1,Fog / Mist,Flyover Exit,Car & Car
ACC-200673,JNC-BLR-001,Silk Board Junction,Bengaluru,Karnataka,2022,Serious,0,2,Heavy Rain,Urban Intersection,Motorcycle & Car
ACC-200674,JNC-BLR-001,Silk Board Junction,Bengaluru,Karnataka,2023,Serious,0,1,Clear,Urban Intersection,Motorcycle & Bus
ACC-200675,JNC-BLR-001,Silk Board Junction,Bengaluru,Karnataka,2021,Minor,0,1,Heavy Rain,4-Lane Highway Merge,Auto-rickshaw & Bus
ACC-200676,JNC-BLR-006,Goraguntepalya Junction,Bengaluru,Karnataka,2020,Serious,0,2,Clear,4-Lane Highway Merge,Car & Truck
ACC-200677,JNC-HYD-005,Panjagutta Junction,Hyderabad,Telangana,2022,Fatal,1,4,Clear,4-Lane Highway Merge,Car & Car
ACC-200678,JNC-BLR-001,Silk Board Junction,Bengaluru,Karnataka,2018,Minor,0,1,Heavy Rain,Flyover Exit,Car & Truck
ACC-200679,JNC-MAA-004,Kathipara Junction,Chennai,Tamil Nadu,2021,Serious,0,3,Clear,Roundabout,Pedestrian & Motorcycle
ACC-200680,JNC-BLR-001,Silk Board Junction,Bengaluru,Karnataka,2021,Minor,0,0,Clear,Urban Intersection,Pedestrian & Motorcycle
ACC-200681,JNC-BLR-001,Silk Board Junction,Bengaluru,Karnataka,2019,Fatal,1,3,Clear,Urban Intersection,Pedestrian & Motorcycle
ACC-200682,JNC-MAA-004,Kathipara Junction,Chennai,Tamil Nadu,2018,Fatal,2,1,Fog / Mist,4-Lane Highway Merge,Car & Car
ACC-200683,JNC-MUM-003,Dadar TT Circle,Mumbai,Maharashtra,2022,Minor,0,1,Fog / Mist,4-Lane Highway Merge,Car & Car
ACC-200684,JNC-BLR-001,Silk Board Junction,Bengaluru,Karnataka,2018,Minor,0,1,Clear,Urban Intersection,Car & Truck
ACC-200685,JNC-BLR-001,Silk Board Junction,Bengaluru,Karnataka,2022,Serious,0,1,Clear,4-Lane Highway Merge,Pedestrian & Motorcycle
ACC-200686,JNC-BLR-001,Silk Board Junction,Bengaluru,Karnataka,2021,Fatal,2,1,Heavy Rain,4-Lane Highway Merge,Motorcycle & Car
ACC-200687,JNC-BLR-001,Silk Board Junction,Bengaluru,Karnataka,2022,Serious,0,2,Clear,Flyover Exit,Motorcycle & Car
ACC-200688,JNC-PNQ-007,Chandani Chowk Junction,Pune,Maharashtra,2018,Minor,0,1,Clear,Flyover Exit,Auto-rickshaw & Bus
ACC-200689,JNC-BLR-001,Silk Board Junction,Bengaluru,Karnataka,2020,Minor,0,0,Heavy Rain,4-Lane Highway Merge,Car & Truck
ACC-200690,JNC-DEL-002,ITO Crossing,New Delhi,Delhi,2021,Minor,0,1,Fog / Mist,Flyover Exit,Pedestrian & Motorcycle
ACC-200691,JNC-DEL-002,ITO Crossing,New Delhi,Delhi,2020,Minor,0,0,Clear,4-Lane Highway Merge,Car & Car
ACC-200692,JNC-MAA-004,Kathipara Junction,Chennai,Tamil Nadu,2023,Serious,0,3,Clear,Flyover Exit,Car & Truck
ACC-200693,JNC-BLR-001,Silk Board Junction,Bengaluru,Karnataka,2023,Fatal,2,3,Clear,Urban Intersection,Car & Truck
ACC-200694,JNC-BLR-001,Silk Board Junction,Bengaluru,Karnataka,2020,Serious,0,3,Clear,Flyover Exit,Auto-rickshaw & Bus
ACC-200695,JNC-BLR-006,Goraguntepalya Junction,Bengaluru,Karnataka,2019,Serious,0,3,Clear,Urban Intersection,Motorcycle & Car
ACC-200696,JNC-BLR-001,Silk Board Junction,Bengaluru,Karnataka,2022,Serious,0,2,Fog / Mist,4-Lane Highway Merge,Pedestrian & Motorcycle
ACC-200697,JNC-BLR-001,Silk Board Junction,Bengaluru,Karnataka,2019,Serious,0,1,Fog / Mist,Flyover Exit,Motorcycle & Car
ACC-200698,JNC-BLR-006,Goraguntepalya Junction,Bengaluru,Karnataka,2019,Serious,0,1,Fog / Mist,Urban Intersection,Car & Truck
ACC-200699,JNC-MUM-003,Dadar TT Circle,Mumbai,Maharashtra,2019,Fatal,1,3,Clear,4-Lane Highway Merge,Motorcycle & Bus
ACC-200700,JNC-BLR-001,Silk Board Junction,Bengaluru,Karnataka,2023,Minor,0,0,Monsoon Pour,Flyover Exit,Car & Car
ACC-200701,JNC-HYD-005,Panjagutta Junction,Hyderabad,Telangana,2020,Serious,0,2,Clear,Flyover Exit,Auto-rickshaw & Bus
ACC-200702,JNC-MAA-004,Kathipara Junction,Chennai,Tamil Nadu,2018,Serious,0,3,Monsoon Pour,Roundabout,Motorcycle & Car
ACC-200703,JNC-MAA-004,Kathipara Junction,Chennai,Tamil Nadu,2022,Serious,0,3,Clear,Flyover Exit,Motorcycle & Car
ACC-200704,JNC-BLR-001,Silk Board Junction,Bengaluru,Karnataka,2018,Minor,0,1,Clear,Urban Intersection,Car & Car
ACC-200705,JNC-BLR-001,Silk Board Junction,Bengaluru,Karnataka,2018,Fatal,3,3,Clear,Urban Intersection,Car & Truck
ACC-200706,JNC-BLR-001,Silk Board Junction,Bengaluru,Karnataka,2022,Minor,0,0,Clear,4-Lane Highway Merge,Car & Car
ACC-200707,JNC-BLR-006,Goraguntepalya Junction,Bengaluru,Karnataka,2021,Fatal,2,2,Clear,4-Lane Highway Merge,Car & Truck
ACC-200708,JNC-DEL-002,ITO Crossing,New Delhi,Delhi,2022,Minor,0,1,Clear,Flyover Exit,Car & Truck
ACC-200709,JNC-DEL-002,ITO Crossing,New Delhi,Delhi,2019,Serious,0,1,Heavy Rain,Urban Intersection,Motorcycle & Car
ACC-200710,JNC-BLR-001,Silk Board Junction,Bengaluru,Karnataka,2020,Minor,0,0,Heavy Rain,Roundabout,Car & Car
ACC-200711,JNC-BLR-001,Silk Board Junction,Bengaluru,Karnataka,2021,Serious,0,2,Clear,Roundabout,Pedestrian & Motorcycle
ACC-200712,JNC-DEL-002,ITO Crossing,New Delhi,Delhi,2021,Minor,0,0,Clear,Flyover Exit,Auto-rickshaw & Bus
ACC-200713,JNC-BLR-001,Silk Board Junction,Bengaluru,Karnataka,2021,Serious,0,3,Clear,Urban Intersection,Pedestrian & Motorcycle
ACC-200714,JNC-BLR-006,Goraguntepalya Junction,Bengaluru,Karnataka,2022,Serious,0,3,Clear,Roundabout,Car & Car
ACC-200715,JNC-MUM-003,Dadar TT Circle,Mumbai,Maharashtra,2022,Serious,0,1,Heavy Rain,Flyover Exit,Pedestrian & Motorcycle
ACC-200716,JNC-BLR-001,Silk Board Junction,Bengaluru,Karnataka,2023,Serious,0,2,Clear,Flyover Exit,Motorcycle & Car
ACC-200717,JNC-BLR-001,Silk Board Junction,Bengaluru,Karnataka,2021,Serious,0,3,Heavy Rain,4-Lane Highway Merge,Car & Truck
ACC-200718,JNC-MAA-004,Kathipara Junction,Chennai,Tamil Nadu,2022,Serious,0,3,Clear,Roundabout,Car & Truck
ACC-200719,JNC-DEL-002,ITO Crossing,New Delhi,Delhi,2023,Minor,0,0,Fog / Mist,4-Lane Highway Merge,Auto-rickshaw & Bus
ACC-200720,JNC-BLR-001,Silk Board Junction,Bengaluru,Karnataka,2022,Fatal,2,2,Clear,Urban Intersection,Auto-rickshaw & Bus
ACC-200721,JNC-DEL-002,ITO Crossing,New Delhi,Delhi,2019,Fatal,1,1,Clear,Flyover Exit,Car & Truck
ACC-200722,JNC-BLR-001,Silk Board Junction,Bengaluru,Karnataka,2020,Serious,0,1,Heavy Rain,Roundabout,Pedestrian & Motorcycle
ACC-200723,JNC-HYD-005,Panjagutta Junction,Hyderabad,Telangana,2020,Serious,0,2,Heavy Rain,Flyover Exit,Motorcycle & Bus
ACC-200724,JNC-MUM-003,Dadar TT Circle,Mumbai,Maharashtra,2023,Fatal,3,2,Clear,Roundabout,Pedestrian & Motorcycle
ACC-200725,JNC-HYD-005,Panjagutta Junction,Hyderabad,Telangana,2019,Serious,0,3,Clear,Roundabout,Auto-rickshaw & Bus
ACC-200726,JNC-BLR-001,Silk Board Junction,Bengaluru,Karnataka,2021,Minor,0,0,Clear,Flyover Exit,Auto-rickshaw & Bus
ACC-200727,JNC-BLR-001,Silk Board Junction,Bengaluru,Karnataka,2019,Serious,0,2,Heavy Rain,4-Lane Highway Merge,Car & Truck
ACC-200728,JNC-DEL-002,ITO Crossing,New Delhi,Delhi,2019,Minor,0,1,Heavy Rain,Flyover Exit,Motorcycle & Car
ACC-200729,JNC-MUM-003,Dadar TT Circle,Mumbai,Maharashtra,2023,Serious,0,1,Clear,Urban Intersection,Auto-rickshaw & Bus
ACC-200730,JNC-BLR-006,Goraguntepalya Junction,Bengaluru,Karnataka,2018,Serious,0,1,Heavy Rain,Roundabout,Pedestrian & Motorcycle
ACC-200731,JNC-MAA-004,Kathipara Junction,Chennai,Tamil Nadu,2022,Serious,0,2,Clear,4-Lane Highway Merge,Motorcycle & Car
ACC-200732,JNC-BLR-001,Silk Board Junction,Bengaluru,Karnataka,2018,Minor,0,1,Clear,Urban Intersection,Motorcycle & Bus
ACC-200733,JNC-MAA-004,Kathipara Junction,Chennai,Tamil Nadu,2018,Serious,0,3,Heavy Rain,4-Lane Highway Merge,Car & Truck
ACC-200734,JNC-MUM-003,Dadar TT Circle,Mumbai,Maharashtra,2023,Serious,0,3,Fog / Mist,Urban Intersection,Pedestrian & Motorcycle
ACC-200735,JNC-HYD-005,Panjagutta Junction,Hyderabad,Telangana,2022,Serious,0,1,Clear,4-Lane Highway Merge,Motorcycle & Car
ACC-200736,JNC-MUM-003,Dadar TT Circle,Mumbai,Maharashtra,2022,Serious,0,2,Fog / Mist,Urban Intersection,Auto-rickshaw & Bus
ACC-200737,JNC-BLR-001,Silk Board Junction,Bengaluru,Karnataka,2023,Minor,0,1,Heavy Rain,Roundabout,Pedestrian & Motorcycle
ACC-200738,JNC-BLR-006,Goraguntepalya Junction,Bengaluru,Karnataka,2018,Serious,0,1,Heavy Rain,Urban Intersection,Car & Car
ACC-200739,JNC-DEL-002,ITO Crossing,New Delhi,Delhi,2022,Serious,0,3,Monsoon Pour,4-Lane Highway Merge,Car & Truck
ACC-200740,JNC-MUM-003,Dadar TT Circle,Mumbai,Maharashtra,2023,Minor,0,1,Fog / Mist,Roundabout,Car & Car
ACC-200741,JNC-BLR-001,Silk Board Junction,Bengaluru,Karnataka,2023,Fatal,1,0,Clear,Flyover Exit,Motorcycle & Car
ACC-200742,JNC-DEL-002,ITO Crossing,New Delhi,Delhi,2020,Serious,0,3,Clear,Roundabout,Motorcycle & Bus
ACC-200743,JNC-BLR-001,Silk Board Junction,Bengaluru,Karnataka,2020,Serious,0,3,Clear,Urban Intersection,Pedestrian & Motorcycle
ACC-200744,JNC-PNQ-007,Chandani Chowk Junction,Pune,Maharashtra,2020,Minor,0,0,Clear,4-Lane Highway Merge,Car & Car
ACC-200745,JNC-MAA-004,Kathipara Junction,Chennai,Tamil Nadu,2022,Serious,0,1,Clear,4-Lane Highway Merge,Auto-rickshaw & Bus
ACC-200746,JNC-BLR-001,Silk Board Junction,Bengaluru,Karnataka,2020,Minor,0,1,Clear,4-Lane Highway Merge,Car & Car
ACC-200747,JNC-BLR-006,Goraguntepalya Junction,Bengaluru,Karnataka,2020,Minor,0,0,Fog / Mist,Urban Intersection,Pedestrian & Motorcycle
ACC-200748,JNC-DEL-002,ITO Crossing,New Delhi,Delhi,2018,Serious,0,2,Heavy Rain,Flyover Exit,Car & Truck
ACC-200749,JNC-DEL-002,ITO Crossing,New Delhi,Delhi,2021,Fatal,3,3,Heavy Rain,4-Lane Highway Merge,Auto-rickshaw & Bus
ACC-200750,JNC-HYD-005,Panjagutta Junction,Hyderabad,Telangana,2021,Serious,0,3,Heavy Rain,4-Lane Highway Merge,Car & Truck
ACC-200751,JNC-BLR-001,Silk Board Junction,Bengaluru,Karnataka,2021,Minor,0,1,Clear,4-Lane Highway Merge,Pedestrian & Motorcycle
ACC-200752,JNC-BLR-006,Goraguntepalya Junction,Bengaluru,Karnataka,2020,Serious,0,2,Clear,Roundabout,Motorcycle & Car
ACC-200753,JNC-DEL-002,ITO Crossing,New Delhi,Delhi,2022,Serious,0,3,Fog / Mist,Roundabout,Auto-rickshaw & Bus
ACC-200754,JNC-MUM-003,Dadar TT Circle,Mumbai,Maharashtra,2023,Fatal,2,2,Monsoon Pour,Urban Intersection,Car & Truck
ACC-200755,JNC-DEL-002,ITO Crossing,New Delhi,Delhi,2023,Serious,0,2,Heavy Rain,Flyover Exit,Motorcycle & Bus
ACC-200756,JNC-PNQ-007,Chandani Chowk Junction,Pune,Maharashtra,2020,Fatal,3,2,Fog / Mist,Flyover Exit,Motorcycle & Bus
ACC-200757,JNC-HYD-005,Panjagutta Junction,Hyderabad,Telangana,2023,Serious,0,3,Monsoon Pour,4-Lane Highway Merge,Car & Car
ACC-200758,JNC-HYD-005,Panjagutta Junction,Hyderabad,Telangana,2018,Minor,0,0,Heavy Rain,4-Lane Highway Merge,Auto-rickshaw & Bus
ACC-200759,JNC-MAA-004,Kathipara Junction,Chennai,Tamil Nadu,2020,Minor,0,0,Clear,Roundabout,Auto-rickshaw & Bus
ACC-200760,JNC-BLR-006,Goraguntepalya Junction,Bengaluru,Karnataka,2022,Fatal,3,0,Clear,Urban Intersection,Pedestrian & Motorcycle
ACC-200761,JNC-DEL-002,ITO Crossing,New Delhi,Delhi,2021,Fatal,3,3,Monsoon Pour,Flyover Exit,Car & Car
ACC-200762,JNC-DEL-002,ITO Crossing,New Delhi,Delhi,2022,Minor,0,1,Fog / Mist,Roundabout,Car & Car
ACC-200763,JNC-DEL-002,ITO Crossing,New Delhi,Delhi,2022,Serious,0,2,Clear,Roundabout,Motorcycle & Bus
ACC-200764,JNC-BLR-006,Goraguntepalya Junction,Bengaluru,Karnataka,2023,Fatal,1,0,Clear,4-Lane Highway Merge,Pedestrian & Motorcycle
ACC-200765,JNC-BLR-001,Silk Board Junction,Bengaluru,Karnataka,2020,Serious,0,1,Clear,Flyover Exit,Motorcycle & Car
ACC-200766,JNC-BLR-001,Silk Board Junction,Bengaluru,Karnataka,2021,Fatal,2,3,Heavy Rain,Urban Intersection,Motorcycle & Car
ACC-200767,JNC-BLR-006,Goraguntepalya Junction,Bengaluru,Karnataka,2020,Fatal,3,3,Clear,Roundabout,Car & Truck
ACC-200768,JNC-MUM-003,Dadar TT Circle,Mumbai,Maharashtra,2023,Fatal,1,2,Clear,Roundabout,Auto-rickshaw & Bus
ACC-200769,JNC-MAA-004,Kathipara Junction,Chennai,Tamil Nadu,2023,Minor,0,0,Clear,Urban Intersection,Car & Car
ACC-200770,JNC-DEL-002,ITO Crossing,New Delhi,Delhi,2019,Serious,0,2,Clear,Urban Intersection,Pedestrian & Motorcycle
ACC-200771,JNC-BLR-001,Silk Board Junction,Bengaluru,Karnataka,2022,Fatal,2,1,Monsoon Pour,4-Lane Highway Merge,Car & Car
ACC-200772,JNC-HYD-005,Panjagutta Junction,Hyderabad,Telangana,2023,Serious,0,2,Heavy Rain,4-Lane Highway Merge,Car & Car
ACC-200773,JNC-MAA-004,Kathipara Junction,Chennai,Tamil Nadu,2018,Fatal,2,2,Clear,Urban Intersection,Pedestrian & Motorcycle
ACC-200774,JNC-BLR-001,Silk Board Junction,Bengaluru,Karnataka,2022,Serious,0,2,Clear,Urban Intersection,Auto-rickshaw & Bus
ACC-200775,JNC-BLR-001,Silk Board Junction,Bengaluru,Karnataka,2021,Fatal,3,2,Clear,Urban Intersection,Pedestrian & Motorcycle
ACC-200776,JNC-BLR-006,Goraguntepalya Junction,Bengaluru,Karnataka,2021,Fatal,2,2,Fog / Mist,Urban Intersection,Auto-rickshaw & Bus
ACC-200777,JNC-DEL-002,ITO Crossing,New Delhi,Delhi,2022,Fatal,2,3,Monsoon Pour,Urban Intersection,Motorcycle & Bus
ACC-200778,JNC-DEL-002,ITO Crossing,New Delhi,Delhi,2022,Serious,0,3,Clear,Flyover Exit,Auto-rickshaw & Bus
ACC-200779,JNC-BLR-001,Silk Board Junction,Bengaluru,Karnataka,2018,Serious,0,1,Fog / Mist,4-Lane Highway Merge,Pedestrian & Motorcycle
ACC-200780,JNC-HYD-005,Panjagutta Junction,Hyderabad,Telangana,2020,Serious,0,3,Clear,Roundabout,Pedestrian & Motorcycle
ACC-200781,JNC-BLR-001,Silk Board Junction,Bengaluru,Karnataka,2020,Fatal,1,2,Clear,Roundabout,Car & Car
ACC-200782,JNC-MUM-003,Dadar TT Circle,Mumbai,Maharashtra,2020,Minor,0,1,Fog / Mist,Flyover Exit,Auto-rickshaw & Bus
ACC-200783,JNC-BLR-001,Silk Board Junction,Bengaluru,Karnataka,2020,Fatal,3,4,Monsoon Pour,4-Lane Highway Merge,Auto-rickshaw & Bus
ACC-200784,JNC-DEL-002,ITO Crossing,New Delhi,Delhi,2022,Fatal,3,1,Clear,Flyover Exit,Motorcycle & Bus
ACC-200785,JNC-MAA-004,Kathipara Junction,Chennai,Tamil Nadu,2018,Serious,0,2,Clear,4-Lane Highway Merge,Motorcycle & Bus
ACC-200786,JNC-BLR-006,Goraguntepalya Junction,Bengaluru,Karnataka,2018,Fatal,2,0,Clear,Roundabout,Car & Truck
ACC-200787,JNC-MAA-004,Kathipara Junction,Chennai,Tamil Nadu,2022,Minor,0,1,Monsoon Pour,Roundabout,Car & Car
ACC-200788,JNC-DEL-002,ITO Crossing,New Delhi,Delhi,2020,Fatal,1,3,Heavy Rain,Roundabout,Motorcycle & Bus
ACC-200789,JNC-DEL-002,ITO Crossing,New Delhi,Delhi,2021,Serious,0,2,Monsoon Pour,Flyover Exit,Car & Truck
ACC-200790,JNC-PNQ-007,Chandani Chowk Junction,Pune,Maharashtra,2023,Minor,0,1,Clear,4-Lane Highway Merge,Pedestrian & Motorcycle
ACC-200791,JNC-BLR-001,Silk Board Junction,Bengaluru,Karnataka,2021,Fatal,3,1,Heavy Rain,Roundabout,Pedestrian & Motorcycle
ACC-200792,JNC-MUM-003,Dadar TT Circle,Mumbai,Maharashtra,2021,Fatal,2,0,Heavy Rain,Roundabout,Car & Truck
ACC-200793,JNC-DEL-002,ITO Crossing,New Delhi,Delhi,2019,Minor,0,1,Heavy Rain,Flyover Exit,Motorcycle & Bus
ACC-200794,JNC-MAA-004,Kathipara Junction,Chennai,Tamil Nadu,2020,Minor,0,0,Clear,Roundabout,Motorcycle & Car
ACC-200795,JNC-HYD-005,Panjagutta Junction,Hyderabad,Telangana,2021,Serious,0,3,Clear,Flyover Exit,Car & Truck
ACC-200796,JNC-BLR-001,Silk Board Junction,Bengaluru,Karnataka,2023,Fatal,2,2,Clear,Roundabout,Car & Car
ACC-200797,JNC-DEL-002,ITO Crossing,New Delhi,Delhi,2021,Minor,0,1,Heavy Rain,Roundabout,Auto-rickshaw & Bus
ACC-200798,JNC-PNQ-007,Chandani Chowk Junction,Pune,Maharashtra,2021,Minor,0,1,Fog / Mist,Flyover Exit,Pedestrian & Motorcycle
ACC-200799,JNC-PNQ-007,Chandani Chowk Junction,Pune,Maharashtra,2018,Serious,0,3,Heavy Rain,Roundabout,Car & Truck
ACC-200800,JNC-DEL-002,ITO Crossing,New Delhi,Delhi,2023,Minor,0,1,Heavy Rain,4-Lane Highway Merge,Pedestrian & Motorcycle
ACC-200801,JNC-MUM-003,Dadar TT Circle,Mumbai,Maharashtra,2020,Serious,0,2,Clear,Roundabout,Car & Truck
ACC-200802,JNC-DEL-002,ITO Crossing,New Delhi,Delhi,2019,Fatal,3,2,Heavy Rain,4-Lane Highway Merge,Motorcycle & Bus
ACC-200803,JNC-HYD-005,Panjagutta Junction,Hyderabad,Telangana,2019,Serious,0,1,Clear,Roundabout,Auto-rickshaw & Bus
ACC-200804,JNC-DEL-002,ITO Crossing,New Delhi,Delhi,2022,Fatal,1,1,Clear,Urban Intersection,Motorcycle & Bus
ACC-200805,JNC-MUM-003,Dadar TT Circle,Mumbai,Maharashtra,2018,Serious,0,2,Clear,Urban Intersection,Motorcycle & Car
ACC-200806,JNC-BLR-006,Goraguntepalya Junction,Bengaluru,Karnataka,2022,Serious,0,3,Heavy Rain,4-Lane Highway Merge,Auto-rickshaw & Bus
ACC-200807,JNC-DEL-002,ITO Crossing,New Delhi,Delhi,2022,Serious,0,1,Clear,4-Lane Highway Merge,Motorcycle & Bus
ACC-200808,JNC-BLR-006,Goraguntepalya Junction,Bengaluru,Karnataka,2020,Serious,0,2,Heavy Rain,Roundabout,Car & Truck
ACC-200809,JNC-MAA-004,Kathipara Junction,Chennai,Tamil Nadu,2023,Minor,0,0,Clear,4-Lane Highway Merge,Motorcycle & Car
ACC-200810,JNC-BLR-001,Silk Board Junction,Bengaluru,Karnataka,2019,Serious,0,1,Heavy Rain,4-Lane Highway Merge,Motorcycle & Car
ACC-200811,JNC-BLR-001,Silk Board Junction,Bengaluru,Karnataka,2018,Fatal,3,1,Heavy Rain,4-Lane Highway Merge,Auto-rickshaw & Bus
ACC-200812,JNC-MUM-003,Dadar TT Circle,Mumbai,Maharashtra,2021,Serious,0,3,Clear,Roundabout,Motorcycle & Bus
ACC-200813,JNC-DEL-002,ITO Crossing,New Delhi,Delhi,2019,Minor,0,1,Clear,4-Lane Highway Merge,Auto-rickshaw & Bus
ACC-200814,JNC-HYD-005,Panjagutta Junction,Hyderabad,Telangana,2022,Serious,0,2,Fog / Mist,4-Lane Highway Merge,Pedestrian & Motorcycle
ACC-200815,JNC-BLR-001,Silk Board Junction,Bengaluru,Karnataka,2022,Minor,0,0,Clear,Roundabout,Car & Car
ACC-200816,JNC-BLR-001,Silk Board Junction,Bengaluru,Karnataka,2023,Serious,0,3,Fog / Mist,Urban Intersection,Pedestrian & Motorcycle
ACC-200817,JNC-BLR-001,Silk Board Junction,Bengaluru,Karnataka,2022,Minor,0,1,Fog / Mist,4-Lane Highway Merge,Auto-rickshaw & Bus
ACC-200818,JNC-MUM-003,Dadar TT Circle,Mumbai,Maharashtra,2023,Serious,0,3,Heavy Rain,Flyover Exit,Pedestrian & Motorcycle
ACC-200819,JNC-BLR-006,Goraguntepalya Junction,Bengaluru,Karnataka,2023,Serious,0,1,Heavy Rain,4-Lane Highway Merge,Motorcycle & Car
ACC-200820,JNC-DEL-002,ITO Crossing,New Delhi,Delhi,2018,Fatal,1,4,Clear,Flyover Exit,Motorcycle & Car
ACC-200821,JNC-HYD-005,Panjagutta Junction,Hyderabad,Telangana,2020,Serious,0,2,Clear,Flyover Exit,Pedestrian & Motorcycle
ACC-200822,JNC-BLR-001,Silk Board Junction,Bengaluru,Karnataka,2020,Fatal,2,0,Clear,4-Lane Highway Merge,Auto-rickshaw & Bus
ACC-200823,JNC-BLR-006,Goraguntepalya Junction,Bengaluru,Karnataka,2023,Fatal,2,3,Clear,Roundabout,Motorcycle & Bus
ACC-200824,JNC-BLR-001,Silk Board Junction,Bengaluru,Karnataka,2023,Fatal,2,3,Heavy Rain,Roundabout,Motorcycle & Car
ACC-200825,JNC-MUM-003,Dadar TT Circle,Mumbai,Maharashtra,2022,Minor,0,0,Heavy Rain,Flyover Exit,Motorcycle & Bus
ACC-200826,JNC-BLR-006,Goraguntepalya Junction,Bengaluru,Karnataka,2019,Minor,0,0,Clear,Roundabout,Motorcycle & Bus
ACC-200827,JNC-MAA-004,Kathipara Junction,Chennai,Tamil Nadu,2020,Serious,0,3,Clear,Flyover Exit,Car & Truck
ACC-200828,JNC-BLR-001,Silk Board Junction,Bengaluru,Karnataka,2022,Fatal,2,4,Heavy Rain,Roundabout,Car & Car
ACC-200829,JNC-BLR-006,Goraguntepalya Junction,Bengaluru,Karnataka,2020,Minor,0,1,Heavy Rain,Roundabout,Motorcycle & Bus
ACC-200830,JNC-PNQ-007,Chandani Chowk Junction,Pune,Maharashtra,2022,Minor,0,1,Heavy Rain,Roundabout,Car & Truck
ACC-200831,JNC-MAA-004,Kathipara Junction,Chennai,Tamil Nadu,2022,Fatal,3,0,Clear,Urban Intersection,Auto-rickshaw & Bus
ACC-200832,JNC-BLR-001,Silk Board Junction,Bengaluru,Karnataka,2020,Minor,0,0,Heavy Rain,Roundabout,Auto-rickshaw & Bus
ACC-200833,JNC-MUM-003,Dadar TT Circle,Mumbai,Maharashtra,2020,Serious,0,3,Heavy Rain,Flyover Exit,Car & Truck
ACC-200834,JNC-HYD-005,Panjagutta Junction,Hyderabad,Telangana,2023,Serious,0,2,Heavy Rain,4-Lane Highway Merge,Pedestrian & Motorcycle
ACC-200835,JNC-DEL-002,ITO Crossing,New Delhi,Delhi,2018,Serious,0,3,Heavy Rain,Urban Intersection,Car & Car
ACC-200836,JNC-DEL-002,ITO Crossing,New Delhi,Delhi,2023,Serious,0,2,Heavy Rain,Flyover Exit,Car & Truck
ACC-200837,JNC-MAA-004,Kathipara Junction,Chennai,Tamil Nadu,2022,Serious,0,1,Clear,Urban Intersection,Auto-rickshaw & Bus
ACC-200838,JNC-MUM-003,Dadar TT Circle,Mumbai,Maharashtra,2018,Fatal,3,3,Clear,4-Lane Highway Merge,Motorcycle & Car
ACC-200839,JNC-BLR-001,Silk Board Junction,Bengaluru,Karnataka,2022,Fatal,1,0,Clear,Flyover Exit,Car & Truck
ACC-200840,JNC-BLR-001,Silk Board Junction,Bengaluru,Karnataka,2018,Serious,0,1,Heavy Rain,4-Lane Highway Merge,Auto-rickshaw & Bus
ACC-200841,JNC-DEL-002,ITO Crossing,New Delhi,Delhi,2022,Minor,0,0,Fog / Mist,Urban Intersection,Motorcycle & Bus
ACC-200842,JNC-BLR-001,Silk Board Junction,Bengaluru,Karnataka,2019,Fatal,1,1,Heavy Rain,4-Lane Highway Merge,Motorcycle & Bus
ACC-200843,JNC-DEL-002,ITO Crossing,New Delhi,Delhi,2021,Fatal,3,0,Heavy Rain,4-Lane Highway Merge,Pedestrian & Motorcycle
ACC-200844,JNC-BLR-006,Goraguntepalya Junction,Bengaluru,Karnataka,2019,Fatal,2,1,Clear,Urban Intersection,Car & Truck
ACC-200845,JNC-BLR-001,Silk Board Junction,Bengaluru,Karnataka,2019,Minor,0,0,Clear,Flyover Exit,Auto-rickshaw & Bus
ACC-200846,JNC-MUM-003,Dadar TT Circle,Mumbai,Maharashtra,2019,Fatal,3,0,Heavy Rain,4-Lane Highway Merge,Auto-rickshaw & Bus
ACC-200847,JNC-BLR-006,Goraguntepalya Junction,Bengaluru,Karnataka,2023,Serious,0,3,Heavy Rain,Flyover Exit,Motorcycle & Bus
ACC-200848,JNC-DEL-002,ITO Crossing,New Delhi,Delhi,2019,Serious,0,1,Clear,Roundabout,Pedestrian & Motorcycle
ACC-200849,JNC-MUM-003,Dadar TT Circle,Mumbai,Maharashtra,2019,Minor,0,0,Clear,Urban Intersection,Motorcycle & Car
ACC-200850,JNC-BLR-001,Silk Board Junction,Bengaluru,Karnataka,2019,Minor,0,1,Clear,Urban Intersection,Motorcycle & Bus
ACC-200851,JNC-BLR-006,Goraguntepalya Junction,Bengaluru,Karnataka,2018,Minor,0,0,Clear,Urban Intersection,Car & Car
ACC-200852,JNC-BLR-006,Goraguntepalya Junction,Bengaluru,Karnataka,2021,Minor,0,1,Fog / Mist,Flyover Exit,Auto-rickshaw & Bus
ACC-200853,JNC-BLR-006,Goraguntepalya Junction,Bengaluru,Karnataka,2023,Minor,0,1,Clear,Flyover Exit,Car & Truck
ACC-200854,JNC-DEL-002,ITO Crossing,New Delhi,Delhi,2018,Serious,0,3,Clear,4-Lane Highway Merge,Car & Car
ACC-200855,JNC-PNQ-007,Chandani Chowk Junction,Pune,Maharashtra,2023,Serious,0,1,Clear,4-Lane Highway Merge,Car & Car
ACC-200856,JNC-BLR-001,Silk Board Junction,Bengaluru,Karnataka,2019,Serious,0,2,Heavy Rain,Roundabout,Car & Car
ACC-200857,JNC-BLR-006,Goraguntepalya Junction,Bengaluru,Karnataka,2020,Serious,0,3,Clear,Urban Intersection,Car & Truck
ACC-200858,JNC-HYD-005,Panjagutta Junction,Hyderabad,Telangana,2018,Minor,0,0,Clear,4-Lane Highway Merge,Car & Truck
ACC-200859,JNC-MUM-003,Dadar TT Circle,Mumbai,Maharashtra,2022,Minor,0,1,Clear,Urban Intersection,Motorcycle & Car
ACC-200860,JNC-MUM-003,Dadar TT Circle,Mumbai,Maharashtra,2018,Minor,0,1,Fog / Mist,4-Lane Highway Merge,Car & Truck
ACC-200861,JNC-BLR-006,Goraguntepalya Junction,Bengaluru,Karnataka,2021,Serious,0,3,Fog / Mist,4-Lane Highway Merge,Auto-rickshaw & Bus
ACC-200862,JNC-HYD-005,Panjagutta Junction,Hyderabad,Telangana,2020,Minor,0,1,Clear,4-Lane Highway Merge,Auto-rickshaw & Bus
ACC-200863,JNC-HYD-005,Panjagutta Junction,Hyderabad,Telangana,2018,Serious,0,2,Clear,Urban Intersection,Car & Car
ACC-200864,JNC-HYD-005,Panjagutta Junction,Hyderabad,Telangana,2023,Serious,0,3,Monsoon Pour,4-Lane Highway Merge,Auto-rickshaw & Bus
ACC-200865,JNC-PNQ-007,Chandani Chowk Junction,Pune,Maharashtra,2018,Fatal,1,2,Monsoon Pour,4-Lane Highway Merge,Motorcycle & Car
ACC-200866,JNC-HYD-005,Panjagutta Junction,Hyderabad,Telangana,2018,Serious,0,2,Clear,Urban Intersection,Pedestrian & Motorcycle
ACC-200867,JNC-DEL-002,ITO Crossing,New Delhi,Delhi,2020,Fatal,2,0,Monsoon Pour,Roundabout,Car & Truck
ACC-200868,JNC-BLR-006,Goraguntepalya Junction,Bengaluru,Karnataka,2019,Minor,0,0,Clear,Urban Intersection,Auto-rickshaw & Bus
ACC-200869,JNC-MAA-004,Kathipara Junction,Chennai,Tamil Nadu,2019,Fatal,2,3,Heavy Rain,Flyover Exit,Motorcycle & Bus
ACC-200870,JNC-DEL-002,ITO Crossing,New Delhi,Delhi,2020,Serious,0,2,Heavy Rain,Flyover Exit,Motorcycle & Bus
ACC-200871,JNC-MUM-003,Dadar TT Circle,Mumbai,Maharashtra,2023,Minor,0,0,Clear,Roundabout,Motorcycle & Car
ACC-200872,JNC-MUM-003,Dadar TT Circle,Mumbai,Maharashtra,2021,Serious,0,1,Clear,Roundabout,Auto-rickshaw & Bus
ACC-200873,JNC-BLR-001,Silk Board Junction,Bengaluru,Karnataka,2019,Serious,0,2,Heavy Rain,Flyover Exit,Car & Truck
ACC-200874,JNC-BLR-001,Silk Board Junction,Bengaluru,Karnataka,2018,Fatal,2,0,Clear,4-Lane Highway Merge,Motorcycle & Bus
ACC-200875,JNC-BLR-001,Silk Board Junction,Bengaluru,Karnataka,2018,Serious,0,1,Clear,4-Lane Highway Merge,Pedestrian & Motorcycle
ACC-200876,JNC-MUM-003,Dadar TT Circle,Mumbai,Maharashtra,2023,Fatal,3,4,Clear,Roundabout,Pedestrian & Motorcycle
ACC-200877,JNC-MUM-003,Dadar TT Circle,Mumbai,Maharashtra,2022,Minor,0,1,Clear,4-Lane Highway Merge,Pedestrian & Motorcycle
ACC-200878,JNC-DEL-002,ITO Crossing,New Delhi,Delhi,2018,Minor,0,0,Clear,Urban Intersection,Car & Truck
ACC-200879,JNC-HYD-005,Panjagutta Junction,Hyderabad,Telangana,2020,Fatal,1,2,Clear,4-Lane Highway Merge,Car & Truck
ACC-200880,JNC-BLR-001,Silk Board Junction,Bengaluru,Karnataka,2019,Serious,0,2,Clear,4-Lane Highway Merge,Motorcycle & Car
ACC-200881,JNC-BLR-006,Goraguntepalya Junction,Bengaluru,Karnataka,2020,Serious,0,2,Heavy Rain,Flyover Exit,Motorcycle & Bus
ACC-200882,JNC-DEL-002,ITO Crossing,New Delhi,Delhi,2020,Serious,0,3,Fog / Mist,Flyover Exit,Auto-rickshaw & Bus
ACC-200883,JNC-HYD-005,Panjagutta Junction,Hyderabad,Telangana,2023,Serious,0,2,Clear,Flyover Exit,Pedestrian & Motorcycle
ACC-200884,JNC-HYD-005,Panjagutta Junction,Hyderabad,Telangana,2018,Fatal,2,1,Heavy Rain,Roundabout,Auto-rickshaw & Bus
ACC-200885,JNC-MAA-004,Kathipara Junction,Chennai,Tamil Nadu,2021,Fatal,1,2,Clear,Urban Intersection,Motorcycle & Bus
ACC-200886,JNC-HYD-005,Panjagutta Junction,Hyderabad,Telangana,2022,Serious,0,3,Monsoon Pour,4-Lane Highway Merge,Motorcycle & Car
ACC-200887,JNC-PNQ-007,Chandani Chowk Junction,Pune,Maharashtra,2023,Minor,0,0,Fog / Mist,Flyover Exit,Motorcycle & Bus
ACC-200888,JNC-HYD-005,Panjagutta Junction,Hyderabad,Telangana,2023,Serious,0,2,Clear,Flyover Exit,Auto-rickshaw & Bus
ACC-200889,JNC-BLR-001,Silk Board Junction,Bengaluru,Karnataka,2019,Minor,0,0,Clear,4-Lane Highway Merge,Car & Car
ACC-200890,JNC-BLR-001,Silk Board Junction,Bengaluru,Karnataka,2019,Fatal,3,2,Clear,Flyover Exit,Motorcycle & Car
ACC-200891,JNC-BLR-006,Goraguntepalya Junction,Bengaluru,Karnataka,2023,Serious,0,2,Monsoon Pour,Urban Intersection,Car & Car
ACC-200892,JNC-MUM-003,Dadar TT Circle,Mumbai,Maharashtra,2021,Fatal,3,4,Clear,Roundabout,Car & Truck
ACC-200893,JNC-DEL-002,ITO Crossing,New Delhi,Delhi,2020,Minor,0,0,Heavy Rain,Roundabout,Pedestrian & Motorcycle
ACC-200894,JNC-BLR-001,Silk Board Junction,Bengaluru,Karnataka,2020,Fatal,3,4,Clear,Roundabout,Car & Truck
ACC-200895,JNC-BLR-001,Silk Board Junction,Bengaluru,Karnataka,2018,Serious,0,1,Fog / Mist,Urban Intersection,Motorcycle & Car
ACC-200896,JNC-MAA-004,Kathipara Junction,Chennai,Tamil Nadu,2020,Serious,0,3,Heavy Rain,Flyover Exit,Car & Car
ACC-200897,JNC-MUM-003,Dadar TT Circle,Mumbai,Maharashtra,2023,Serious,0,2,Heavy Rain,4-Lane Highway Merge,Car & Truck
ACC-200898,JNC-DEL-002,ITO Crossing,New Delhi,Delhi,2020,Serious,0,3,Heavy Rain,4-Lane Highway Merge,Motorcycle & Car
ACC-200899,JNC-DEL-002,ITO Crossing,New Delhi,Delhi,2023,Minor,0,1,Heavy Rain,Urban Intersection,Auto-rickshaw & Bus
ACC-200900,JNC-HYD-005,Panjagutta Junction,Hyderabad,Telangana,2019,Fatal,1,2,Clear,4-Lane Highway Merge,Auto-rickshaw & Bus
ACC-200901,JNC-MUM-003,Dadar TT Circle,Mumbai,Maharashtra,2019,Serious,0,1,Heavy Rain,4-Lane Highway Merge,Auto-rickshaw & Bus
ACC-200902,JNC-DEL-002,ITO Crossing,New Delhi,Delhi,2021,Fatal,1,1,Clear,4-Lane Highway Merge,Auto-rickshaw & Bus
ACC-200903,JNC-DEL-002,ITO Crossing,New Delhi,Delhi,2021,Minor,0,0,Clear,Urban Intersection,Car & Car
ACC-200904,JNC-BLR-006,Goraguntepalya Junction,Bengaluru,Karnataka,2022,Serious,0,2,Monsoon Pour,Urban Intersection,Car & Car
ACC-200905,JNC-MUM-003,Dadar TT Circle,Mumbai,Maharashtra,2019,Fatal,3,1,Heavy Rain,4-Lane Highway Merge,Car & Car
ACC-200906,JNC-MAA-004,Kathipara Junction,Chennai,Tamil Nadu,2023,Serious,0,1,Clear,Flyover Exit,Auto-rickshaw & Bus
ACC-200907,JNC-BLR-001,Silk Board Junction,Bengaluru,Karnataka,2021,Serious,0,3,Clear,4-Lane Highway Merge,Auto-rickshaw & Bus
ACC-200908,JNC-DEL-002,ITO Crossing,New Delhi,Delhi,2019,Serious,0,3,Heavy Rain,4-Lane Highway Merge,Auto-rickshaw & Bus
ACC-200909,JNC-DEL-002,ITO Crossing,New Delhi,Delhi,2022,Minor,0,0,Clear,4-Lane Highway Merge,Motorcycle & Car
ACC-200910,JNC-DEL-002,ITO Crossing,New Delhi,Delhi,2018,Serious,0,3,Fog / Mist,4-Lane Highway Merge,Car & Car
ACC-200911,JNC-MAA-004,Kathipara Junction,Chennai,Tamil Nadu,2023,Serious,0,1,Fog / Mist,4-Lane Highway Merge,Motorcycle & Car
ACC-200912,JNC-DEL-002,ITO Crossing,New Delhi,Delhi,2018,Minor,0,1,Heavy Rain,4-Lane Highway Merge,Pedestrian & Motorcycle
ACC-200913,JNC-HYD-005,Panjagutta Junction,Hyderabad,Telangana,2021,Minor,0,1,Clear,Roundabout,Motorcycle & Car
ACC-200914,JNC-HYD-005,Panjagutta Junction,Hyderabad,Telangana,2023,Fatal,2,4,Clear,Urban Intersection,Motorcycle & Bus
ACC-200915,JNC-MUM-003,Dadar TT Circle,Mumbai,Maharashtra,2019,Serious,0,1,Clear,Roundabout,Motorcycle & Car
ACC-200916,JNC-MUM-003,Dadar TT Circle,Mumbai,Maharashtra,2019,Serious,0,2,Clear,Flyover Exit,Motorcycle & Car
ACC-200917,JNC-DEL-002,ITO Crossing,New Delhi,Delhi,2023,Minor,0,0,Heavy Rain,Urban Intersection,Motorcycle & Car
ACC-200918,JNC-MUM-003,Dadar TT Circle,Mumbai,Maharashtra,2023,Minor,0,1,Clear,4-Lane Highway Merge,Pedestrian & Motorcycle
ACC-200919,JNC-BLR-001,Silk Board Junction,Bengaluru,Karnataka,2021,Serious,0,1,Clear,Roundabout,Motorcycle & Car
ACC-200920,JNC-MUM-003,Dadar TT Circle,Mumbai,Maharashtra,2021,Minor,0,0,Heavy Rain,Flyover Exit,Pedestrian & Motorcycle
ACC-200921,JNC-DEL-002,ITO Crossing,New Delhi,Delhi,2021,Serious,0,2,Monsoon Pour,Roundabout,Pedestrian & Motorcycle
ACC-200922,JNC-MUM-003,Dadar TT Circle,Mumbai,Maharashtra,2022,Fatal,3,4,Clear,Flyover Exit,Car & Car
ACC-200923,JNC-HYD-005,Panjagutta Junction,Hyderabad,Telangana,2021,Minor,0,0,Clear,4-Lane Highway Merge,Auto-rickshaw & Bus
ACC-200924,JNC-DEL-002,ITO Crossing,New Delhi,Delhi,2022,Serious,0,1,Clear,Flyover Exit,Pedestrian & Motorcycle
ACC-200925,JNC-BLR-006,Goraguntepalya Junction,Bengaluru,Karnataka,2023,Serious,0,3,Clear,Urban Intersection,Motorcycle & Car
ACC-200926,JNC-HYD-005,Panjagutta Junction,Hyderabad,Telangana,2019,Serious,0,2,Clear,Urban Intersection,Car & Car
ACC-200927,JNC-DEL-002,ITO Crossing,New Delhi,Delhi,2018,Fatal,1,4,Monsoon Pour,Urban Intersection,Car & Truck
ACC-200928,JNC-HYD-005,Panjagutta Junction,Hyderabad,Telangana,2023,Serious,0,1,Clear,Roundabout,Motorcycle & Car
ACC-200929,JNC-DEL-002,ITO Crossing,New Delhi,Delhi,2021,Minor,0,1,Heavy Rain,4-Lane Highway Merge,Auto-rickshaw & Bus
ACC-200930,JNC-BLR-001,Silk Board Junction,Bengaluru,Karnataka,2022,Serious,0,1,Fog / Mist,Roundabout,Car & Truck
ACC-200931,JNC-MUM-003,Dadar TT Circle,Mumbai,Maharashtra,2018,Serious,0,1,Heavy Rain,4-Lane Highway Merge,Motorcycle & Bus
ACC-200932,JNC-BLR-001,Silk Board Junction,Bengaluru,Karnataka,2019,Minor,0,1,Monsoon Pour,Flyover Exit,Pedestrian & Motorcycle
ACC-200933,JNC-DEL-002,ITO Crossing,New Delhi,Delhi,2018,Fatal,2,0,Clear,Roundabout,Car & Truck
ACC-200934,JNC-MUM-003,Dadar TT Circle,Mumbai,Maharashtra,2023,Fatal,1,3,Heavy Rain,4-Lane Highway Merge,Auto-rickshaw & Bus
ACC-200935,JNC-MUM-003,Dadar TT Circle,Mumbai,Maharashtra,2019,Minor,0,1,Heavy Rain,Roundabout,Car & Truck
ACC-200936,JNC-MUM-003,Dadar TT Circle,Mumbai,Maharashtra,2018,Minor,0,1,Clear,4-Lane Highway Merge,Car & Truck
ACC-200937,JNC-MUM-003,Dadar TT Circle,Mumbai,Maharashtra,2023,Serious,0,3,Heavy Rain,Urban Intersection,Motorcycle & Car
ACC-200938,JNC-BLR-006,Goraguntepalya Junction,Bengaluru,Karnataka,2021,Fatal,3,4,Clear,Roundabout,Auto-rickshaw & Bus
ACC-200939,JNC-BLR-001,Silk Board Junction,Bengaluru,Karnataka,2023,Serious,0,3,Fog / Mist,Flyover Exit,Pedestrian & Motorcycle
ACC-200940,JNC-DEL-002,ITO Crossing,New Delhi,Delhi,2018,Serious,0,1,Heavy Rain,4-Lane Highway Merge,Motorcycle & Car
ACC-200941,JNC-BLR-001,Silk Board Junction,Bengaluru,Karnataka,2021,Serious,0,3,Clear,Roundabout,Motorcycle & Bus
ACC-200942,JNC-BLR-001,Silk Board Junction,Bengaluru,Karnataka,2021,Serious,0,2,Clear,Urban Intersection,Motorcycle & Car
ACC-200943,JNC-DEL-002,ITO Crossing,New Delhi,Delhi,2022,Serious,0,2,Heavy Rain,Flyover Exit,Car & Truck
ACC-200944,JNC-MUM-003,Dadar TT Circle,Mumbai,Maharashtra,2018,Minor,0,0,Heavy Rain,Urban Intersection,Pedestrian & Motorcycle
ACC-200945,JNC-BLR-001,Silk Board Junction,Bengaluru,Karnataka,2018,Minor,0,0,Clear,Flyover Exit,Pedestrian & Motorcycle
ACC-200946,JNC-BLR-006,Goraguntepalya Junction,Bengaluru,Karnataka,2020,Fatal,2,0,Clear,Flyover Exit,Motorcycle & Bus
ACC-200947,JNC-MUM-003,Dadar TT Circle,Mumbai,Maharashtra,2020,Serious,0,2,Clear,Roundabout,Car & Car
ACC-200948,JNC-BLR-006,Goraguntepalya Junction,Bengaluru,Karnataka,2019,Serious,0,3,Clear,Urban Intersection,Auto-rickshaw & Bus
ACC-200949,JNC-MUM-003,Dadar TT Circle,Mumbai,Maharashtra,2023,Minor,0,0,Clear,Urban Intersection,Car & Car
ACC-200950,JNC-PNQ-007,Chandani Chowk Junction,Pune,Maharashtra,2020,Serious,0,1,Heavy Rain,Urban Intersection,Pedestrian & Motorcycle
ACC-200951,JNC-DEL-002,ITO Crossing,New Delhi,Delhi,2020,Minor,0,0,Clear,Roundabout,Auto-rickshaw & Bus
ACC-200952,JNC-DEL-002,ITO Crossing,New Delhi,Delhi,2022,Minor,0,1,Monsoon Pour,Roundabout,Car & Car
ACC-200953,JNC-DEL-002,ITO Crossing,New Delhi,Delhi,2022,Serious,0,1,Clear,Urban Intersection,Car & Truck
ACC-200954,JNC-BLR-006,Goraguntepalya Junction,Bengaluru,Karnataka,2023,Fatal,2,2,Clear,4-Lane Highway Merge,Car & Truck
ACC-200955,JNC-DEL-002,ITO Crossing,New Delhi,Delhi,2023,Minor,0,0,Clear,Urban Intersection,Pedestrian & Motorcycle
ACC-200956,JNC-PNQ-007,Chandani Chowk Junction,Pune,Maharashtra,2018,Minor,0,1,Clear,Urban Intersection,Motorcycle & Bus
ACC-200957,JNC-BLR-006,Goraguntepalya Junction,Bengaluru,Karnataka,2021,Minor,0,0,Clear,Roundabout,Car & Car
ACC-200958,JNC-DEL-002,ITO Crossing,New Delhi,Delhi,2019,Minor,0,1,Clear,Urban Intersection,Car & Truck
ACC-200959,JNC-BLR-001,Silk Board Junction,Bengaluru,Karnataka,2018,Minor,0,1,Clear,Roundabout,Auto-rickshaw & Bus
ACC-200960,JNC-MUM-003,Dadar TT Circle,Mumbai,Maharashtra,2022,Serious,0,3,Clear,Flyover Exit,Auto-rickshaw & Bus
ACC-200961,JNC-BLR-001,Silk Board Junction,Bengaluru,Karnataka,2018,Minor,0,1,Clear,Roundabout,Car & Car
ACC-200962,JNC-BLR-001,Silk Board Junction,Bengaluru,Karnataka,2023,Serious,0,2,Clear,Flyover Exit,Motorcycle & Car
ACC-200963,JNC-MAA-004,Kathipara Junction,Chennai,Tamil Nadu,2018,Serious,0,2,Monsoon Pour,Urban Intersection,Auto-rickshaw & Bus
ACC-200964,JNC-BLR-001,Silk Board Junction,Bengaluru,Karnataka,2023,Serious,0,1,Fog / Mist,Urban Intersection,Car & Truck
ACC-200965,JNC-PNQ-007,Chandani Chowk Junction,Pune,Maharashtra,2022,Serious,0,2,Fog / Mist,Flyover Exit,Motorcycle & Bus
ACC-200966,JNC-BLR-006,Goraguntepalya Junction,Bengaluru,Karnataka,2019,Serious,0,2,Clear,Flyover Exit,Auto-rickshaw & Bus
ACC-200967,JNC-BLR-001,Silk Board Junction,Bengaluru,Karnataka,2021,Minor,0,0,Clear,4-Lane Highway Merge,Auto-rickshaw & Bus
ACC-200968,JNC-BLR-006,Goraguntepalya Junction,Bengaluru,Karnataka,2021,Fatal,2,3,Monsoon Pour,Urban Intersection,Motorcycle & Car
ACC-200969,JNC-DEL-002,ITO Crossing,New Delhi,Delhi,2023,Serious,0,1,Clear,Urban Intersection,Motorcycle & Bus
ACC-200970,JNC-HYD-005,Panjagutta Junction,Hyderabad,Telangana,2021,Serious,0,3,Heavy Rain,Urban Intersection,Motorcycle & Car
ACC-200971,JNC-MUM-003,Dadar TT Circle,Mumbai,Maharashtra,2019,Serious,0,2,Fog / Mist,Urban Intersection,Car & Car
ACC-200972,JNC-BLR-006,Goraguntepalya Junction,Bengaluru,Karnataka,2019,Serious,0,3,Clear,Urban Intersection,Car & Truck
ACC-200973,JNC-BLR-001,Silk Board Junction,Bengaluru,Karnataka,2021,Serious,0,1,Heavy Rain,Flyover Exit,Motorcycle & Car
ACC-200974,JNC-BLR-001,Silk Board Junction,Bengaluru,Karnataka,2018,Serious,0,3,Clear,Urban Intersection,Motorcycle & Bus
ACC-200975,JNC-BLR-001,Silk Board Junction,Bengaluru,Karnataka,2020,Fatal,2,3,Fog / Mist,Roundabout,Car & Truck
ACC-200976,JNC-DEL-002,ITO Crossing,New Delhi,Delhi,2022,Fatal,2,2,Clear,Flyover Exit,Motorcycle & Bus
ACC-200977,JNC-HYD-005,Panjagutta Junction,Hyderabad,Telangana,2021,Minor,0,0,Clear,4-Lane Highway Merge,Auto-rickshaw & Bus
ACC-200978,JNC-DEL-002,ITO Crossing,New Delhi,Delhi,2020,Serious,0,2,Clear,Flyover Exit,Motorcycle & Car
ACC-200979,JNC-DEL-002,ITO Crossing,New Delhi,Delhi,2020,Minor,0,1,Clear,Roundabout,Car & Truck
ACC-200980,JNC-DEL-002,ITO Crossing,New Delhi,Delhi,2019,Minor,0,0,Heavy Rain,Roundabout,Pedestrian & Motorcycle
ACC-200981,JNC-BLR-001,Silk Board Junction,Bengaluru,Karnataka,2022,Serious,0,1,Fog / Mist,4-Lane Highway Merge,Motorcycle & Bus
ACC-200982,JNC-HYD-005,Panjagutta Junction,Hyderabad,Telangana,2022,Fatal,1,1,Heavy Rain,Roundabout,Pedestrian & Motorcycle
ACC-200983,JNC-MUM-003,Dadar TT Circle,Mumbai,Maharashtra,2019,Minor,0,0,Clear,Roundabout,Pedestrian & Motorcycle
ACC-200984,JNC-MUM-003,Dadar TT Circle,Mumbai,Maharashtra,2019,Minor,0,0,Clear,4-Lane Highway Merge,Motorcycle & Car
ACC-200985,JNC-DEL-002,ITO Crossing,New Delhi,Delhi,2018,Serious,0,3,Monsoon Pour,Roundabout,Car & Car
ACC-200986,JNC-HYD-005,Panjagutta Junction,Hyderabad,Telangana,2020,Serious,0,2,Fog / Mist,Urban Intersection,Auto-rickshaw & Bus
ACC-200987,JNC-BLR-001,Silk Board Junction,Bengaluru,Karnataka,2021,Fatal,1,0,Heavy Rain,Urban Intersection,Motorcycle & Car
ACC-200988,JNC-MUM-003,Dadar TT Circle,Mumbai,Maharashtra,2019,Serious,0,1,Fog / Mist,Roundabout,Motorcycle & Car
ACC-200989,JNC-DEL-002,ITO Crossing,New Delhi,Delhi,2020,Minor,0,1,Clear,Flyover Exit,Car & Car
ACC-200990,JNC-MUM-003,Dadar TT Circle,Mumbai,Maharashtra,2019,Minor,0,1,Heavy Rain,Flyover Exit,Car & Truck
ACC-200991,JNC-BLR-006,Goraguntepalya Junction,Bengaluru,Karnataka,2021,Minor,0,0,Heavy Rain,4-Lane Highway Merge,Car & Truck
ACC-200992,JNC-DEL-002,ITO Crossing,New Delhi,Delhi,2022,Fatal,3,1,Fog / Mist,Roundabout,Car & Car
ACC-200993,JNC-DEL-002,ITO Crossing,New Delhi,Delhi,2021,Serious,0,3,Clear,Flyover Exit,Car & Truck
ACC-200994,JNC-HYD-005,Panjagutta Junction,Hyderabad,Telangana,2022,Minor,0,1,Clear,Flyover Exit,Car & Car
ACC-200995,JNC-DEL-002,ITO Crossing,New Delhi,Delhi,2022,Minor,0,0,Monsoon Pour,Roundabout,Car & Truck
ACC-200996,JNC-BLR-001,Silk Board Junction,Bengaluru,Karnataka,2023,Minor,0,0,Clear,Roundabout,Motorcycle & Car
ACC-200997,JNC-BLR-006,Goraguntepalya Junction,Bengaluru,Karnataka,2020,Serious,0,3,Heavy Rain,Roundabout,Car & Car
ACC-200998,JNC-MUM-003,Dadar TT Circle,Mumbai,Maharashtra,2020,Fatal,2,3,Heavy Rain,Urban Intersection,Pedestrian & Motorcycle
ACC-200999,JNC-BLR-006,Goraguntepalya Junction,Bengaluru,Karnataka,2019,Serious,0,1,Monsoon Pour,Urban Intersection,Auto-rickshaw & Bus
ACC-201000,JNC-DEL-002,ITO Crossing,New Delhi,Delhi,2022,Fatal,2,0,Monsoon Pour,4-Lane Highway Merge,Car & Car
ACC-201001,JNC-HYD-005,Panjagutta Junction,Hyderabad,Telangana,2022,Serious,0,2,Clear,Urban Intersection,Pedestrian & Motorcycle
ACC-201002,JNC-BLR-001,Silk Board Junction,Bengaluru,Karnataka,2020,Fatal,1,2,Fog / Mist,Roundabout,Pedestrian & Motorcycle
ACC-201003,JNC-DEL-002,ITO Crossing,New Delhi,Delhi,2020,Fatal,2,2,Fog / Mist,Urban Intersection,Car & Car
ACC-201004,JNC-DEL-002,ITO Crossing,New Delhi,Delhi,2023,Minor,0,1,Clear,4-Lane Highway Merge,Car & Car
ACC-201005,JNC-BLR-001,Silk Board Junction,Bengaluru,Karnataka,2020,Serious,0,1,Heavy Rain,Flyover Exit,Motorcycle & Car
ACC-201006,JNC-MAA-004,Kathipara Junction,Chennai,Tamil Nadu,2019,Serious,0,1,Clear,Urban Intersection,Motorcycle & Car
ACC-201007,JNC-MUM-003,Dadar TT Circle,Mumbai,Maharashtra,2021,Fatal,2,4,Clear,Roundabout,Motorcycle & Bus
ACC-201008,JNC-BLR-006,Goraguntepalya Junction,Bengaluru,Karnataka,2023,Fatal,2,4,Clear,4-Lane Highway Merge,Motorcycle & Bus
ACC-201009,JNC-MUM-003,Dadar TT Circle,Mumbai,Maharashtra,2022,Fatal,3,0,Heavy Rain,Flyover Exit,Pedestrian & Motorcycle
ACC-201010,JNC-MAA-004,Kathipara Junction,Chennai,Tamil Nadu,2019,Serious,0,3,Heavy Rain,Urban Intersection,Motorcycle & Bus
ACC-201011,JNC-HYD-005,Panjagutta Junction,Hyderabad,Telangana,2020,Minor,0,1,Clear,4-Lane Highway Merge,Car & Car
ACC-201012,JNC-DEL-002,ITO Crossing,New Delhi,Delhi,2023,Serious,0,2,Heavy Rain,Urban Intersection,Motorcycle & Car
ACC-201013,JNC-MAA-004,Kathipara Junction,Chennai,Tamil Nadu,2019,Fatal,1,3,Fog / Mist,Flyover Exit,Auto-rickshaw & Bus
ACC-201014,JNC-MAA-004,Kathipara Junction,Chennai,Tamil Nadu,2018,Serious,0,1,Clear,Urban Intersection,Motorcycle & Bus
ACC-201015,JNC-BLR-001,Silk Board Junction,Bengaluru,Karnataka,2023,Minor,0,1,Clear,Flyover Exit,Pedestrian & Motorcycle
ACC-201016,JNC-BLR-006,Goraguntepalya Junction,Bengaluru,Karnataka,2018,Fatal,2,2,Monsoon Pour,Flyover Exit,Car & Truck
ACC-201017,JNC-MAA-004,Kathipara Junction,Chennai,Tamil Nadu,2023,Minor,0,0,Heavy Rain,Roundabout,Motorcycle & Bus
ACC-201018,JNC-HYD-005,Panjagutta Junction,Hyderabad,Telangana,2020,Minor,0,0,Clear,Urban Intersection,Car & Truck
ACC-201019,JNC-DEL-002,ITO Crossing,New Delhi,Delhi,2018,Serious,0,3,Fog / Mist,Roundabout,Car & Truck
ACC-201020,JNC-DEL-002,ITO Crossing,New Delhi,Delhi,2018,Minor,0,0,Monsoon Pour,Urban Intersection,Motorcycle & Bus
ACC-201021,JNC-MAA-004,Kathipara Junction,Chennai,Tamil Nadu,2021,Serious,0,1,Monsoon Pour,Flyover Exit,Pedestrian & Motorcycle
ACC-201022,JNC-DEL-002,ITO Crossing,New Delhi,Delhi,2020,Serious,0,2,Clear,Roundabout,Motorcycle & Bus
ACC-201023,JNC-MUM-003,Dadar TT Circle,Mumbai,Maharashtra,2020,Minor,0,1,Clear,Flyover Exit,Car & Truck
ACC-201024,JNC-HYD-005,Panjagutta Junction,Hyderabad,Telangana,2022,Fatal,1,1,Clear,4-Lane Highway Merge,Motorcycle & Car
ACC-201025,JNC-MUM-003,Dadar TT Circle,Mumbai,Maharashtra,2022,Fatal,3,4,Clear,4-Lane Highway Merge,Motorcycle & Bus
ACC-201026,JNC-BLR-006,Goraguntepalya Junction,Bengaluru,Karnataka,2020,Minor,0,1,Clear,Urban Intersection,Auto-rickshaw & Bus
ACC-201027,JNC-BLR-001,Silk Board Junction,Bengaluru,Karnataka,2023,Minor,0,0,Clear,Urban Intersection,Car & Truck
ACC-201028,JNC-HYD-005,Panjagutta Junction,Hyderabad,Telangana,2020,Serious,0,3,Fog / Mist,Flyover Exit,Auto-rickshaw & Bus
ACC-201029,JNC-MAA-004,Kathipara Junction,Chennai,Tamil Nadu,2023,Serious,0,3,Heavy Rain,Urban Intersection,Motorcycle & Car
ACC-201030,JNC-DEL-002,ITO Crossing,New Delhi,Delhi,2020,Fatal,1,1,Heavy Rain,4-Lane Highway Merge,Auto-rickshaw & Bus
ACC-201031,JNC-BLR-001,Silk Board Junction,Bengaluru,Karnataka,2018,Serious,0,1,Heavy Rain,Urban Intersection,Motorcycle & Bus
ACC-201032,JNC-DEL-002,ITO Crossing,New Delhi,Delhi,2019,Fatal,1,3,Heavy Rain,4-Lane Highway Merge,Motorcycle & Bus
ACC-201033,JNC-BLR-006,Goraguntepalya Junction,Bengaluru,Karnataka,2020,Serious,0,3,Fog / Mist,Urban Intersection,Car & Car
ACC-201034,JNC-BLR-001,Silk Board Junction,Bengaluru,Karnataka,2019,Minor,0,1,Fog / Mist,4-Lane Highway Merge,Motorcycle & Bus
ACC-201035,JNC-BLR-001,Silk Board Junction,Bengaluru,Karnataka,2021,Serious,0,1,Monsoon Pour,4-Lane Highway Merge,Auto-rickshaw & Bus
ACC-201036,JNC-HYD-005,Panjagutta Junction,Hyderabad,Telangana,2022,Fatal,3,4,Monsoon Pour,Flyover Exit,Motorcycle & Bus
ACC-201037,JNC-DEL-002,ITO Crossing,New Delhi,Delhi,2023,Fatal,1,2,Clear,4-Lane Highway Merge,Car & Car
ACC-201038,JNC-BLR-001,Silk Board Junction,Bengaluru,Karnataka,2019,Minor,0,1,Clear,Roundabout,Pedestrian & Motorcycle
ACC-201039,JNC-BLR-006,Goraguntepalya Junction,Bengaluru,Karnataka,2020,Minor,0,0,Clear,Urban Intersection,Motorcycle & Bus
ACC-201040,JNC-MAA-004,Kathipara Junction,Chennai,Tamil Nadu,2021,Minor,0,1,Clear,Urban Intersection,Pedestrian & Motorcycle
ACC-201041,JNC-DEL-002,ITO Crossing,New Delhi,Delhi,2021,Serious,0,3,Clear,Urban Intersection,Pedestrian & Motorcycle
ACC-201042,JNC-MUM-003,Dadar TT Circle,Mumbai,Maharashtra,2023,Serious,0,3,Monsoon Pour,Urban Intersection,Motorcycle & Bus
ACC-201043,JNC-HYD-005,Panjagutta Junction,Hyderabad,Telangana,2022,Serious,0,2,Fog / Mist,Flyover Exit,Motorcycle & Bus
ACC-201044,JNC-HYD-005,Panjagutta Junction,Hyderabad,Telangana,2020,Serious,0,2,Clear,Flyover Exit,Auto-rickshaw & Bus
ACC-201045,JNC-BLR-001,Silk Board Junction,Bengaluru,Karnataka,2023,Serious,0,2,Clear,Roundabout,Pedestrian & Motorcycle
ACC-201046,JNC-DEL-002,ITO Crossing,New Delhi,Delhi,2019,Fatal,1,2,Fog / Mist,4-Lane Highway Merge,Car & Truck
ACC-201047,JNC-DEL-002,ITO Crossing,New Delhi,Delhi,2020,Fatal,2,2,Clear,Flyover Exit,Motorcycle & Car
ACC-201048,JNC-BLR-001,Silk Board Junction,Bengaluru,Karnataka,2021,Minor,0,0,Fog / Mist,4-Lane Highway Merge,Motorcycle & Car
ACC-201049,JNC-BLR-001,Silk Board Junction,Bengaluru,Karnataka,2022,Serious,0,1,Fog / Mist,Urban Intersection,Pedestrian & Motorcycle
ACC-201050,JNC-DEL-002,ITO Crossing,New Delhi,Delhi,2022,Fatal,3,0,Clear,Urban Intersection,Pedestrian & Motorcycle
ACC-201051,JNC-MAA-004,Kathipara Junction,Chennai,Tamil Nadu,2022,Minor,0,1,Clear,4-Lane Highway Merge,Car & Car
ACC-201052,JNC-DEL-002,ITO Crossing,New Delhi,Delhi,2023,Minor,0,1,Clear,Urban Intersection,Car & Truck
ACC-201053,JNC-HYD-005,Panjagutta Junction,Hyderabad,Telangana,2021,Fatal,3,4,Clear,Urban Intersection,Car & Car
ACC-201054,JNC-MUM-003,Dadar TT Circle,Mumbai,Maharashtra,2019,Serious,0,3,Heavy Rain,Roundabout,Motorcycle & Car
ACC-201055,JNC-BLR-006,Goraguntepalya Junction,Bengaluru,Karnataka,2022,Serious,0,1,Clear,4-Lane Highway Merge,Auto-rickshaw & Bus
ACC-201056,JNC-DEL-002,ITO Crossing,New Delhi,Delhi,2022,Minor,0,1,Clear,Urban Intersection,Car & Truck
ACC-201057,JNC-BLR-001,Silk Board Junction,Bengaluru,Karnataka,2020,Serious,0,1,Heavy Rain,Urban Intersection,Motorcycle & Bus
ACC-201058,JNC-BLR-001,Silk Board Junction,Bengaluru,Karnataka,2022,Minor,0,0,Heavy Rain,4-Lane Highway Merge,Motorcycle & Bus
ACC-201059,JNC-MAA-004,Kathipara Junction,Chennai,Tamil Nadu,2022,Minor,0,0,Clear,4-Lane Highway Merge,Pedestrian & Motorcycle
ACC-201060,JNC-DEL-002,ITO Crossing,New Delhi,Delhi,2020,Serious,0,3,Heavy Rain,Urban Intersection,Pedestrian & Motorcycle
ACC-201061,JNC-BLR-001,Silk Board Junction,Bengaluru,Karnataka,2023,Fatal,3,1,Monsoon Pour,Flyover Exit,Motorcycle & Car
ACC-201062,JNC-BLR-001,Silk Board Junction,Bengaluru,Karnataka,2020,Serious,0,3,Monsoon Pour,Roundabout,Car & Truck
ACC-201063,JNC-DEL-002,ITO Crossing,New Delhi,Delhi,2022,Fatal,2,0,Clear,4-Lane Highway Merge,Car & Truck
ACC-201064,JNC-MAA-004,Kathipara Junction,Chennai,Tamil Nadu,2019,Serious,0,3,Clear,4-Lane Highway Merge,Pedestrian & Motorcycle
ACC-201065,JNC-BLR-006,Goraguntepalya Junction,Bengaluru,Karnataka,2020,Serious,0,1,Heavy Rain,Roundabout,Motorcycle & Car
ACC-201066,JNC-BLR-006,Goraguntepalya Junction,Bengaluru,Karnataka,2021,Minor,0,1,Clear,Urban Intersection,Car & Car
ACC-201067,JNC-BLR-001,Silk Board Junction,Bengaluru,Karnataka,2022,Minor,0,0,Heavy Rain,Urban Intersection,Motorcycle & Bus
ACC-201068,JNC-DEL-002,ITO Crossing,New Delhi,Delhi,2023,Fatal,3,2,Clear,Urban Intersection,Motorcycle & Bus
ACC-201069,JNC-BLR-001,Silk Board Junction,Bengaluru,Karnataka,2019,Serious,0,1,Clear,Flyover Exit,Pedestrian & Motorcycle
ACC-201070,JNC-BLR-006,Goraguntepalya Junction,Bengaluru,Karnataka,2021,Serious,0,2,Heavy Rain,4-Lane Highway Merge,Motorcycle & Car
ACC-201071,JNC-HYD-005,Panjagutta Junction,Hyderabad,Telangana,2019,Serious,0,1,Fog / Mist,4-Lane Highway Merge,Car & Truck
ACC-201072,JNC-BLR-006,Goraguntepalya Junction,Bengaluru,Karnataka,2020,Serious,0,1,Clear,Roundabout,Auto-rickshaw & Bus
ACC-201073,JNC-HYD-005,Panjagutta Junction,Hyderabad,Telangana,2019,Serious,0,1,Clear,Urban Intersection,Car & Truck
ACC-201074,JNC-MAA-004,Kathipara Junction,Chennai,Tamil Nadu,2021,Serious,0,2,Fog / Mist,Flyover Exit,Motorcycle & Car
ACC-201075,JNC-MAA-004,Kathipara Junction,Chennai,Tamil Nadu,2019,Serious,0,1,Fog / Mist,Roundabout,Motorcycle & Bus
ACC-201076,JNC-BLR-001,Silk Board Junction,Bengaluru,Karnataka,2023,Serious,0,3,Clear,Flyover Exit,Motorcycle & Car
ACC-201077,JNC-BLR-001,Silk Board Junction,Bengaluru,Karnataka,2019,Serious,0,3,Fog / Mist,Roundabout,Auto-rickshaw & Bus
ACC-201078,JNC-BLR-001,Silk Board Junction,Bengaluru,Karnataka,2022,Serious,0,1,Heavy Rain,Urban Intersection,Motorcycle & Bus
ACC-201079,JNC-DEL-002,ITO Crossing,New Delhi,Delhi,2021,Serious,0,3,Clear,Flyover Exit,Motorcycle & Car
ACC-201080,JNC-HYD-005,Panjagutta Junction,Hyderabad,Telangana,2022,Fatal,1,0,Fog / Mist,4-Lane Highway Merge,Motorcycle & Bus
ACC-201081,JNC-DEL-002,ITO Crossing,New Delhi,Delhi,2019,Serious,0,2,Fog / Mist,Roundabout,Pedestrian & Motorcycle
ACC-201082,JNC-HYD-005,Panjagutta Junction,Hyderabad,Telangana,2023,Minor,0,0,Heavy Rain,4-Lane Highway Merge,Motorcycle & Bus
ACC-201083,JNC-BLR-006,Goraguntepalya Junction,Bengaluru,Karnataka,2023,Serious,0,3,Fog / Mist,Flyover Exit,Pedestrian & Motorcycle
ACC-201084,JNC-MUM-003,Dadar TT Circle,Mumbai,Maharashtra,2018,Fatal,2,4,Clear,Flyover Exit,Motorcycle & Car
ACC-201085,JNC-BLR-001,Silk Board Junction,Bengaluru,Karnataka,2023,Serious,0,3,Clear,Urban Intersection,Car & Car
ACC-201086,JNC-DEL-002,ITO Crossing,New Delhi,Delhi,2018,Minor,0,0,Clear,4-Lane Highway Merge,Motorcycle & Bus
ACC-201087,JNC-MUM-003,Dadar TT Circle,Mumbai,Maharashtra,2020,Minor,0,1,Clear,4-Lane Highway Merge,Pedestrian & Motorcycle
ACC-201088,JNC-BLR-001,Silk Board Junction,Bengaluru,Karnataka,2021,Minor,0,0,Heavy Rain,4-Lane Highway Merge,Car & Car
ACC-201089,JNC-BLR-006,Goraguntepalya Junction,Bengaluru,Karnataka,2022,Minor,0,1,Heavy Rain,Roundabout,Car & Car
ACC-201090,JNC-BLR-006,Goraguntepalya Junction,Bengaluru,Karnataka,2020,Minor,0,1,Clear,Urban Intersection,Auto-rickshaw & Bus
ACC-201091,JNC-BLR-001,Silk Board Junction,Bengaluru,Karnataka,2022,Serious,0,3,Clear,Flyover Exit,Auto-rickshaw & Bus
ACC-201092,JNC-MUM-003,Dadar TT Circle,Mumbai,Maharashtra,2019,Minor,0,0,Heavy Rain,Flyover Exit,Auto-rickshaw & Bus
ACC-201093,JNC-HYD-005,Panjagutta Junction,Hyderabad,Telangana,2023,Fatal,1,3,Clear,Roundabout,Car & Truck
ACC-201094,JNC-HYD-005,Panjagutta Junction,Hyderabad,Telangana,2021,Minor,0,0,Clear,Roundabout,Car & Truck
ACC-201095,JNC-DEL-002,ITO Crossing,New Delhi,Delhi,2022,Serious,0,2,Clear,Flyover Exit,Auto-rickshaw & Bus
ACC-201096,JNC-DEL-002,ITO Crossing,New Delhi,Delhi,2019,Fatal,3,1,Clear,Flyover Exit,Motorcycle & Car
ACC-201097,JNC-BLR-001,Silk Board Junction,Bengaluru,Karnataka,2022,Fatal,2,1,Clear,Urban Intersection,Car & Truck
ACC-201098,JNC-PNQ-007,Chandani Chowk Junction,Pune,Maharashtra,2020,Serious,0,3,Clear,Urban Intersection,Auto-rickshaw & Bus
ACC-201099,JNC-MAA-004,Kathipara Junction,Chennai,Tamil Nadu,2018,Minor,0,0,Monsoon Pour,Flyover Exit,Car & Car
ACC-201100,JNC-MUM-003,Dadar TT Circle,Mumbai,Maharashtra,2021,Serious,0,2,Heavy Rain,4-Lane Highway Merge,Auto-rickshaw & Bus
ACC-201101,JNC-BLR-001,Silk Board Junction,Bengaluru,Karnataka,2018,Fatal,3,4,Heavy Rain,Urban Intersection,Motorcycle & Bus
ACC-201102,JNC-MUM-003,Dadar TT Circle,Mumbai,Maharashtra,2018,Fatal,3,1,Fog / Mist,Urban Intersection,Car & Truck
ACC-201103,JNC-BLR-006,Goraguntepalya Junction,Bengaluru,Karnataka,2021,Fatal,2,4,Clear,Roundabout,Car & Car
ACC-201104,JNC-PNQ-007,Chandani Chowk Junction,Pune,Maharashtra,2021,Serious,0,2,Clear,Flyover Exit,Car & Car
ACC-201105,JNC-DEL-002,ITO Crossing,New Delhi,Delhi,2022,Fatal,2,1,Monsoon Pour,Roundabout,Car & Truck
ACC-201106,JNC-MAA-004,Kathipara Junction,Chennai,Tamil Nadu,2018,Minor,0,1,Clear,Flyover Exit,Auto-rickshaw & Bus
ACC-201107,JNC-BLR-001,Silk Board Junction,Bengaluru,Karnataka,2022,Minor,0,1,Clear,Flyover Exit,Pedestrian & Motorcycle
ACC-201108,JNC-BLR-006,Goraguntepalya Junction,Bengaluru,Karnataka,2020,Serious,0,2,Heavy Rain,Flyover Exit,Motorcycle & Car
ACC-201109,JNC-BLR-006,Goraguntepalya Junction,Bengaluru,Karnataka,2022,Serious,0,3,Monsoon Pour,4-Lane Highway Merge,Motorcycle & Bus
ACC-201110,JNC-DEL-002,ITO Crossing,New Delhi,Delhi,2019,Fatal,2,3,Fog / Mist,Roundabout,Auto-rickshaw & Bus
ACC-201111,JNC-BLR-001,Silk Board Junction,Bengaluru,Karnataka,2022,Fatal,2,1,Clear,4-Lane Highway Merge,Car & Car
ACC-201112,JNC-BLR-006,Goraguntepalya Junction,Bengaluru,Karnataka,2020,Serious,0,3,Clear,Flyover Exit,Car & Truck
ACC-201113,JNC-MAA-004,Kathipara Junction,Chennai,Tamil Nadu,2020,Serious,0,3,Fog / Mist,4-Lane Highway Merge,Car & Car
ACC-201114,JNC-BLR-001,Silk Board Junction,Bengaluru,Karnataka,2020,Minor,0,1,Clear,4-Lane Highway Merge,Pedestrian & Motorcycle
ACC-201115,JNC-HYD-005,Panjagutta Junction,Hyderabad,Telangana,2021,Fatal,1,2,Fog / Mist,Roundabout,Car & Truck
ACC-201116,JNC-BLR-001,Silk Board Junction,Bengaluru,Karnataka,2021,Serious,0,3,Fog / Mist,Roundabout,Car & Car
ACC-201117,JNC-BLR-001,Silk Board Junction,Bengaluru,Karnataka,2019,Serious,0,2,Clear,4-Lane Highway Merge,Motorcycle & Car
ACC-201118,JNC-BLR-006,Goraguntepalya Junction,Bengaluru,Karnataka,2019,Fatal,2,2,Clear,Flyover Exit,Pedestrian & Motorcycle
ACC-201119,JNC-BLR-006,Goraguntepalya Junction,Bengaluru,Karnataka,2019,Minor,0,1,Clear,Urban Intersection,Motorcycle & Car
ACC-201120,JNC-PNQ-007,Chandani Chowk Junction,Pune,Maharashtra,2022,Serious,0,1,Fog / Mist,Flyover Exit,Pedestrian & Motorcycle
ACC-201121,JNC-MUM-003,Dadar TT Circle,Mumbai,Maharashtra,2020,Fatal,1,4,Clear,Flyover Exit,Motorcycle & Bus
ACC-201122,JNC-BLR-001,Silk Board Junction,Bengaluru,Karnataka,2018,Fatal,3,1,Monsoon Pour,4-Lane Highway Merge,Car & Car
ACC-201123,JNC-BLR-006,Goraguntepalya Junction,Bengaluru,Karnataka,2018,Serious,0,2,Clear,Flyover Exit,Motorcycle & Car
ACC-201124,JNC-DEL-002,ITO Crossing,New Delhi,Delhi,2020,Minor,0,0,Clear,4-Lane Highway Merge,Car & Car
ACC-201125,JNC-DEL-002,ITO Crossing,New Delhi,Delhi,2023,Serious,0,2,Clear,Flyover Exit,Motorcycle & Bus
ACC-201126,JNC-BLR-006,Goraguntepalya Junction,Bengaluru,Karnataka,2023,Minor,0,1,Clear,4-Lane Highway Merge,Auto-rickshaw & Bus
ACC-201127,JNC-BLR-001,Silk Board Junction,Bengaluru,Karnataka,2022,Serious,0,1,Clear,Urban Intersection,Car & Truck
ACC-201128,JNC-MUM-003,Dadar TT Circle,Mumbai,Maharashtra,2018,Fatal,3,1,Heavy Rain,4-Lane Highway Merge,Car & Truck
ACC-201129,JNC-MAA-004,Kathipara Junction,Chennai,Tamil Nadu,2019,Fatal,1,0,Heavy Rain,Urban Intersection,Auto-rickshaw & Bus
ACC-201130,JNC-MUM-003,Dadar TT Circle,Mumbai,Maharashtra,2019,Fatal,1,3,Fog / Mist,Flyover Exit,Car & Truck
ACC-201131,JNC-MAA-004,Kathipara Junction,Chennai,Tamil Nadu,2023,Minor,0,1,Fog / Mist,Roundabout,Car & Car
ACC-201132,JNC-DEL-002,ITO Crossing,New Delhi,Delhi,2018,Serious,0,3,Clear,Roundabout,Car & Truck
ACC-201133,JNC-MUM-003,Dadar TT Circle,Mumbai,Maharashtra,2019,Serious,0,2,Clear,4-Lane Highway Merge,Motorcycle & Car
ACC-201134,JNC-BLR-006,Goraguntepalya Junction,Bengaluru,Karnataka,2021,Minor,0,1,Clear,4-Lane Highway Merge,Pedestrian & Motorcycle
ACC-201135,JNC-DEL-002,ITO Crossing,New Delhi,Delhi,2021,Serious,0,3,Clear,4-Lane Highway Merge,Auto-rickshaw & Bus
ACC-201136,JNC-BLR-006,Goraguntepalya Junction,Bengaluru,Karnataka,2022,Serious,0,2,Clear,4-Lane Highway Merge,Pedestrian & Motorcycle
ACC-201137,JNC-MUM-003,Dadar TT Circle,Mumbai,Maharashtra,2022,Minor,0,0,Clear,4-Lane Highway Merge,Auto-rickshaw & Bus
ACC-201138,JNC-MAA-004,Kathipara Junction,Chennai,Tamil Nadu,2020,Serious,0,3,Heavy Rain,Flyover Exit,Car & Truck
ACC-201139,JNC-PNQ-007,Chandani Chowk Junction,Pune,Maharashtra,2022,Minor,0,1,Clear,4-Lane Highway Merge,Auto-rickshaw & Bus
ACC-201140,JNC-HYD-005,Panjagutta Junction,Hyderabad,Telangana,2023,Fatal,2,2,Clear,Roundabout,Auto-rickshaw & Bus
ACC-201141,JNC-BLR-006,Goraguntepalya Junction,Bengaluru,Karnataka,2018,Serious,0,2,Clear,Flyover Exit,Motorcycle & Bus
ACC-201142,JNC-MAA-004,Kathipara Junction,Chennai,Tamil Nadu,2023,Serious,0,1,Monsoon Pour,Urban Intersection,Auto-rickshaw & Bus
ACC-201143,JNC-BLR-001,Silk Board Junction,Bengaluru,Karnataka,2018,Fatal,3,1,Fog / Mist,Flyover Exit,Motorcycle & Bus
ACC-201144,JNC-HYD-005,Panjagutta Junction,Hyderabad,Telangana,2023,Minor,0,0,Clear,Urban Intersection,Car & Car
ACC-201145,JNC-MUM-003,Dadar TT Circle,Mumbai,Maharashtra,2018,Fatal,2,0,Clear,Urban Intersection,Auto-rickshaw & Bus
ACC-201146,JNC-HYD-005,Panjagutta Junction,Hyderabad,Telangana,2020,Serious,0,1,Clear,Flyover Exit,Car & Car
ACC-201147,JNC-MUM-003,Dadar TT Circle,Mumbai,Maharashtra,2022,Serious,0,2,Clear,Flyover Exit,Car & Car
ACC-201148,JNC-DEL-002,ITO Crossing,New Delhi,Delhi,2020,Serious,0,2,Heavy Rain,Urban Intersection,Motorcycle & Car
ACC-201149,JNC-PNQ-007,Chandani Chowk Junction,Pune,Maharashtra,2018,Fatal,2,3,Fog / Mist,Roundabout,Motorcycle & Car
ACC-201150,JNC-DEL-002,ITO Crossing,New Delhi,Delhi,2023,Serious,0,3,Clear,4-Lane Highway Merge,Car & Truck
ACC-201151,JNC-BLR-001,Silk Board Junction,Bengaluru,Karnataka,2021,Serious,0,2,Monsoon Pour,Urban Intersection,Car & Truck
ACC-201152,JNC-HYD-005,Panjagutta Junction,Hyderabad,Telangana,2019,Minor,0,0,Clear,Roundabout,Motorcycle & Bus
ACC-201153,JNC-HYD-005,Panjagutta Junction,Hyderabad,Telangana,2019,Serious,0,2,Monsoon Pour,Urban Intersection,Motorcycle & Car
ACC-201154,JNC-HYD-005,Panjagutta Junction,Hyderabad,Telangana,2018,Fatal,2,3,Clear,Roundabout,Car & Truck
ACC-201155,JNC-MUM-003,Dadar TT Circle,Mumbai,Maharashtra,2020,Serious,0,3,Clear,Flyover Exit,Motorcycle & Car
ACC-201156,JNC-MUM-003,Dadar TT Circle,Mumbai,Maharashtra,2020,Serious,0,1,Clear,4-Lane Highway Merge,Motorcycle & Car
ACC-201157,JNC-HYD-005,Panjagutta Junction,Hyderabad,Telangana,2018,Serious,0,1,Clear,Flyover Exit,Motorcycle & Bus
ACC-201158,JNC-BLR-001,Silk Board Junction,Bengaluru,Karnataka,2019,Minor,0,1,Heavy Rain,Roundabout,Motorcycle & Car
ACC-201159,JNC-BLR-006,Goraguntepalya Junction,Bengaluru,Karnataka,2018,Fatal,3,3,Heavy Rain,4-Lane Highway Merge,Pedestrian & Motorcycle
ACC-201160,JNC-BLR-006,Goraguntepalya Junction,Bengaluru,Karnataka,2019,Minor,0,1,Heavy Rain,Flyover Exit,Motorcycle & Car
ACC-201161,JNC-HYD-005,Panjagutta Junction,Hyderabad,Telangana,2022,Serious,0,1,Heavy Rain,Roundabout,Motorcycle & Bus
ACC-201162,JNC-BLR-001,Silk Board Junction,Bengaluru,Karnataka,2021,Fatal,2,4,Clear,4-Lane Highway Merge,Pedestrian & Motorcycle
ACC-201163,JNC-PNQ-007,Chandani Chowk Junction,Pune,Maharashtra,2021,Minor,0,0,Clear,4-Lane Highway Merge,Pedestrian & Motorcycle
ACC-201164,JNC-MUM-003,Dadar TT Circle,Mumbai,Maharashtra,2023,Fatal,2,4,Clear,4-Lane Highway Merge,Car & Truck
ACC-201165,JNC-MAA-004,Kathipara Junction,Chennai,Tamil Nadu,2022,Fatal,2,2,Heavy Rain,Urban Intersection,Motorcycle & Bus
ACC-201166,JNC-MUM-003,Dadar TT Circle,Mumbai,Maharashtra,2022,Serious,0,3,Monsoon Pour,4-Lane Highway Merge,Motorcycle & Bus
ACC-201167,JNC-MUM-003,Dadar TT Circle,Mumbai,Maharashtra,2019,Minor,0,0,Clear,4-Lane Highway Merge,Pedestrian & Motorcycle
ACC-201168,JNC-MUM-003,Dadar TT Circle,Mumbai,Maharashtra,2021,Serious,0,1,Heavy Rain,Roundabout,Motorcycle & Bus
ACC-201169,JNC-BLR-001,Silk Board Junction,Bengaluru,Karnataka,2022,Serious,0,2,Clear,Urban Intersection,Pedestrian & Motorcycle
ACC-201170,JNC-BLR-001,Silk Board Junction,Bengaluru,Karnataka,2023,Fatal,2,3,Clear,Urban Intersection,Pedestrian & Motorcycle
ACC-201171,JNC-DEL-002,ITO Crossing,New Delhi,Delhi,2019,Serious,0,1,Clear,Flyover Exit,Motorcycle & Bus
ACC-201172,JNC-BLR-001,Silk Board Junction,Bengaluru,Karnataka,2023,Minor,0,1,Clear,Flyover Exit,Car & Truck
ACC-201173,JNC-BLR-006,Goraguntepalya Junction,Bengaluru,Karnataka,2018,Minor,0,1,Clear,Urban Intersection,Car & Car
ACC-201174,JNC-DEL-002,ITO Crossing,New Delhi,Delhi,2020,Minor,0,0,Clear,Roundabout,Motorcycle & Bus
ACC-201175,JNC-MUM-003,Dadar TT Circle,Mumbai,Maharashtra,2020,Serious,0,3,Clear,Roundabout,Car & Car
ACC-201176,JNC-BLR-001,Silk Board Junction,Bengaluru,Karnataka,2021,Minor,0,0,Clear,4-Lane Highway Merge,Motorcycle & Bus
ACC-201177,JNC-BLR-006,Goraguntepalya Junction,Bengaluru,Karnataka,2020,Serious,0,2,Clear,Roundabout,Auto-rickshaw & Bus
ACC-201178,JNC-MUM-003,Dadar TT Circle,Mumbai,Maharashtra,2021,Serious,0,3,Clear,4-Lane Highway Merge,Pedestrian & Motorcycle
ACC-201179,JNC-BLR-001,Silk Board Junction,Bengaluru,Karnataka,2018,Fatal,2,0,Clear,4-Lane Highway Merge,Motorcycle & Car
ACC-201180,JNC-BLR-001,Silk Board Junction,Bengaluru,Karnataka,2023,Serious,0,2,Heavy Rain,4-Lane Highway Merge,Auto-rickshaw & Bus
ACC-201181,JNC-PNQ-007,Chandani Chowk Junction,Pune,Maharashtra,2019,Minor,0,0,Clear,Urban Intersection,Car & Truck
ACC-201182,JNC-HYD-005,Panjagutta Junction,Hyderabad,Telangana,2018,Minor,0,0,Heavy Rain,Flyover Exit,Motorcycle & Bus
ACC-201183,JNC-BLR-006,Goraguntepalya Junction,Bengaluru,Karnataka,2022,Fatal,2,2,Heavy Rain,Urban Intersection,Car & Truck
ACC-201184,JNC-BLR-001,Silk Board Junction,Bengaluru,Karnataka,2020,Serious,0,2,Clear,4-Lane Highway Merge,Motorcycle & Car
ACC-201185,JNC-DEL-002,ITO Crossing,New Delhi,Delhi,2019,Serious,0,1,Clear,Flyover Exit,Auto-rickshaw & Bus
ACC-201186,JNC-DEL-002,ITO Crossing,New Delhi,Delhi,2019,Fatal,2,1,Heavy Rain,4-Lane Highway Merge,Motorcycle & Car
ACC-201187,JNC-DEL-002,ITO Crossing,New Delhi,Delhi,2020,Serious,0,1,Fog / Mist,Flyover Exit,Auto-rickshaw & Bus
ACC-201188,JNC-DEL-002,ITO Crossing,New Delhi,Delhi,2023,Serious,0,1,Clear,4-Lane Highway Merge,Car & Car
ACC-201189,JNC-BLR-006,Goraguntepalya Junction,Bengaluru,Karnataka,2020,Fatal,3,4,Heavy Rain,4-Lane Highway Merge,Car & Car
ACC-201190,JNC-MUM-003,Dadar TT Circle,Mumbai,Maharashtra,2023,Serious,0,1,Heavy Rain,Roundabout,Car & Truck
ACC-201191,JNC-MUM-003,Dadar TT Circle,Mumbai,Maharashtra,2018,Fatal,3,1,Clear,Roundabout,Car & Truck
ACC-201192,JNC-BLR-001,Silk Board Junction,Bengaluru,Karnataka,2020,Minor,0,1,Heavy Rain,Urban Intersection,Motorcycle & Car
ACC-201193,JNC-HYD-005,Panjagutta Junction,Hyderabad,Telangana,2020,Serious,0,1,Fog / Mist,Urban Intersection,Motorcycle & Bus
ACC-201194,JNC-MUM-003,Dadar TT Circle,Mumbai,Maharashtra,2021,Serious,0,2,Clear,4-Lane Highway Merge,Motorcycle & Bus
ACC-201195,JNC-BLR-006,Goraguntepalya Junction,Bengaluru,Karnataka,2022,Serious,0,1,Clear,4-Lane Highway Merge,Car & Car
ACC-201196,JNC-BLR-001,Silk Board Junction,Bengaluru,Karnataka,2019,Minor,0,0,Clear,Flyover Exit,Car & Car
ACC-201197,JNC-BLR-001,Silk Board Junction,Bengaluru,Karnataka,2022,Serious,0,3,Clear,Roundabout,Car & Car
ACC-201198,JNC-DEL-002,ITO Crossing,New Delhi,Delhi,2018,Serious,0,2,Clear,4-Lane Highway Merge,Pedestrian & Motorcycle
ACC-201199,JNC-PNQ-007,Chandani Chowk Junction,Pune,Maharashtra,2023,Serious,0,2,Clear,Urban Intersection,Auto-rickshaw & Bus
ACC-201200,JNC-MAA-004,Kathipara Junction,Chennai,Tamil Nadu,2022,Minor,0,1,Fog / Mist,Flyover Exit,Motorcycle & Car
ACC-201201,JNC-BLR-001,Silk Board Junction,Bengaluru,Karnataka,2019,Fatal,3,0,Fog / Mist,Urban Intersection,Motorcycle & Bus
ACC-201202,JNC-BLR-006,Goraguntepalya Junction,Bengaluru,Karnataka,2018,Fatal,3,2,Clear,4-Lane Highway Merge,Motorcycle & Car
ACC-201203,JNC-MUM-003,Dadar TT Circle,Mumbai,Maharashtra,2018,Serious,0,3,Monsoon Pour,Roundabout,Motorcycle & Bus
ACC-201204,JNC-BLR-001,Silk Board Junction,Bengaluru,Karnataka,2019,Minor,0,1,Clear,4-Lane Highway Merge,Car & Truck
ACC-201205,JNC-MAA-004,Kathipara Junction,Chennai,Tamil Nadu,2022,Serious,0,1,Clear,Urban Intersection,Car & Car
ACC-201206,JNC-MUM-003,Dadar TT Circle,Mumbai,Maharashtra,2022,Minor,0,1,Clear,4-Lane Highway Merge,Auto-rickshaw & Bus
ACC-201207,JNC-HYD-005,Panjagutta Junction,Hyderabad,Telangana,2023,Serious,0,3,Clear,Urban Intersection,Pedestrian & Motorcycle
ACC-201208,JNC-MUM-003,Dadar TT Circle,Mumbai,Maharashtra,2019,Serious,0,3,Clear,Roundabout,Pedestrian & Motorcycle
ACC-201209,JNC-MUM-003,Dadar TT Circle,Mumbai,Maharashtra,2021,Serious,0,2,Heavy Rain,Urban Intersection,Auto-rickshaw & Bus
ACC-201210,JNC-BLR-006,Goraguntepalya Junction,Bengaluru,Karnataka,2018,Serious,0,1,Clear,Flyover Exit,Motorcycle & Bus
ACC-201211,JNC-BLR-001,Silk Board Junction,Bengaluru,Karnataka,2022,Serious,0,1,Clear,Roundabout,Pedestrian & Motorcycle
ACC-201212,JNC-BLR-001,Silk Board Junction,Bengaluru,Karnataka,2018,Fatal,2,2,Heavy Rain,Flyover Exit,Car & Truck
ACC-201213,JNC-MUM-003,Dadar TT Circle,Mumbai,Maharashtra,2018,Minor,0,1,Fog / Mist,4-Lane Highway Merge,Car & Truck
ACC-201214,JNC-BLR-001,Silk Board Junction,Bengaluru,Karnataka,2023,Fatal,1,2,Heavy Rain,4-Lane Highway Merge,Motorcycle & Car
ACC-201215,JNC-BLR-001,Silk Board Junction,Bengaluru,Karnataka,2021,Serious,0,2,Fog / Mist,4-Lane Highway Merge,Car & Car
ACC-201216,JNC-MUM-003,Dadar TT Circle,Mumbai,Maharashtra,2019,Minor,0,1,Monsoon Pour,Urban Intersection,Motorcycle & Car
ACC-201217,JNC-HYD-005,Panjagutta Junction,Hyderabad,Telangana,2019,Serious,0,1,Clear,Flyover Exit,Motorcycle & Car
ACC-201218,JNC-BLR-001,Silk Board Junction,Bengaluru,Karnataka,2022,Serious,0,2,Fog / Mist,Urban Intersection,Car & Truck
ACC-201219,JNC-DEL-002,ITO Crossing,New Delhi,Delhi,2020,Minor,0,0,Monsoon Pour,4-Lane Highway Merge,Motorcycle & Car
ACC-201220,JNC-BLR-001,Silk Board Junction,Bengaluru,Karnataka,2019,Minor,0,1,Fog / Mist,Roundabout,Motorcycle & Car
ACC-201221,JNC-DEL-002,ITO Crossing,New Delhi,Delhi,2022,Serious,0,2,Fog / Mist,Roundabout,Motorcycle & Bus
ACC-201222,JNC-MAA-004,Kathipara Junction,Chennai,Tamil Nadu,2020,Fatal,3,4,Heavy Rain,Urban Intersection,Motorcycle & Bus
ACC-201223,JNC-BLR-006,Goraguntepalya Junction,Bengaluru,Karnataka,2019,Serious,0,1,Monsoon Pour,Urban Intersection,Motorcycle & Car
ACC-201224,JNC-MUM-003,Dadar TT Circle,Mumbai,Maharashtra,2022,Serious,0,2,Heavy Rain,Flyover Exit,Pedestrian & Motorcycle
ACC-201225,JNC-MUM-003,Dadar TT Circle,Mumbai,Maharashtra,2022,Minor,0,1,Clear,Flyover Exit,Car & Truck
ACC-201226,JNC-DEL-002,ITO Crossing,New Delhi,Delhi,2019,Fatal,2,1,Clear,4-Lane Highway Merge,Motorcycle & Bus
ACC-201227,JNC-BLR-001,Silk Board Junction,Bengaluru,Karnataka,2021,Serious,0,2,Clear,Urban Intersection,Car & Car
ACC-201228,JNC-BLR-001,Silk Board Junction,Bengaluru,Karnataka,2018,Fatal,2,2,Clear,Roundabout,Pedestrian & Motorcycle
ACC-201229,JNC-BLR-006,Goraguntepalya Junction,Bengaluru,Karnataka,2023,Serious,0,2,Clear,Flyover Exit,Motorcycle & Car
ACC-201230,JNC-HYD-005,Panjagutta Junction,Hyderabad,Telangana,2019,Serious,0,3,Heavy Rain,Flyover Exit,Auto-rickshaw & Bus
ACC-201231,JNC-MAA-004,Kathipara Junction,Chennai,Tamil Nadu,2020,Serious,0,3,Clear,Flyover Exit,Motorcycle & Bus
ACC-201232,JNC-HYD-005,Panjagutta Junction,Hyderabad,Telangana,2018,Serious,0,1,Clear,Flyover Exit,Car & Truck
ACC-201233,JNC-BLR-006,Goraguntepalya Junction,Bengaluru,Karnataka,2022,Serious,0,3,Heavy Rain,Flyover Exit,Car & Truck
ACC-201234,JNC-MUM-003,Dadar TT Circle,Mumbai,Maharashtra,2023,Serious,0,3,Clear,Flyover Exit,Auto-rickshaw & Bus
ACC-201235,JNC-MAA-004,Kathipara Junction,Chennai,Tamil Nadu,2022,Serious,0,1,Heavy Rain,Flyover Exit,Motorcycle & Car
ACC-201236,JNC-DEL-002,ITO Crossing,New Delhi,Delhi,2022,Serious,0,2,Clear,Roundabout,Motorcycle & Bus
ACC-201237,JNC-MUM-003,Dadar TT Circle,Mumbai,Maharashtra,2019,Serious,0,2,Clear,Urban Intersection,Pedestrian & Motorcycle
ACC-201238,JNC-HYD-005,Panjagutta Junction,Hyderabad,Telangana,2018,Serious,0,3,Heavy Rain,4-Lane Highway Merge,Car & Car
ACC-201239,JNC-BLR-001,Silk Board Junction,Bengaluru,Karnataka,2023,Minor,0,1,Heavy Rain,4-Lane Highway Merge,Car & Truck
ACC-201240,JNC-DEL-002,ITO Crossing,New Delhi,Delhi,2020,Serious,0,2,Clear,4-Lane Highway Merge,Motorcycle & Bus
ACC-201241,JNC-HYD-005,Panjagutta Junction,Hyderabad,Telangana,2020,Serious,0,2,Clear,Roundabout,Auto-rickshaw & Bus
ACC-201242,JNC-MAA-004,Kathipara Junction,Chennai,Tamil Nadu,2021,Fatal,2,0,Fog / Mist,Roundabout,Auto-rickshaw & Bus
ACC-201243,JNC-BLR-001,Silk Board Junction,Bengaluru,Karnataka,2023,Serious,0,1,Clear,Roundabout,Pedestrian & Motorcycle
ACC-201244,JNC-HYD-005,Panjagutta Junction,Hyderabad,Telangana,2018,Serious,0,1,Heavy Rain,Urban Intersection,Auto-rickshaw & Bus
ACC-201245,JNC-HYD-005,Panjagutta Junction,Hyderabad,Telangana,2018,Minor,0,1,Clear,4-Lane Highway Merge,Pedestrian & Motorcycle
ACC-201246,JNC-MUM-003,Dadar TT Circle,Mumbai,Maharashtra,2023,Fatal,1,0,Clear,Urban Intersection,Car & Car
ACC-201247,JNC-BLR-006,Goraguntepalya Junction,Bengaluru,Karnataka,2019,Serious,0,2,Fog / Mist,4-Lane Highway Merge,Motorcycle & Bus
ACC-201248,JNC-BLR-001,Silk Board Junction,Bengaluru,Karnataka,2020,Serious,0,1,Heavy Rain,4-Lane Highway Merge,Pedestrian & Motorcycle
ACC-201249,JNC-DEL-002,ITO Crossing,New Delhi,Delhi,2022,Fatal,2,3,Clear,4-Lane Highway Merge,Motorcycle & Car
ACC-201250,JNC-BLR-001,Silk Board Junction,Bengaluru,Karnataka,2019,Fatal,3,2,Fog / Mist,4-Lane Highway Merge,Pedestrian & Motorcycle
ACC-201251,JNC-BLR-001,Silk Board Junction,Bengaluru,Karnataka,2020,Minor,0,0,Heavy Rain,4-Lane Highway Merge,Motorcycle & Car
ACC-201252,JNC-PNQ-007,Chandani Chowk Junction,Pune,Maharashtra,2018,Minor,0,0,Clear,Roundabout,Auto-rickshaw & Bus
ACC-201253,JNC-PNQ-007,Chandani Chowk Junction,Pune,Maharashtra,2018,Fatal,3,0,Clear,Flyover Exit,Car & Car
ACC-201254,JNC-MUM-003,Dadar TT Circle,Mumbai,Maharashtra,2021,Minor,0,1,Clear,Flyover Exit,Pedestrian & Motorcycle
ACC-201255,JNC-BLR-006,Goraguntepalya Junction,Bengaluru,Karnataka,2018,Minor,0,0,Clear,4-Lane Highway Merge,Car & Car
ACC-201256,JNC-BLR-006,Goraguntepalya Junction,Bengaluru,Karnataka,2018,Minor,0,1,Clear,4-Lane Highway Merge,Motorcycle & Bus
ACC-201257,JNC-MUM-003,Dadar TT Circle,Mumbai,Maharashtra,2022,Serious,0,3,Clear,4-Lane Highway Merge,Car & Car
ACC-201258,JNC-MUM-003,Dadar TT Circle,Mumbai,Maharashtra,2018,Serious,0,2,Fog / Mist,Urban Intersection,Motorcycle & Bus
ACC-201259,JNC-BLR-006,Goraguntepalya Junction,Bengaluru,Karnataka,2019,Serious,0,2,Heavy Rain,Roundabout,Car & Truck
ACC-201260,JNC-DEL-002,ITO Crossing,New Delhi,Delhi,2019,Fatal,3,0,Clear,Roundabout,Auto-rickshaw & Bus
ACC-201261,JNC-PNQ-007,Chandani Chowk Junction,Pune,Maharashtra,2022,Serious,0,1,Clear,Roundabout,Motorcycle & Bus
ACC-201262,JNC-MUM-003,Dadar TT Circle,Mumbai,Maharashtra,2018,Fatal,3,4,Clear,Flyover Exit,Car & Truck
ACC-201263,JNC-BLR-001,Silk Board Junction,Bengaluru,Karnataka,2020,Serious,0,3,Clear,Roundabout,Auto-rickshaw & Bus
ACC-201264,JNC-MUM-003,Dadar TT Circle,Mumbai,Maharashtra,2021,Serious,0,3,Clear,Roundabout,Pedestrian & Motorcycle
ACC-201265,JNC-BLR-006,Goraguntepalya Junction,Bengaluru,Karnataka,2019,Serious,0,3,Fog / Mist,Flyover Exit,Auto-rickshaw & Bus
ACC-201266,JNC-BLR-001,Silk Board Junction,Bengaluru,Karnataka,2021,Minor,0,1,Clear,Roundabout,Motorcycle & Car
ACC-201267,JNC-MAA-004,Kathipara Junction,Chennai,Tamil Nadu,2019,Minor,0,0,Heavy Rain,4-Lane Highway Merge,Car & Truck
ACC-201268,JNC-DEL-002,ITO Crossing,New Delhi,Delhi,2022,Serious,0,3,Clear,Urban Intersection,Pedestrian & Motorcycle
ACC-201269,JNC-MUM-003,Dadar TT Circle,Mumbai,Maharashtra,2022,Fatal,2,2,Clear,Urban Intersection,Motorcycle & Bus
ACC-201270,JNC-BLR-001,Silk Board Junction,Bengaluru,Karnataka,2018,Serious,0,2,Monsoon Pour,Roundabout,Motorcycle & Car
ACC-201271,JNC-MUM-003,Dadar TT Circle,Mumbai,Maharashtra,2023,Serious,0,3,Clear,Urban Intersection,Car & Truck
ACC-201272,JNC-BLR-006,Goraguntepalya Junction,Bengaluru,Karnataka,2018,Minor,0,0,Clear,Roundabout,Car & Truck
ACC-201273,JNC-BLR-001,Silk Board Junction,Bengaluru,Karnataka,2021,Fatal,1,2,Heavy Rain,Flyover Exit,Car & Car
ACC-201274,JNC-MUM-003,Dadar TT Circle,Mumbai,Maharashtra,2022,Serious,0,3,Clear,Roundabout,Pedestrian & Motorcycle
ACC-201275,JNC-BLR-006,Goraguntepalya Junction,Bengaluru,Karnataka,2023,Serious,0,2,Clear,Flyover Exit,Motorcycle & Bus
ACC-201276,JNC-MUM-003,Dadar TT Circle,Mumbai,Maharashtra,2019,Fatal,2,3,Clear,Roundabout,Motorcycle & Bus
ACC-201277,JNC-MAA-004,Kathipara Junction,Chennai,Tamil Nadu,2022,Minor,0,1,Heavy Rain,Urban Intersection,Pedestrian & Motorcycle
ACC-201278,JNC-MUM-003,Dadar TT Circle,Mumbai,Maharashtra,2021,Serious,0,1,Heavy Rain,Roundabout,Motorcycle & Car
ACC-201279,JNC-PNQ-007,Chandani Chowk Junction,Pune,Maharashtra,2023,Minor,0,1,Clear,4-Lane Highway Merge,Motorcycle & Bus
ACC-201280,JNC-PNQ-007,Chandani Chowk Junction,Pune,Maharashtra,2022,Minor,0,0,Clear,4-Lane Highway Merge,Car & Truck
ACC-201281,JNC-MUM-003,Dadar TT Circle,Mumbai,Maharashtra,2018,Fatal,2,1,Fog / Mist,Roundabout,Motorcycle & Bus
ACC-201282,JNC-HYD-005,Panjagutta Junction,Hyderabad,Telangana,2018,Fatal,3,2,Clear,4-Lane Highway Merge,Pedestrian & Motorcycle
ACC-201283,JNC-HYD-005,Panjagutta Junction,Hyderabad,Telangana,2023,Minor,0,1,Heavy Rain,Roundabout,Motorcycle & Car
ACC-201284,JNC-BLR-001,Silk Board Junction,Bengaluru,Karnataka,2018,Minor,0,1,Clear,Roundabout,Car & Truck
ACC-201285,JNC-DEL-002,ITO Crossing,New Delhi,Delhi,2019,Minor,0,1,Clear,Flyover Exit,Pedestrian & Motorcycle
ACC-201286,JNC-MUM-003,Dadar TT Circle,Mumbai,Maharashtra,2023,Minor,0,0,Heavy Rain,4-Lane Highway Merge,Motorcycle & Bus
ACC-201287,JNC-BLR-006,Goraguntepalya Junction,Bengaluru,Karnataka,2020,Serious,0,3,Clear,Roundabout,Auto-rickshaw & Bus
ACC-201288,JNC-DEL-002,ITO Crossing,New Delhi,Delhi,2023,Serious,0,1,Fog / Mist,Flyover Exit,Motorcycle & Bus
ACC-201289,JNC-BLR-006,Goraguntepalya Junction,Bengaluru,Karnataka,2019,Serious,0,1,Clear,Flyover Exit,Motorcycle & Car
ACC-201290,JNC-MUM-003,Dadar TT Circle,Mumbai,Maharashtra,2021,Serious,0,3,Heavy Rain,Urban Intersection,Motorcycle & Car
ACC-201291,JNC-HYD-005,Panjagutta Junction,Hyderabad,Telangana,2019,Minor,0,1,Clear,Flyover Exit,Motorcycle & Car
ACC-201292,JNC-MAA-004,Kathipara Junction,Chennai,Tamil Nadu,2022,Fatal,3,1,Clear,Flyover Exit,Pedestrian & Motorcycle
ACC-201293,JNC-DEL-002,ITO Crossing,New Delhi,Delhi,2020,Serious,0,2,Heavy Rain,Roundabout,Car & Car
ACC-201294,JNC-DEL-002,ITO Crossing,New Delhi,Delhi,2019,Minor,0,0,Heavy Rain,Roundabout,Car & Car
ACC-201295,JNC-HYD-005,Panjagutta Junction,Hyderabad,Telangana,2023,Fatal,3,4,Clear,Urban Intersection,Auto-rickshaw & Bus
ACC-201296,JNC-MUM-003,Dadar TT Circle,Mumbai,Maharashtra,2019,Serious,0,2,Clear,Urban Intersection,Motorcycle & Car
ACC-201297,JNC-BLR-006,Goraguntepalya Junction,Bengaluru,Karnataka,2023,Serious,0,1,Heavy Rain,Roundabout,Motorcycle & Bus
ACC-201298,JNC-MUM-003,Dadar TT Circle,Mumbai,Maharashtra,2019,Fatal,1,4,Clear,Urban Intersection,Motorcycle & Bus
ACC-201299,JNC-MUM-003,Dadar TT Circle,Mumbai,Maharashtra,2018,Minor,0,0,Clear,Flyover Exit,Car & Car
ACC-201300,JNC-BLR-001,Silk Board Junction,Bengaluru,Karnataka,2018,Serious,0,2,Monsoon Pour,4-Lane Highway Merge,Car & Truck
ACC-201301,JNC-MUM-003,Dadar TT Circle,Mumbai,Maharashtra,2022,Minor,0,0,Clear,Flyover Exit,Car & Car
ACC-201302,JNC-DEL-002,ITO Crossing,New Delhi,Delhi,2018,Serious,0,2,Fog / Mist,4-Lane Highway Merge,Motorcycle & Car
ACC-201303,JNC-HYD-005,Panjagutta Junction,Hyderabad,Telangana,2019,Fatal,2,0,Clear,Roundabout,Auto-rickshaw & Bus
ACC-201304,JNC-BLR-001,Silk Board Junction,Bengaluru,Karnataka,2022,Minor,0,1,Heavy Rain,4-Lane Highway Merge,Motorcycle & Bus
ACC-201305,JNC-BLR-001,Silk Board Junction,Bengaluru,Karnataka,2018,Serious,0,1,Clear,Roundabout,Car & Truck
ACC-201306,JNC-HYD-005,Panjagutta Junction,Hyderabad,Telangana,2022,Minor,0,0,Clear,Roundabout,Motorcycle & Bus
ACC-201307,JNC-BLR-001,Silk Board Junction,Bengaluru,Karnataka,2020,Serious,0,2,Monsoon Pour,Flyover Exit,Auto-rickshaw & Bus
ACC-201308,JNC-DEL-002,ITO Crossing,New Delhi,Delhi,2018,Serious,0,2,Heavy Rain,Roundabout,Motorcycle & Bus
ACC-201309,JNC-MUM-003,Dadar TT Circle,Mumbai,Maharashtra,2023,Fatal,2,4,Heavy Rain,Roundabout,Car & Truck
ACC-201310,JNC-DEL-002,ITO Crossing,New Delhi,Delhi,2018,Fatal,1,1,Clear,Roundabout,Motorcycle & Car
ACC-201311,JNC-BLR-001,Silk Board Junction,Bengaluru,Karnataka,2019,Fatal,2,3,Clear,Flyover Exit,Car & Truck
ACC-201312,JNC-BLR-006,Goraguntepalya Junction,Bengaluru,Karnataka,2018,Minor,0,0,Clear,4-Lane Highway Merge,Car & Truck
ACC-201313,JNC-BLR-001,Silk Board Junction,Bengaluru,Karnataka,2020,Minor,0,1,Clear,Urban Intersection,Motorcycle & Car
ACC-201314,JNC-DEL-002,ITO Crossing,New Delhi,Delhi,2018,Fatal,3,3,Clear,Roundabout,Motorcycle & Bus
ACC-201315,JNC-MAA-004,Kathipara Junction,Chennai,Tamil Nadu,2023,Fatal,2,4,Heavy Rain,Urban Intersection,Motorcycle & Car
ACC-201316,JNC-DEL-002,ITO Crossing,New Delhi,Delhi,2018,Minor,0,0,Clear,Flyover Exit,Pedestrian & Motorcycle
ACC-201317,JNC-BLR-001,Silk Board Junction,Bengaluru,Karnataka,2023,Serious,0,1,Clear,Roundabout,Motorcycle & Bus
ACC-201318,JNC-BLR-006,Goraguntepalya Junction,Bengaluru,Karnataka,2023,Minor,0,0,Clear,Roundabout,Auto-rickshaw & Bus
ACC-201319,JNC-MUM-003,Dadar TT Circle,Mumbai,Maharashtra,2023,Serious,0,3,Clear,Flyover Exit,Car & Truck
ACC-201320,JNC-PNQ-007,Chandani Chowk Junction,Pune,Maharashtra,2018,Serious,0,2,Clear,4-Lane Highway Merge,Auto-rickshaw & Bus
ACC-201321,JNC-MUM-003,Dadar TT Circle,Mumbai,Maharashtra,2020,Serious,0,2,Fog / Mist,Roundabout,Pedestrian & Motorcycle
ACC-201322,JNC-BLR-001,Silk Board Junction,Bengaluru,Karnataka,2019,Serious,0,3,Heavy Rain,Urban Intersection,Auto-rickshaw & Bus
ACC-201323,JNC-DEL-002,ITO Crossing,New Delhi,Delhi,2020,Serious,0,3,Clear,Roundabout,Motorcycle & Car
ACC-201324,JNC-MAA-004,Kathipara Junction,Chennai,Tamil Nadu,2019,Fatal,1,1,Clear,Flyover Exit,Motorcycle & Bus
ACC-201325,JNC-BLR-006,Goraguntepalya Junction,Bengaluru,Karnataka,2022,Minor,0,0,Clear,4-Lane Highway Merge,Pedestrian & Motorcycle
ACC-201326,JNC-MAA-004,Kathipara Junction,Chennai,Tamil Nadu,2021,Serious,0,2,Heavy Rain,Urban Intersection,Car & Truck
ACC-201327,JNC-BLR-006,Goraguntepalya Junction,Bengaluru,Karnataka,2018,Serious,0,1,Fog / Mist,Roundabout,Pedestrian & Motorcycle
ACC-201328,JNC-BLR-006,Goraguntepalya Junction,Bengaluru,Karnataka,2019,Serious,0,3,Fog / Mist,Roundabout,Auto-rickshaw & Bus
ACC-201329,JNC-PNQ-007,Chandani Chowk Junction,Pune,Maharashtra,2021,Serious,0,3,Monsoon Pour,Urban Intersection,Car & Car
ACC-201330,JNC-MAA-004,Kathipara Junction,Chennai,Tamil Nadu,2020,Serious,0,1,Clear,4-Lane Highway Merge,Auto-rickshaw & Bus
ACC-201331,JNC-MAA-004,Kathipara Junction,Chennai,Tamil Nadu,2023,Minor,0,0,Fog / Mist,Urban Intersection,Motorcycle & Bus
ACC-201332,JNC-MUM-003,Dadar TT Circle,Mumbai,Maharashtra,2018,Serious,0,2,Clear,4-Lane Highway Merge,Pedestrian & Motorcycle
ACC-201333,JNC-DEL-002,ITO Crossing,New Delhi,Delhi,2019,Fatal,1,3,Clear,4-Lane Highway Merge,Pedestrian & Motorcycle
ACC-201334,JNC-MAA-004,Kathipara Junction,Chennai,Tamil Nadu,2018,Minor,0,1,Heavy Rain,Flyover Exit,Car & Car
ACC-201335,JNC-MAA-004,Kathipara Junction,Chennai,Tamil Nadu,2023,Serious,0,1,Clear,4-Lane Highway Merge,Motorcycle & Bus
ACC-201336,JNC-BLR-001,Silk Board Junction,Bengaluru,Karnataka,2021,Serious,0,1,Clear,4-Lane Highway Merge,Car & Car
ACC-201337,JNC-MUM-003,Dadar TT Circle,Mumbai,Maharashtra,2019,Minor,0,0,Clear,Urban Intersection,Motorcycle & Bus
ACC-201338,JNC-BLR-006,Goraguntepalya Junction,Bengaluru,Karnataka,2021,Serious,0,1,Clear,Roundabout,Motorcycle & Car
ACC-201339,JNC-MAA-004,Kathipara Junction,Chennai,Tamil Nadu,2023,Serious,0,2,Clear,Urban Intersection,Motorcycle & Bus
ACC-201340,JNC-BLR-001,Silk Board Junction,Bengaluru,Karnataka,2020,Minor,0,1,Heavy Rain,Flyover Exit,Motorcycle & Car
ACC-201341,JNC-DEL-002,ITO Crossing,New Delhi,Delhi,2020,Minor,0,1,Clear,4-Lane Highway Merge,Motorcycle & Car
ACC-201342,JNC-DEL-002,ITO Crossing,New Delhi,Delhi,2022,Fatal,3,2,Clear,Flyover Exit,Pedestrian & Motorcycle
ACC-201343,JNC-HYD-005,Panjagutta Junction,Hyderabad,Telangana,2021,Minor,0,0,Clear,4-Lane Highway Merge,Motorcycle & Bus
ACC-201344,JNC-BLR-001,Silk Board Junction,Bengaluru,Karnataka,2023,Serious,0,1,Clear,Urban Intersection,Motorcycle & Bus
ACC-201345,JNC-HYD-005,Panjagutta Junction,Hyderabad,Telangana,2023,Minor,0,1,Heavy Rain,Roundabout,Motorcycle & Car
ACC-201346,JNC-DEL-002,ITO Crossing,New Delhi,Delhi,2021,Minor,0,0,Heavy Rain,4-Lane Highway Merge,Motorcycle & Bus
ACC-201347,JNC-BLR-001,Silk Board Junction,Bengaluru,Karnataka,2022,Serious,0,2,Fog / Mist,Urban Intersection,Car & Truck
ACC-201348,JNC-MAA-004,Kathipara Junction,Chennai,Tamil Nadu,2018,Serious,0,1,Fog / Mist,Flyover Exit,Motorcycle & Bus
ACC-201349,JNC-BLR-006,Goraguntepalya Junction,Bengaluru,Karnataka,2023,Fatal,2,0,Heavy Rain,Flyover Exit,Car & Car
ACC-201350,JNC-BLR-001,Silk Board Junction,Bengaluru,Karnataka,2021,Minor,0,1,Heavy Rain,4-Lane Highway Merge,Car & Truck
ACC-201351,JNC-DEL-002,ITO Crossing,New Delhi,Delhi,2018,Minor,0,0,Clear,4-Lane Highway Merge,Pedestrian & Motorcycle
ACC-201352,JNC-DEL-002,ITO Crossing,New Delhi,Delhi,2019,Minor,0,0,Clear,Urban Intersection,Motorcycle & Bus
ACC-201353,JNC-BLR-006,Goraguntepalya Junction,Bengaluru,Karnataka,2020,Minor,0,0,Clear,Roundabout,Car & Car
ACC-201354,JNC-BLR-001,Silk Board Junction,Bengaluru,Karnataka,2020,Serious,0,2,Clear,Flyover Exit,Car & Truck
ACC-201355,JNC-BLR-001,Silk Board Junction,Bengaluru,Karnataka,2022,Serious,0,3,Clear,4-Lane Highway Merge,Car & Car
ACC-201356,JNC-HYD-005,Panjagutta Junction,Hyderabad,Telangana,2023,Serious,0,3,Fog / Mist,Flyover Exit,Car & Car
ACC-201357,JNC-MUM-003,Dadar TT Circle,Mumbai,Maharashtra,2021,Serious,0,1,Monsoon Pour,Roundabout,Motorcycle & Bus
ACC-201358,JNC-BLR-001,Silk Board Junction,Bengaluru,Karnataka,2022,Fatal,3,2,Clear,Urban Intersection,Motorcycle & Car
ACC-201359,JNC-DEL-002,ITO Crossing,New Delhi,Delhi,2018,Serious,0,2,Clear,Roundabout,Auto-rickshaw & Bus
ACC-201360,JNC-BLR-001,Silk Board Junction,Bengaluru,Karnataka,2019,Minor,0,0,Heavy Rain,Roundabout,Car & Car
ACC-201361,JNC-BLR-001,Silk Board Junction,Bengaluru,Karnataka,2022,Fatal,2,1,Clear,Flyover Exit,Motorcycle & Bus
ACC-201362,JNC-DEL-002,ITO Crossing,New Delhi,Delhi,2022,Fatal,1,3,Clear,Flyover Exit,Motorcycle & Car
ACC-201363,JNC-HYD-005,Panjagutta Junction,Hyderabad,Telangana,2019,Fatal,2,2,Fog / Mist,Roundabout,Motorcycle & Bus
ACC-201364,JNC-HYD-005,Panjagutta Junction,Hyderabad,Telangana,2021,Fatal,3,4,Clear,Urban Intersection,Pedestrian & Motorcycle
ACC-201365,JNC-DEL-002,ITO Crossing,New Delhi,Delhi,2023,Serious,0,1,Clear,4-Lane Highway Merge,Motorcycle & Car
ACC-201366,JNC-BLR-006,Goraguntepalya Junction,Bengaluru,Karnataka,2022,Serious,0,1,Clear,Roundabout,Car & Car
ACC-201367,JNC-PNQ-007,Chandani Chowk Junction,Pune,Maharashtra,2019,Serious,0,2,Monsoon Pour,4-Lane Highway Merge,Pedestrian & Motorcycle
ACC-201368,JNC-DEL-002,ITO Crossing,New Delhi,Delhi,2018,Fatal,3,2,Clear,Roundabout,Car & Truck
ACC-201369,JNC-BLR-001,Silk Board Junction,Bengaluru,Karnataka,2019,Minor,0,0,Heavy Rain,Flyover Exit,Motorcycle & Bus
ACC-201370,JNC-MUM-003,Dadar TT Circle,Mumbai,Maharashtra,2021,Minor,0,0,Fog / Mist,Roundabout,Motorcycle & Bus
ACC-201371,JNC-MAA-004,Kathipara Junction,Chennai,Tamil Nadu,2020,Minor,0,1,Clear,Flyover Exit,Pedestrian & Motorcycle
ACC-201372,JNC-PNQ-007,Chandani Chowk Junction,Pune,Maharashtra,2022,Fatal,3,3,Heavy Rain,Roundabout,Car & Car
ACC-201373,JNC-HYD-005,Panjagutta Junction,Hyderabad,Telangana,2020,Fatal,1,4,Clear,Roundabout,Auto-rickshaw & Bus
ACC-201374,JNC-DEL-002,ITO Crossing,New Delhi,Delhi,2019,Fatal,1,2,Heavy Rain,Urban Intersection,Pedestrian & Motorcycle
ACC-201375,JNC-MAA-004,Kathipara Junction,Chennai,Tamil Nadu,2020,Serious,0,3,Clear,Flyover Exit,Car & Car
ACC-201376,JNC-MUM-003,Dadar TT Circle,Mumbai,Maharashtra,2019,Fatal,3,2,Heavy Rain,Roundabout,Car & Truck
ACC-201377,JNC-HYD-005,Panjagutta Junction,Hyderabad,Telangana,2023,Fatal,1,1,Clear,Roundabout,Car & Car
ACC-201378,JNC-MUM-003,Dadar TT Circle,Mumbai,Maharashtra,2019,Fatal,2,3,Clear,Urban Intersection,Car & Truck
ACC-201379,JNC-MUM-003,Dadar TT Circle,Mumbai,Maharashtra,2018,Serious,0,1,Clear,4-Lane Highway Merge,Auto-rickshaw & Bus
ACC-201380,JNC-BLR-001,Silk Board Junction,Bengaluru,Karnataka,2018,Minor,0,0,Clear,4-Lane Highway Merge,Motorcycle & Car
ACC-201381,JNC-HYD-005,Panjagutta Junction,Hyderabad,Telangana,2023,Minor,0,1,Fog / Mist,Flyover Exit,Pedestrian & Motorcycle
ACC-201382,JNC-DEL-002,ITO Crossing,New Delhi,Delhi,2021,Minor,0,0,Heavy Rain,Flyover Exit,Car & Car
ACC-201383,JNC-DEL-002,ITO Crossing,New Delhi,Delhi,2018,Serious,0,3,Clear,4-Lane Highway Merge,Car & Car
ACC-201384,JNC-BLR-001,Silk Board Junction,Bengaluru,Karnataka,2022,Serious,0,3,Heavy Rain,4-Lane Highway Merge,Car & Car
ACC-201385,JNC-BLR-006,Goraguntepalya Junction,Bengaluru,Karnataka,2022,Minor,0,1,Clear,4-Lane Highway Merge,Auto-rickshaw & Bus
ACC-201386,JNC-BLR-001,Silk Board Junction,Bengaluru,Karnataka,2023,Serious,0,2,Monsoon Pour,4-Lane Highway Merge,Pedestrian & Motorcycle
ACC-201387,JNC-MUM-003,Dadar TT Circle,Mumbai,Maharashtra,2020,Serious,0,1,Clear,Roundabout,Car & Truck
ACC-201388,JNC-HYD-005,Panjagutta Junction,Hyderabad,Telangana,2020,Fatal,2,0,Clear,Urban Intersection,Motorcycle & Bus
ACC-201389,JNC-BLR-001,Silk Board Junction,Bengaluru,Karnataka,2022,Minor,0,0,Clear,4-Lane Highway Merge,Pedestrian & Motorcycle
ACC-201390,JNC-PNQ-007,Chandani Chowk Junction,Pune,Maharashtra,2021,Minor,0,1,Fog / Mist,Urban Intersection,Motorcycle & Bus
ACC-201391,JNC-DEL-002,ITO Crossing,New Delhi,Delhi,2020,Fatal,1,0,Clear,4-Lane Highway Merge,Car & Truck
ACC-201392,JNC-DEL-002,ITO Crossing,New Delhi,Delhi,2018,Serious,0,3,Heavy Rain,Flyover Exit,Motorcycle & Car
ACC-201393,JNC-DEL-002,ITO Crossing,New Delhi,Delhi,2019,Serious,0,3,Fog / Mist,Roundabout,Car & Truck
ACC-201394,JNC-DEL-002,ITO Crossing,New Delhi,Delhi,2018,Serious,0,2,Fog / Mist,Urban Intersection,Car & Car
ACC-201395,JNC-MUM-003,Dadar TT Circle,Mumbai,Maharashtra,2018,Fatal,2,0,Clear,4-Lane Highway Merge,Car & Car
ACC-201396,JNC-BLR-001,Silk Board Junction,Bengaluru,Karnataka,2022,Fatal,2,4,Heavy Rain,Roundabout,Car & Car
ACC-201397,JNC-MUM-003,Dadar TT Circle,Mumbai,Maharashtra,2022,Fatal,2,1,Heavy Rain,Roundabout,Auto-rickshaw & Bus
ACC-201398,JNC-DEL-002,ITO Crossing,New Delhi,Delhi,2020,Fatal,2,4,Heavy Rain,Roundabout,Car & Truck
ACC-201399,JNC-DEL-002,ITO Crossing,New Delhi,Delhi,2019,Fatal,1,3,Monsoon Pour,Urban Intersection,Motorcycle & Car
ACC-201400,JNC-DEL-002,ITO Crossing,New Delhi,Delhi,2018,Fatal,3,0,Clear,4-Lane Highway Merge,Motorcycle & Car
ACC-201401,JNC-BLR-006,Goraguntepalya Junction,Bengaluru,Karnataka,2022,Serious,0,2,Heavy Rain,Flyover Exit,Car & Car
ACC-201402,JNC-BLR-001,Silk Board Junction,Bengaluru,Karnataka,2020,Fatal,3,4,Fog / Mist,Flyover Exit,Car & Truck
ACC-201403,JNC-BLR-006,Goraguntepalya Junction,Bengaluru,Karnataka,2022,Serious,0,1,Clear,Roundabout,Car & Truck
ACC-201404,JNC-DEL-002,ITO Crossing,New Delhi,Delhi,2023,Serious,0,3,Heavy Rain,4-Lane Highway Merge,Auto-rickshaw & Bus
ACC-201405,JNC-DEL-002,ITO Crossing,New Delhi,Delhi,2021,Serious,0,1,Clear,Roundabout,Pedestrian & Motorcycle
ACC-201406,JNC-MUM-003,Dadar TT Circle,Mumbai,Maharashtra,2018,Minor,0,1,Clear,Roundabout,Auto-rickshaw & Bus
ACC-201407,JNC-MUM-003,Dadar TT Circle,Mumbai,Maharashtra,2020,Serious,0,3,Clear,4-Lane Highway Merge,Motorcycle & Bus
ACC-201408,JNC-MAA-004,Kathipara Junction,Chennai,Tamil Nadu,2018,Minor,0,0,Clear,4-Lane Highway Merge,Auto-rickshaw & Bus
ACC-201409,JNC-BLR-001,Silk Board Junction,Bengaluru,Karnataka,2021,Minor,0,1,Clear,Roundabout,Motorcycle & Bus
ACC-201410,JNC-DEL-002,ITO Crossing,New Delhi,Delhi,2018,Fatal,1,0,Clear,Flyover Exit,Pedestrian & Motorcycle
ACC-201411,JNC-DEL-002,ITO Crossing,New Delhi,Delhi,2021,Serious,0,2,Clear,Roundabout,Pedestrian & Motorcycle
ACC-201412,JNC-MUM-003,Dadar TT Circle,Mumbai,Maharashtra,2023,Minor,0,1,Clear,Urban Intersection,Car & Car
ACC-201413,JNC-BLR-006,Goraguntepalya Junction,Bengaluru,Karnataka,2018,Fatal,1,3,Heavy Rain,Roundabout,Car & Truck
ACC-201414,JNC-DEL-002,ITO Crossing,New Delhi,Delhi,2021,Fatal,2,2,Fog / Mist,Flyover Exit,Motorcycle & Car
ACC-201415,JNC-BLR-006,Goraguntepalya Junction,Bengaluru,Karnataka,2023,Serious,0,2,Fog / Mist,4-Lane Highway Merge,Auto-rickshaw & Bus
ACC-201416,JNC-PNQ-007,Chandani Chowk Junction,Pune,Maharashtra,2022,Fatal,3,4,Heavy Rain,4-Lane Highway Merge,Motorcycle & Car
ACC-201417,JNC-BLR-006,Goraguntepalya Junction,Bengaluru,Karnataka,2022,Minor,0,0,Clear,Roundabout,Car & Truck
ACC-201418,JNC-BLR-001,Silk Board Junction,Bengaluru,Karnataka,2022,Serious,0,1,Heavy Rain,Urban Intersection,Pedestrian & Motorcycle
ACC-201419,JNC-HYD-005,Panjagutta Junction,Hyderabad,Telangana,2022,Fatal,3,2,Clear,Flyover Exit,Motorcycle & Car
ACC-201420,JNC-DEL-002,ITO Crossing,New Delhi,Delhi,2022,Serious,0,2,Heavy Rain,Roundabout,Motorcycle & Bus
ACC-201421,JNC-MAA-004,Kathipara Junction,Chennai,Tamil Nadu,2022,Serious,0,2,Heavy Rain,Urban Intersection,Motorcycle & Car
ACC-201422,JNC-MAA-004,Kathipara Junction,Chennai,Tamil Nadu,2020,Serious,0,1,Heavy Rain,4-Lane Highway Merge,Car & Car
ACC-201423,JNC-DEL-002,ITO Crossing,New Delhi,Delhi,2020,Fatal,2,0,Clear,Flyover Exit,Auto-rickshaw & Bus
ACC-201424,JNC-DEL-002,ITO Crossing,New Delhi,Delhi,2020,Fatal,2,3,Fog / Mist,Flyover Exit,Car & Truck
ACC-201425,JNC-MUM-003,Dadar TT Circle,Mumbai,Maharashtra,2019,Minor,0,1,Clear,4-Lane Highway Merge,Motorcycle & Car
ACC-201426,JNC-MUM-003,Dadar TT Circle,Mumbai,Maharashtra,2020,Serious,0,2,Clear,Flyover Exit,Car & Truck
ACC-201427,JNC-DEL-002,ITO Crossing,New Delhi,Delhi,2022,Fatal,1,2,Clear,Urban Intersection,Car & Truck
ACC-201428,JNC-BLR-001,Silk Board Junction,Bengaluru,Karnataka,2022,Minor,0,0,Clear,Urban Intersection,Car & Car
ACC-201429,JNC-DEL-002,ITO Crossing,New Delhi,Delhi,2021,Fatal,1,1,Clear,Roundabout,Car & Truck
ACC-201430,JNC-MUM-003,Dadar TT Circle,Mumbai,Maharashtra,2023,Minor,0,0,Clear,Flyover Exit,Auto-rickshaw & Bus
ACC-201431,JNC-BLR-001,Silk Board Junction,Bengaluru,Karnataka,2018,Fatal,1,3,Heavy Rain,Flyover Exit,Motorcycle & Bus
ACC-201432,JNC-DEL-002,ITO Crossing,New Delhi,Delhi,2021,Serious,0,2,Heavy Rain,Roundabout,Auto-rickshaw & Bus
ACC-201433,JNC-DEL-002,ITO Crossing,New Delhi,Delhi,2023,Serious,0,1,Monsoon Pour,4-Lane Highway Merge,Motorcycle & Car
ACC-201434,JNC-MUM-003,Dadar TT Circle,Mumbai,Maharashtra,2018,Minor,0,1,Heavy Rain,Urban Intersection,Car & Truck
ACC-201435,JNC-DEL-002,ITO Crossing,New Delhi,Delhi,2019,Fatal,3,0,Clear,Urban Intersection,Auto-rickshaw & Bus
ACC-201436,JNC-MUM-003,Dadar TT Circle,Mumbai,Maharashtra,2019,Serious,0,3,Clear,Flyover Exit,Motorcycle & Bus
ACC-201437,JNC-HYD-005,Panjagutta Junction,Hyderabad,Telangana,2018,Minor,0,1,Clear,Roundabout,Car & Car
ACC-201438,JNC-BLR-001,Silk Board Junction,Bengaluru,Karnataka,2021,Serious,0,1,Clear,Urban Intersection,Pedestrian & Motorcycle
ACC-201439,JNC-PNQ-007,Chandani Chowk Junction,Pune,Maharashtra,2020,Serious,0,3,Clear,4-Lane Highway Merge,Auto-rickshaw & Bus
ACC-201440,JNC-DEL-002,ITO Crossing,New Delhi,Delhi,2018,Serious,0,2,Monsoon Pour,Urban Intersection,Motorcycle & Bus
ACC-201441,JNC-BLR-001,Silk Board Junction,Bengaluru,Karnataka,2021,Minor,0,1,Clear,Urban Intersection,Auto-rickshaw & Bus
ACC-201442,JNC-HYD-005,Panjagutta Junction,Hyderabad,Telangana,2022,Minor,0,1,Clear,Roundabout,Motorcycle & Car
ACC-201443,JNC-MAA-004,Kathipara Junction,Chennai,Tamil Nadu,2023,Serious,0,2,Heavy Rain,Flyover Exit,Car & Truck
ACC-201444,JNC-BLR-001,Silk Board Junction,Bengaluru,Karnataka,2018,Minor,0,0,Heavy Rain,Roundabout,Motorcycle & Bus
ACC-201445,JNC-BLR-001,Silk Board Junction,Bengaluru,Karnataka,2023,Fatal,2,0,Fog / Mist,Roundabout,Motorcycle & Car
ACC-201446,JNC-HYD-005,Panjagutta Junction,Hyderabad,Telangana,2019,Serious,0,2,Clear,Flyover Exit,Car & Car
ACC-201447,JNC-BLR-001,Silk Board Junction,Bengaluru,Karnataka,2021,Serious,0,1,Clear,Urban Intersection,Motorcycle & Car
ACC-201448,JNC-DEL-002,ITO Crossing,New Delhi,Delhi,2022,Serious,0,2,Heavy Rain,4-Lane Highway Merge,Motorcycle & Car
ACC-201449,JNC-BLR-001,Silk Board Junction,Bengaluru,Karnataka,2020,Minor,0,0,Clear,Roundabout,Car & Truck
ACC-201450,JNC-MAA-004,Kathipara Junction,Chennai,Tamil Nadu,2021,Fatal,3,3,Clear,Urban Intersection,Auto-rickshaw & Bus
ACC-201451,JNC-BLR-001,Silk Board Junction,Bengaluru,Karnataka,2023,Minor,0,0,Clear,4-Lane Highway Merge,Motorcycle & Bus
ACC-201452,JNC-MUM-003,Dadar TT Circle,Mumbai,Maharashtra,2023,Serious,0,3,Fog / Mist,Urban Intersection,Car & Truck
ACC-201453,JNC-PNQ-007,Chandani Chowk Junction,Pune,Maharashtra,2018,Minor,0,1,Clear,Roundabout,Auto-rickshaw & Bus
ACC-201454,JNC-BLR-006,Goraguntepalya Junction,Bengaluru,Karnataka,2018,Serious,0,3,Clear,Flyover Exit,Motorcycle & Bus
ACC-201455,JNC-BLR-006,Goraguntepalya Junction,Bengaluru,Karnataka,2018,Fatal,1,4,Clear,Flyover Exit,Motorcycle & Bus
ACC-201456,JNC-MUM-003,Dadar TT Circle,Mumbai,Maharashtra,2018,Minor,0,1,Clear,Roundabout,Auto-rickshaw & Bus
ACC-201457,JNC-BLR-001,Silk Board Junction,Bengaluru,Karnataka,2019,Serious,0,2,Clear,Urban Intersection,Pedestrian & Motorcycle
ACC-201458,JNC-DEL-002,ITO Crossing,New Delhi,Delhi,2020,Minor,0,0,Clear,Urban Intersection,Pedestrian & Motorcycle
ACC-201459,JNC-DEL-002,ITO Crossing,New Delhi,Delhi,2022,Minor,0,0,Clear,Roundabout,Motorcycle & Bus
ACC-201460,JNC-DEL-002,ITO Crossing,New Delhi,Delhi,2019,Minor,0,0,Heavy Rain,4-Lane Highway Merge,Pedestrian & Motorcycle
ACC-201461,JNC-MUM-003,Dadar TT Circle,Mumbai,Maharashtra,2018,Serious,0,2,Heavy Rain,Urban Intersection,Auto-rickshaw & Bus
ACC-201462,JNC-HYD-005,Panjagutta Junction,Hyderabad,Telangana,2022,Minor,0,1,Clear,4-Lane Highway Merge,Car & Truck
ACC-201463,JNC-DEL-002,ITO Crossing,New Delhi,Delhi,2019,Serious,0,2,Monsoon Pour,Roundabout,Car & Car
ACC-201464,JNC-DEL-002,ITO Crossing,New Delhi,Delhi,2021,Fatal,1,0,Clear,Flyover Exit,Car & Car
ACC-201465,JNC-DEL-002,ITO Crossing,New Delhi,Delhi,2022,Minor,0,0,Clear,Urban Intersection,Motorcycle & Car
ACC-201466,JNC-BLR-001,Silk Board Junction,Bengaluru,Karnataka,2019,Minor,0,1,Heavy Rain,Urban Intersection,Car & Car
ACC-201467,JNC-MAA-004,Kathipara Junction,Chennai,Tamil Nadu,2020,Fatal,1,2,Fog / Mist,Flyover Exit,Auto-rickshaw & Bus
ACC-201468,JNC-HYD-005,Panjagutta Junction,Hyderabad,Telangana,2023,Fatal,1,1,Clear,4-Lane Highway Merge,Motorcycle & Bus
ACC-201469,JNC-DEL-002,ITO Crossing,New Delhi,Delhi,2022,Fatal,3,2,Heavy Rain,Flyover Exit,Auto-rickshaw & Bus
ACC-201470,JNC-DEL-002,ITO Crossing,New Delhi,Delhi,2019,Serious,0,1,Heavy Rain,Roundabout,Auto-rickshaw & Bus
ACC-201471,JNC-DEL-002,ITO Crossing,New Delhi,Delhi,2023,Serious,0,1,Heavy Rain,4-Lane Highway Merge,Auto-rickshaw & Bus
ACC-201472,JNC-HYD-005,Panjagutta Junction,Hyderabad,Telangana,2020,Fatal,1,0,Heavy Rain,Urban Intersection,Pedestrian & Motorcycle
ACC-201473,JNC-BLR-001,Silk Board Junction,Bengaluru,Karnataka,2020,Serious,0,2,Heavy Rain,4-Lane Highway Merge,Auto-rickshaw & Bus
ACC-201474,JNC-BLR-006,Goraguntepalya Junction,Bengaluru,Karnataka,2019,Fatal,3,4,Monsoon Pour,Urban Intersection,Auto-rickshaw & Bus
ACC-201475,JNC-BLR-001,Silk Board Junction,Bengaluru,Karnataka,2022,Serious,0,2,Heavy Rain,Flyover Exit,Car & Car
ACC-201476,JNC-BLR-001,Silk Board Junction,Bengaluru,Karnataka,2018,Fatal,2,0,Clear,Urban Intersection,Pedestrian & Motorcycle
ACC-201477,JNC-BLR-001,Silk Board Junction,Bengaluru,Karnataka,2021,Minor,0,0,Clear,Roundabout,Car & Truck
ACC-201478,JNC-MUM-003,Dadar TT Circle,Mumbai,Maharashtra,2019,Minor,0,1,Clear,Urban Intersection,Car & Truck
ACC-201479,JNC-DEL-002,ITO Crossing,New Delhi,Delhi,2020,Minor,0,0,Clear,Roundabout,Car & Truck
ACC-201480,JNC-BLR-001,Silk Board Junction,Bengaluru,Karnataka,2018,Minor,0,1,Clear,4-Lane Highway Merge,Car & Car
ACC-201481,JNC-BLR-001,Silk Board Junction,Bengaluru,Karnataka,2022,Fatal,1,3,Fog / Mist,Roundabout,Car & Car
ACC-201482,JNC-BLR-001,Silk Board Junction,Bengaluru,Karnataka,2022,Minor,0,0,Heavy Rain,4-Lane Highway Merge,Auto-rickshaw & Bus
ACC-201483,JNC-BLR-006,Goraguntepalya Junction,Bengaluru,Karnataka,2020,Serious,0,1,Heavy Rain,Roundabout,Auto-rickshaw & Bus
ACC-201484,JNC-BLR-001,Silk Board Junction,Bengaluru,Karnataka,2019,Minor,0,0,Clear,Urban Intersection,Auto-rickshaw & Bus
ACC-201485,JNC-BLR-006,Goraguntepalya Junction,Bengaluru,Karnataka,2019,Serious,0,2,Monsoon Pour,Flyover Exit,Motorcycle & Bus
ACC-201486,JNC-MUM-003,Dadar TT Circle,Mumbai,Maharashtra,2018,Fatal,2,2,Clear,4-Lane Highway Merge,Pedestrian & Motorcycle
ACC-201487,JNC-BLR-001,Silk Board Junction,Bengaluru,Karnataka,2018,Minor,0,1,Clear,Flyover Exit,Car & Car
ACC-201488,JNC-MAA-004,Kathipara Junction,Chennai,Tamil Nadu,2021,Minor,0,1,Monsoon Pour,4-Lane Highway Merge,Car & Car
ACC-201489,JNC-DEL-002,ITO Crossing,New Delhi,Delhi,2020,Fatal,3,0,Heavy Rain,Roundabout,Motorcycle & Car
ACC-201490,JNC-DEL-002,ITO Crossing,New Delhi,Delhi,2019,Serious,0,3,Clear,Roundabout,Motorcycle & Car
ACC-201491,JNC-DEL-002,ITO Crossing,New Delhi,Delhi,2020,Fatal,1,3,Heavy Rain,Flyover Exit,Pedestrian & Motorcycle
ACC-201492,JNC-MUM-003,Dadar TT Circle,Mumbai,Maharashtra,2020,Minor,0,0,Clear,Roundabout,Car & Truck
ACC-201493,JNC-HYD-005,Panjagutta Junction,Hyderabad,Telangana,2018,Fatal,2,2,Clear,Flyover Exit,Pedestrian & Motorcycle
ACC-201494,JNC-MUM-003,Dadar TT Circle,Mumbai,Maharashtra,2019,Minor,0,0,Clear,Roundabout,Pedestrian & Motorcycle
ACC-201495,JNC-BLR-001,Silk Board Junction,Bengaluru,Karnataka,2022,Serious,0,3,Clear,Roundabout,Motorcycle & Bus
ACC-201496,JNC-DEL-002,ITO Crossing,New Delhi,Delhi,2021,Serious,0,3,Heavy Rain,Urban Intersection,Auto-rickshaw & Bus
ACC-201497,JNC-BLR-006,Goraguntepalya Junction,Bengaluru,Karnataka,2020,Minor,0,0,Clear,Flyover Exit,Car & Car
ACC-201498,JNC-MAA-004,Kathipara Junction,Chennai,Tamil Nadu,2019,Fatal,3,1,Clear,Roundabout,Car & Truck
ACC-201499,JNC-PNQ-007,Chandani Chowk Junction,Pune,Maharashtra,2018,Fatal,2,2,Clear,4-Lane Highway Merge,Auto-rickshaw & Bus
ACC-201500,JNC-BLR-001,Silk Board Junction,Bengaluru,Karnataka,2020,Serious,0,3,Heavy Rain,Roundabout,Car & Car
ACC-201501,JNC-HYD-005,Panjagutta Junction,Hyderabad,Telangana,2022,Serious,0,1,Clear,Flyover Exit,Car & Car
ACC-201502,JNC-DEL-002,ITO Crossing,New Delhi,Delhi,2023,Minor,0,1,Clear,Urban Intersection,Motorcycle & Bus
ACC-201503,JNC-MAA-004,Kathipara Junction,Chennai,Tamil Nadu,2022,Minor,0,1,Heavy Rain,Urban Intersection,Car & Truck
ACC-201504,JNC-BLR-006,Goraguntepalya Junction,Bengaluru,Karnataka,2022,Minor,0,0,Heavy Rain,Urban Intersection,Car & Car
ACC-201505,JNC-PNQ-007,Chandani Chowk Junction,Pune,Maharashtra,2023,Fatal,3,2,Heavy Rain,Roundabout,Car & Car
ACC-201506,JNC-BLR-001,Silk Board Junction,Bengaluru,Karnataka,2021,Serious,0,1,Fog / Mist,Roundabout,Pedestrian & Motorcycle
ACC-201507,JNC-MAA-004,Kathipara Junction,Chennai,Tamil Nadu,2023,Serious,0,1,Clear,4-Lane Highway Merge,Car & Car
ACC-201508,JNC-MUM-003,Dadar TT Circle,Mumbai,Maharashtra,2021,Minor,0,0,Clear,Roundabout,Auto-rickshaw & Bus
ACC-201509,JNC-BLR-001,Silk Board Junction,Bengaluru,Karnataka,2022,Fatal,2,3,Clear,4-Lane Highway Merge,Motorcycle & Bus
ACC-201510,JNC-MUM-003,Dadar TT Circle,Mumbai,Maharashtra,2022,Minor,0,0,Monsoon Pour,Flyover Exit,Pedestrian & Motorcycle
ACC-201511,JNC-BLR-001,Silk Board Junction,Bengaluru,Karnataka,2018,Serious,0,3,Clear,Urban Intersection,Motorcycle & Car
ACC-201512,JNC-MAA-004,Kathipara Junction,Chennai,Tamil Nadu,2020,Minor,0,0,Clear,Flyover Exit,Car & Car
ACC-201513,JNC-PNQ-007,Chandani Chowk Junction,Pune,Maharashtra,2018,Fatal,2,2,Heavy Rain,Urban Intersection,Pedestrian & Motorcycle
ACC-201514,JNC-BLR-001,Silk Board Junction,Bengaluru,Karnataka,2022,Minor,0,1,Clear,Roundabout,Pedestrian & Motorcycle
ACC-201515,JNC-BLR-001,Silk Board Junction,Bengaluru,Karnataka,2021,Serious,0,1,Heavy Rain,Roundabout,Motorcycle & Car
ACC-201516,JNC-MUM-003,Dadar TT Circle,Mumbai,Maharashtra,2018,Serious,0,1,Heavy Rain,Flyover Exit,Motorcycle & Bus
ACC-201517,JNC-BLR-006,Goraguntepalya Junction,Bengaluru,Karnataka,2022,Serious,0,3,Heavy Rain,4-Lane Highway Merge,Motorcycle & Car
ACC-201518,JNC-DEL-002,ITO Crossing,New Delhi,Delhi,2022,Serious,0,1,Clear,Flyover Exit,Motorcycle & Bus
ACC-201519,JNC-MUM-003,Dadar TT Circle,Mumbai,Maharashtra,2022,Fatal,3,3,Clear,Flyover Exit,Car & Car
ACC-201520,JNC-BLR-006,Goraguntepalya Junction,Bengaluru,Karnataka,2022,Fatal,3,4,Clear,Urban Intersection,Motorcycle & Bus
ACC-201521,JNC-DEL-002,ITO Crossing,New Delhi,Delhi,2023,Minor,0,1,Clear,Roundabout,Auto-rickshaw & Bus
ACC-201522,JNC-HYD-005,Panjagutta Junction,Hyderabad,Telangana,2022,Serious,0,3,Monsoon Pour,4-Lane Highway Merge,Auto-rickshaw & Bus
ACC-201523,JNC-MUM-003,Dadar TT Circle,Mumbai,Maharashtra,2022,Minor,0,0,Clear,Roundabout,Motorcycle & Bus
ACC-201524,JNC-PNQ-007,Chandani Chowk Junction,Pune,Maharashtra,2018,Serious,0,3,Clear,Roundabout,Motorcycle & Car
ACC-201525,JNC-BLR-001,Silk Board Junction,Bengaluru,Karnataka,2020,Serious,0,1,Clear,Flyover Exit,Motorcycle & Car
ACC-201526,JNC-BLR-001,Silk Board Junction,Bengaluru,Karnataka,2020,Minor,0,1,Clear,4-Lane Highway Merge,Motorcycle & Car
ACC-201527,JNC-HYD-005,Panjagutta Junction,Hyderabad,Telangana,2022,Serious,0,3,Fog / Mist,Roundabout,Car & Car
ACC-201528,JNC-DEL-002,ITO Crossing,New Delhi,Delhi,2022,Minor,0,0,Monsoon Pour,4-Lane Highway Merge,Motorcycle & Bus
ACC-201529,JNC-DEL-002,ITO Crossing,New Delhi,Delhi,2018,Serious,0,2,Clear,Urban Intersection,Car & Car
ACC-201530,JNC-BLR-001,Silk Board Junction,Bengaluru,Karnataka,2021,Serious,0,2,Heavy Rain,4-Lane Highway Merge,Motorcycle & Bus
ACC-201531,JNC-BLR-001,Silk Board Junction,Bengaluru,Karnataka,2018,Serious,0,1,Clear,Urban Intersection,Motorcycle & Car
ACC-201532,JNC-BLR-006,Goraguntepalya Junction,Bengaluru,Karnataka,2023,Minor,0,1,Heavy Rain,4-Lane Highway Merge,Car & Car
ACC-201533,JNC-BLR-001,Silk Board Junction,Bengaluru,Karnataka,2018,Minor,0,1,Clear,Roundabout,Motorcycle & Car
ACC-201534,JNC-BLR-001,Silk Board Junction,Bengaluru,Karnataka,2019,Minor,0,0,Fog / Mist,Roundabout,Car & Truck
ACC-201535,JNC-MUM-003,Dadar TT Circle,Mumbai,Maharashtra,2019,Serious,0,1,Clear,4-Lane Highway Merge,Car & Car
ACC-201536,JNC-HYD-005,Panjagutta Junction,Hyderabad,Telangana,2020,Minor,0,0,Heavy Rain,Roundabout,Motorcycle & Car
ACC-201537,JNC-BLR-006,Goraguntepalya Junction,Bengaluru,Karnataka,2022,Serious,0,1,Heavy Rain,4-Lane Highway Merge,Motorcycle & Car
ACC-201538,JNC-DEL-002,ITO Crossing,New Delhi,Delhi,2018,Minor,0,1,Heavy Rain,Flyover Exit,Car & Truck
ACC-201539,JNC-PNQ-007,Chandani Chowk Junction,Pune,Maharashtra,2021,Serious,0,2,Clear,Flyover Exit,Auto-rickshaw & Bus
ACC-201540,JNC-BLR-001,Silk Board Junction,Bengaluru,Karnataka,2019,Minor,0,0,Monsoon Pour,Roundabout,Car & Truck
ACC-201541,JNC-BLR-006,Goraguntepalya Junction,Bengaluru,Karnataka,2020,Serious,0,2,Clear,4-Lane Highway Merge,Motorcycle & Car
ACC-201542,JNC-HYD-005,Panjagutta Junction,Hyderabad,Telangana,2021,Serious,0,3,Clear,Urban Intersection,Car & Truck
ACC-201543,JNC-BLR-001,Silk Board Junction,Bengaluru,Karnataka,2019,Serious,0,1,Clear,4-Lane Highway Merge,Auto-rickshaw & Bus
ACC-201544,JNC-PNQ-007,Chandani Chowk Junction,Pune,Maharashtra,2020,Fatal,3,0,Clear,Flyover Exit,Car & Truck
ACC-201545,JNC-DEL-002,ITO Crossing,New Delhi,Delhi,2023,Serious,0,3,Clear,Flyover Exit,Motorcycle & Car
ACC-201546,JNC-MAA-004,Kathipara Junction,Chennai,Tamil Nadu,2021,Fatal,2,0,Clear,Roundabout,Auto-rickshaw & Bus
ACC-201547,JNC-BLR-006,Goraguntepalya Junction,Bengaluru,Karnataka,2021,Serious,0,1,Fog / Mist,Flyover Exit,Car & Car
ACC-201548,JNC-BLR-001,Silk Board Junction,Bengaluru,Karnataka,2023,Minor,0,0,Heavy Rain,Roundabout,Car & Car
ACC-201549,JNC-BLR-001,Silk Board Junction,Bengaluru,Karnataka,2022,Minor,0,1,Heavy Rain,Flyover Exit,Pedestrian & Motorcycle
ACC-201550,JNC-HYD-005,Panjagutta Junction,Hyderabad,Telangana,2020,Minor,0,0,Clear,Flyover Exit,Pedestrian & Motorcycle
ACC-201551,JNC-BLR-006,Goraguntepalya Junction,Bengaluru,Karnataka,2021,Serious,0,1,Heavy Rain,Flyover Exit,Motorcycle & Bus
ACC-201552,JNC-BLR-006,Goraguntepalya Junction,Bengaluru,Karnataka,2021,Minor,0,0,Heavy Rain,Flyover Exit,Motorcycle & Car
ACC-201553,JNC-DEL-002,ITO Crossing,New Delhi,Delhi,2022,Fatal,2,3,Clear,Roundabout,Car & Car
ACC-201554,JNC-DEL-002,ITO Crossing,New Delhi,Delhi,2018,Fatal,1,4,Clear,Roundabout,Car & Car
ACC-201555,JNC-DEL-002,ITO Crossing,New Delhi,Delhi,2019,Minor,0,1,Clear,Flyover Exit,Auto-rickshaw & Bus
ACC-201556,JNC-BLR-001,Silk Board Junction,Bengaluru,Karnataka,2020,Minor,0,0,Heavy Rain,4-Lane Highway Merge,Car & Car
ACC-201557,JNC-HYD-005,Panjagutta Junction,Hyderabad,Telangana,2021,Minor,0,1,Clear,Urban Intersection,Motorcycle & Bus
ACC-201558,JNC-DEL-002,ITO Crossing,New Delhi,Delhi,2023,Minor,0,1,Clear,Flyover Exit,Motorcycle & Car
ACC-201559,JNC-MUM-003,Dadar TT Circle,Mumbai,Maharashtra,2022,Minor,0,0,Clear,4-Lane Highway Merge,Motorcycle & Bus
ACC-201560,JNC-BLR-006,Goraguntepalya Junction,Bengaluru,Karnataka,2020,Serious,0,3,Heavy Rain,Flyover Exit,Motorcycle & Car
ACC-201561,JNC-BLR-001,Silk Board Junction,Bengaluru,Karnataka,2023,Minor,0,1,Clear,Urban Intersection,Auto-rickshaw & Bus
ACC-201562,JNC-DEL-002,ITO Crossing,New Delhi,Delhi,2022,Serious,0,3,Clear,Roundabout,Pedestrian & Motorcycle
ACC-201563,JNC-BLR-001,Silk Board Junction,Bengaluru,Karnataka,2022,Fatal,2,4,Monsoon Pour,Flyover Exit,Car & Car
ACC-201564,JNC-MAA-004,Kathipara Junction,Chennai,Tamil Nadu,2021,Serious,0,2,Clear,Urban Intersection,Motorcycle & Bus
ACC-201565,JNC-BLR-001,Silk Board Junction,Bengaluru,Karnataka,2022,Minor,0,1,Clear,Roundabout,Motorcycle & Car
ACC-201566,JNC-MUM-003,Dadar TT Circle,Mumbai,Maharashtra,2021,Serious,0,1,Clear,Urban Intersection,Auto-rickshaw & Bus
ACC-201567,JNC-MAA-004,Kathipara Junction,Chennai,Tamil Nadu,2020,Fatal,1,0,Heavy Rain,4-Lane Highway Merge,Auto-rickshaw & Bus
ACC-201568,JNC-DEL-002,ITO Crossing,New Delhi,Delhi,2020,Serious,0,2,Clear,Flyover Exit,Car & Car
ACC-201569,JNC-BLR-001,Silk Board Junction,Bengaluru,Karnataka,2020,Serious,0,1,Clear,4-Lane Highway Merge,Pedestrian & Motorcycle
ACC-201570,JNC-DEL-002,ITO Crossing,New Delhi,Delhi,2021,Serious,0,2,Clear,Roundabout,Pedestrian & Motorcycle
ACC-201571,JNC-BLR-001,Silk Board Junction,Bengaluru,Karnataka,2022,Serious,0,2,Heavy Rain,4-Lane Highway Merge,Auto-rickshaw & Bus
ACC-201572,JNC-DEL-002,ITO Crossing,New Delhi,Delhi,2021,Serious,0,1,Clear,Flyover Exit,Motorcycle & Car
ACC-201573,JNC-BLR-001,Silk Board Junction,Bengaluru,Karnataka,2019,Serious,0,1,Heavy Rain,Urban Intersection,Pedestrian & Motorcycle
ACC-201574,JNC-MUM-003,Dadar TT Circle,Mumbai,Maharashtra,2022,Fatal,1,3,Clear,Flyover Exit,Pedestrian & Motorcycle
ACC-201575,JNC-BLR-001,Silk Board Junction,Bengaluru,Karnataka,2021,Fatal,2,2,Fog / Mist,Flyover Exit,Car & Car
ACC-201576,JNC-MAA-004,Kathipara Junction,Chennai,Tamil Nadu,2023,Minor,0,0,Clear,Roundabout,Auto-rickshaw & Bus
ACC-201577,JNC-MAA-004,Kathipara Junction,Chennai,Tamil Nadu,2019,Minor,0,0,Clear,Urban Intersection,Pedestrian & Motorcycle
ACC-201578,JNC-BLR-006,Goraguntepalya Junction,Bengaluru,Karnataka,2019,Fatal,3,1,Fog / Mist,Roundabout,Pedestrian & Motorcycle
ACC-201579,JNC-HYD-005,Panjagutta Junction,Hyderabad,Telangana,2022,Serious,0,1,Fog / Mist,Roundabout,Auto-rickshaw & Bus
ACC-201580,JNC-MAA-004,Kathipara Junction,Chennai,Tamil Nadu,2023,Fatal,1,3,Clear,Flyover Exit,Car & Car
ACC-201581,JNC-BLR-006,Goraguntepalya Junction,Bengaluru,Karnataka,2021,Fatal,1,0,Clear,4-Lane Highway Merge,Pedestrian & Motorcycle
ACC-201582,JNC-BLR-006,Goraguntepalya Junction,Bengaluru,Karnataka,2018,Fatal,2,2,Clear,Urban Intersection,Car & Truck
ACC-201583,JNC-MUM-003,Dadar TT Circle,Mumbai,Maharashtra,2023,Serious,0,1,Clear,Urban Intersection,Motorcycle & Car
ACC-201584,JNC-BLR-001,Silk Board Junction,Bengaluru,Karnataka,2023,Minor,0,1,Clear,Roundabout,Motorcycle & Bus
ACC-201585,JNC-MUM-003,Dadar TT Circle,Mumbai,Maharashtra,2021,Serious,0,3,Clear,4-Lane Highway Merge,Car & Truck
ACC-201586,JNC-MAA-004,Kathipara Junction,Chennai,Tamil Nadu,2018,Fatal,1,1,Heavy Rain,Urban Intersection,Motorcycle & Bus
ACC-201587,JNC-BLR-001,Silk Board Junction,Bengaluru,Karnataka,2021,Fatal,1,3,Heavy Rain,Urban Intersection,Car & Car
ACC-201588,JNC-MAA-004,Kathipara Junction,Chennai,Tamil Nadu,2023,Minor,0,1,Fog / Mist,Flyover Exit,Motorcycle & Bus
ACC-201589,JNC-DEL-002,ITO Crossing,New Delhi,Delhi,2021,Serious,0,3,Clear,Roundabout,Pedestrian & Motorcycle
ACC-201590,JNC-BLR-006,Goraguntepalya Junction,Bengaluru,Karnataka,2023,Minor,0,0,Clear,Flyover Exit,Motorcycle & Bus
ACC-201591,JNC-DEL-002,ITO Crossing,New Delhi,Delhi,2022,Fatal,2,4,Fog / Mist,Urban Intersection,Motorcycle & Car
ACC-201592,JNC-MUM-003,Dadar TT Circle,Mumbai,Maharashtra,2019,Serious,0,2,Clear,Roundabout,Car & Truck
ACC-201593,JNC-MUM-003,Dadar TT Circle,Mumbai,Maharashtra,2019,Minor,0,0,Heavy Rain,4-Lane Highway Merge,Motorcycle & Bus
ACC-201594,JNC-HYD-005,Panjagutta Junction,Hyderabad,Telangana,2023,Serious,0,3,Clear,4-Lane Highway Merge,Motorcycle & Bus
ACC-201595,JNC-DEL-002,ITO Crossing,New Delhi,Delhi,2022,Serious,0,1,Heavy Rain,Flyover Exit,Car & Car
ACC-201596,JNC-MAA-004,Kathipara Junction,Chennai,Tamil Nadu,2021,Serious,0,1,Heavy Rain,Flyover Exit,Motorcycle & Car
ACC-201597,JNC-MUM-003,Dadar TT Circle,Mumbai,Maharashtra,2021,Minor,0,1,Fog / Mist,Flyover Exit,Motorcycle & Car
ACC-201598,JNC-MUM-003,Dadar TT Circle,Mumbai,Maharashtra,2020,Serious,0,3,Heavy Rain,Flyover Exit,Auto-rickshaw & Bus
ACC-201599,JNC-DEL-002,ITO Crossing,New Delhi,Delhi,2021,Minor,0,0,Monsoon Pour,4-Lane Highway Merge,Auto-rickshaw & Bus
ACC-201600,JNC-BLR-006,Goraguntepalya Junction,Bengaluru,Karnataka,2022,Fatal,1,0,Clear,Urban Intersection,Car & Car
ACC-201601,JNC-DEL-002,ITO Crossing,New Delhi,Delhi,2018,Serious,0,1,Clear,Roundabout,Motorcycle & Bus
ACC-201602,JNC-DEL-002,ITO Crossing,New Delhi,Delhi,2023,Serious,0,3,Clear,4-Lane Highway Merge,Car & Car
ACC-201603,JNC-BLR-001,Silk Board Junction,Bengaluru,Karnataka,2020,Serious,0,2,Clear,Roundabout,Motorcycle & Car
ACC-201604,JNC-DEL-002,ITO Crossing,New Delhi,Delhi,2020,Fatal,3,1,Fog / Mist,Urban Intersection,Auto-rickshaw & Bus
ACC-201605,JNC-HYD-005,Panjagutta Junction,Hyderabad,Telangana,2023,Minor,0,0,Clear,Flyover Exit,Motorcycle & Car
ACC-201606,JNC-BLR-001,Silk Board Junction,Bengaluru,Karnataka,2020,Minor,0,1,Clear,Urban Intersection,Car & Car
ACC-201607,JNC-BLR-006,Goraguntepalya Junction,Bengaluru,Karnataka,2022,Serious,0,1,Clear,Flyover Exit,Pedestrian & Motorcycle
ACC-201608,JNC-PNQ-007,Chandani Chowk Junction,Pune,Maharashtra,2019,Serious,0,1,Clear,Urban Intersection,Pedestrian & Motorcycle
ACC-201609,JNC-MUM-003,Dadar TT Circle,Mumbai,Maharashtra,2021,Minor,0,1,Fog / Mist,Roundabout,Car & Truck
ACC-201610,JNC-BLR-001,Silk Board Junction,Bengaluru,Karnataka,2023,Minor,0,0,Monsoon Pour,Urban Intersection,Car & Car
ACC-201611,JNC-HYD-005,Panjagutta Junction,Hyderabad,Telangana,2023,Fatal,3,4,Fog / Mist,Roundabout,Auto-rickshaw & Bus
ACC-201612,JNC-HYD-005,Panjagutta Junction,Hyderabad,Telangana,2023,Serious,0,1,Monsoon Pour,Roundabout,Motorcycle & Bus
ACC-201613,JNC-BLR-006,Goraguntepalya Junction,Bengaluru,Karnataka,2018,Minor,0,0,Clear,Roundabout,Motorcycle & Car
ACC-201614,JNC-HYD-005,Panjagutta Junction,Hyderabad,Telangana,2018,Fatal,3,4,Clear,4-Lane Highway Merge,Motorcycle & Car
ACC-201615,JNC-HYD-005,Panjagutta Junction,Hyderabad,Telangana,2018,Serious,0,1,Fog / Mist,Roundabout,Pedestrian & Motorcycle
ACC-201616,JNC-DEL-002,ITO Crossing,New Delhi,Delhi,2021,Fatal,2,1,Heavy Rain,Roundabout,Pedestrian & Motorcycle
ACC-201617,JNC-BLR-006,Goraguntepalya Junction,Bengaluru,Karnataka,2021,Minor,0,1,Monsoon Pour,Flyover Exit,Motorcycle & Car
ACC-201618,JNC-MUM-003,Dadar TT Circle,Mumbai,Maharashtra,2021,Fatal,3,1,Clear,Flyover Exit,Motorcycle & Car
ACC-201619,JNC-BLR-006,Goraguntepalya Junction,Bengaluru,Karnataka,2022,Minor,0,0,Clear,Flyover Exit,Motorcycle & Car
ACC-201620,JNC-MUM-003,Dadar TT Circle,Mumbai,Maharashtra,2020,Fatal,3,3,Monsoon Pour,Flyover Exit,Auto-rickshaw & Bus
ACC-201621,JNC-DEL-002,ITO Crossing,New Delhi,Delhi,2022,Serious,0,1,Fog / Mist,Flyover Exit,Motorcycle & Bus
ACC-201622,JNC-BLR-006,Goraguntepalya Junction,Bengaluru,Karnataka,2020,Serious,0,3,Heavy Rain,Roundabout,Auto-rickshaw & Bus
ACC-201623,JNC-BLR-001,Silk Board Junction,Bengaluru,Karnataka,2021,Minor,0,0,Heavy Rain,Urban Intersection,Car & Car
ACC-201624,JNC-MUM-003,Dadar TT Circle,Mumbai,Maharashtra,2020,Serious,0,2,Heavy Rain,Roundabout,Motorcycle & Car
ACC-201625,JNC-BLR-006,Goraguntepalya Junction,Bengaluru,Karnataka,2019,Fatal,1,1,Clear,Flyover Exit,Car & Car
ACC-201626,JNC-DEL-002,ITO Crossing,New Delhi,Delhi,2023,Serious,0,1,Fog / Mist,Roundabout,Motorcycle & Bus
ACC-201627,JNC-BLR-001,Silk Board Junction,Bengaluru,Karnataka,2019,Fatal,1,3,Clear,Roundabout,Pedestrian & Motorcycle
ACC-201628,JNC-BLR-006,Goraguntepalya Junction,Bengaluru,Karnataka,2022,Serious,0,1,Heavy Rain,Urban Intersection,Motorcycle & Car
ACC-201629,JNC-BLR-006,Goraguntepalya Junction,Bengaluru,Karnataka,2023,Serious,0,3,Fog / Mist,4-Lane Highway Merge,Car & Truck
ACC-201630,JNC-BLR-001,Silk Board Junction,Bengaluru,Karnataka,2018,Fatal,3,4,Clear,Urban Intersection,Car & Truck
ACC-201631,JNC-MAA-004,Kathipara Junction,Chennai,Tamil Nadu,2021,Fatal,2,2,Monsoon Pour,4-Lane Highway Merge,Car & Truck
ACC-201632,JNC-DEL-002,ITO Crossing,New Delhi,Delhi,2018,Fatal,1,1,Clear,Flyover Exit,Car & Truck
ACC-201633,JNC-BLR-001,Silk Board Junction,Bengaluru,Karnataka,2018,Minor,0,0,Fog / Mist,Flyover Exit,Auto-rickshaw & Bus
ACC-201634,JNC-MUM-003,Dadar TT Circle,Mumbai,Maharashtra,2019,Minor,0,1,Clear,Flyover Exit,Auto-rickshaw & Bus
ACC-201635,JNC-MUM-003,Dadar TT Circle,Mumbai,Maharashtra,2020,Serious,0,2,Monsoon Pour,Roundabout,Auto-rickshaw & Bus
ACC-201636,JNC-MUM-003,Dadar TT Circle,Mumbai,Maharashtra,2023,Minor,0,0,Clear,Roundabout,Car & Car
ACC-201637,JNC-BLR-006,Goraguntepalya Junction,Bengaluru,Karnataka,2020,Serious,0,1,Heavy Rain,4-Lane Highway Merge,Pedestrian & Motorcycle
ACC-201638,JNC-BLR-001,Silk Board Junction,Bengaluru,Karnataka,2020,Fatal,2,2,Fog / Mist,Flyover Exit,Car & Car
ACC-201639,JNC-BLR-001,Silk Board Junction,Bengaluru,Karnataka,2023,Serious,0,1,Clear,Flyover Exit,Car & Car
ACC-201640,JNC-MUM-003,Dadar TT Circle,Mumbai,Maharashtra,2020,Serious,0,2,Clear,Roundabout,Motorcycle & Bus
ACC-201641,JNC-BLR-001,Silk Board Junction,Bengaluru,Karnataka,2020,Fatal,3,2,Heavy Rain,Roundabout,Car & Car
ACC-201642,JNC-MAA-004,Kathipara Junction,Chennai,Tamil Nadu,2021,Fatal,2,4,Fog / Mist,Roundabout,Car & Car
ACC-201643,JNC-BLR-001,Silk Board Junction,Bengaluru,Karnataka,2023,Minor,0,1,Clear,4-Lane Highway Merge,Pedestrian & Motorcycle
ACC-201644,JNC-MUM-003,Dadar TT Circle,Mumbai,Maharashtra,2020,Fatal,3,3,Clear,Urban Intersection,Car & Truck
ACC-201645,JNC-HYD-005,Panjagutta Junction,Hyderabad,Telangana,2023,Fatal,1,3,Clear,Roundabout,Car & Truck
ACC-201646,JNC-MAA-004,Kathipara Junction,Chennai,Tamil Nadu,2018,Fatal,3,4,Monsoon Pour,Urban Intersection,Car & Car
ACC-201647,JNC-BLR-001,Silk Board Junction,Bengaluru,Karnataka,2022,Minor,0,1,Clear,4-Lane Highway Merge,Motorcycle & Bus
ACC-201648,JNC-PNQ-007,Chandani Chowk Junction,Pune,Maharashtra,2018,Fatal,2,4,Clear,4-Lane Highway Merge,Car & Car
ACC-201649,JNC-BLR-001,Silk Board Junction,Bengaluru,Karnataka,2019,Minor,0,0,Heavy Rain,Flyover Exit,Motorcycle & Car
ACC-201650,JNC-MAA-004,Kathipara Junction,Chennai,Tamil Nadu,2019,Serious,0,2,Clear,4-Lane Highway Merge,Pedestrian & Motorcycle
ACC-201651,JNC-DEL-002,ITO Crossing,New Delhi,Delhi,2023,Minor,0,0,Clear,Roundabout,Auto-rickshaw & Bus
ACC-201652,JNC-BLR-001,Silk Board Junction,Bengaluru,Karnataka,2021,Minor,0,0,Fog / Mist,Flyover Exit,Pedestrian & Motorcycle
ACC-201653,JNC-BLR-001,Silk Board Junction,Bengaluru,Karnataka,2019,Serious,0,2,Clear,Roundabout,Auto-rickshaw & Bus
ACC-201654,JNC-DEL-002,ITO Crossing,New Delhi,Delhi,2023,Minor,0,0,Clear,Flyover Exit,Pedestrian & Motorcycle
ACC-201655,JNC-MUM-003,Dadar TT Circle,Mumbai,Maharashtra,2018,Minor,0,0,Heavy Rain,Urban Intersection,Car & Truck
ACC-201656,JNC-BLR-006,Goraguntepalya Junction,Bengaluru,Karnataka,2019,Minor,0,0,Clear,4-Lane Highway Merge,Car & Car
ACC-201657,JNC-BLR-006,Goraguntepalya Junction,Bengaluru,Karnataka,2019,Serious,0,3,Heavy Rain,Flyover Exit,Motorcycle & Bus
ACC-201658,JNC-DEL-002,ITO Crossing,New Delhi,Delhi,2022,Fatal,1,4,Heavy Rain,Flyover Exit,Pedestrian & Motorcycle
ACC-201659,JNC-MUM-003,Dadar TT Circle,Mumbai,Maharashtra,2023,Serious,0,1,Fog / Mist,4-Lane Highway Merge,Car & Truck
ACC-201660,JNC-BLR-001,Silk Board Junction,Bengaluru,Karnataka,2020,Serious,0,1,Clear,Urban Intersection,Car & Truck
ACC-201661,JNC-BLR-001,Silk Board Junction,Bengaluru,Karnataka,2019,Serious,0,3,Clear,Flyover Exit,Pedestrian & Motorcycle
ACC-201662,JNC-HYD-005,Panjagutta Junction,Hyderabad,Telangana,2021,Serious,0,2,Fog / Mist,4-Lane Highway Merge,Motorcycle & Car
ACC-201663,JNC-MUM-003,Dadar TT Circle,Mumbai,Maharashtra,2020,Serious,0,1,Clear,Flyover Exit,Auto-rickshaw & Bus
ACC-201664,JNC-MUM-003,Dadar TT Circle,Mumbai,Maharashtra,2019,Minor,0,1,Heavy Rain,Flyover Exit,Motorcycle & Car
ACC-201665,JNC-BLR-001,Silk Board Junction,Bengaluru,Karnataka,2022,Minor,0,0,Clear,Roundabout,Car & Truck
ACC-201666,JNC-DEL-002,ITO Crossing,New Delhi,Delhi,2019,Fatal,3,0,Clear,4-Lane Highway Merge,Motorcycle & Bus
ACC-201667,JNC-MAA-004,Kathipara Junction,Chennai,Tamil Nadu,2021,Minor,0,1,Clear,Urban Intersection,Motorcycle & Car
ACC-201668,JNC-MUM-003,Dadar TT Circle,Mumbai,Maharashtra,2022,Serious,0,3,Clear,Roundabout,Car & Car
ACC-201669,JNC-DEL-002,ITO Crossing,New Delhi,Delhi,2023,Fatal,1,3,Clear,Flyover Exit,Car & Truck
ACC-201670,JNC-MAA-004,Kathipara Junction,Chennai,Tamil Nadu,2020,Minor,0,0,Clear,Urban Intersection,Motorcycle & Bus
ACC-201671,JNC-DEL-002,ITO Crossing,New Delhi,Delhi,2023,Serious,0,1,Heavy Rain,Flyover Exit,Motorcycle & Bus
ACC-201672,JNC-HYD-005,Panjagutta Junction,Hyderabad,Telangana,2021,Minor,0,1,Clear,Flyover Exit,Pedestrian & Motorcycle
ACC-201673,JNC-MAA-004,Kathipara Junction,Chennai,Tamil Nadu,2019,Serious,0,2,Fog / Mist,Roundabout,Pedestrian & Motorcycle
ACC-201674,JNC-BLR-001,Silk Board Junction,Bengaluru,Karnataka,2019,Serious,0,1,Monsoon Pour,4-Lane Highway Merge,Pedestrian & Motorcycle
ACC-201675,JNC-PNQ-007,Chandani Chowk Junction,Pune,Maharashtra,2022,Minor,0,1,Clear,4-Lane Highway Merge,Motorcycle & Car
ACC-201676,JNC-BLR-006,Goraguntepalya Junction,Bengaluru,Karnataka,2020,Minor,0,0,Monsoon Pour,Flyover Exit,Pedestrian & Motorcycle
ACC-201677,JNC-MUM-003,Dadar TT Circle,Mumbai,Maharashtra,2021,Serious,0,2,Clear,Flyover Exit,Car & Car
ACC-201678,JNC-DEL-002,ITO Crossing,New Delhi,Delhi,2023,Fatal,2,3,Clear,Flyover Exit,Motorcycle & Bus
ACC-201679,JNC-MUM-003,Dadar TT Circle,Mumbai,Maharashtra,2019,Serious,0,1,Clear,Flyover Exit,Car & Car
ACC-201680,JNC-BLR-001,Silk Board Junction,Bengaluru,Karnataka,2020,Serious,0,1,Clear,4-Lane Highway Merge,Pedestrian & Motorcycle
ACC-201681,JNC-DEL-002,ITO Crossing,New Delhi,Delhi,2018,Serious,0,2,Heavy Rain,Flyover Exit,Motorcycle & Bus
ACC-201682,JNC-DEL-002,ITO Crossing,New Delhi,Delhi,2019,Minor,0,0,Heavy Rain,4-Lane Highway Merge,Auto-rickshaw & Bus
ACC-201683,JNC-DEL-002,ITO Crossing,New Delhi,Delhi,2022,Serious,0,2,Heavy Rain,Flyover Exit,Car & Car
ACC-201684,JNC-BLR-001,Silk Board Junction,Bengaluru,Karnataka,2021,Minor,0,1,Heavy Rain,Roundabout,Car & Truck
ACC-201685,JNC-BLR-001,Silk Board Junction,Bengaluru,Karnataka,2019,Fatal,3,2,Clear,Urban Intersection,Motorcycle & Bus
ACC-201686,JNC-HYD-005,Panjagutta Junction,Hyderabad,Telangana,2020,Fatal,3,0,Clear,Flyover Exit,Pedestrian & Motorcycle
ACC-201687,JNC-DEL-002,ITO Crossing,New Delhi,Delhi,2021,Fatal,1,4,Clear,Roundabout,Car & Car
ACC-201688,JNC-MUM-003,Dadar TT Circle,Mumbai,Maharashtra,2023,Serious,0,3,Clear,Flyover Exit,Pedestrian & Motorcycle
ACC-201689,JNC-BLR-001,Silk Board Junction,Bengaluru,Karnataka,2023,Serious,0,1,Clear,Urban Intersection,Car & Car
ACC-201690,JNC-MAA-004,Kathipara Junction,Chennai,Tamil Nadu,2023,Serious,0,3,Monsoon Pour,Flyover Exit,Motorcycle & Car
ACC-201691,JNC-MAA-004,Kathipara Junction,Chennai,Tamil Nadu,2018,Fatal,2,4,Heavy Rain,4-Lane Highway Merge,Car & Car
ACC-201692,JNC-DEL-002,ITO Crossing,New Delhi,Delhi,2019,Serious,0,3,Monsoon Pour,Roundabout,Car & Car
ACC-201693,JNC-BLR-001,Silk Board Junction,Bengaluru,Karnataka,2021,Serious,0,2,Monsoon Pour,4-Lane Highway Merge,Motorcycle & Car
ACC-201694,JNC-BLR-001,Silk Board Junction,Bengaluru,Karnataka,2023,Fatal,1,2,Clear,4-Lane Highway Merge,Car & Truck
ACC-201695,JNC-MAA-004,Kathipara Junction,Chennai,Tamil Nadu,2023,Minor,0,0,Clear,4-Lane Highway Merge,Car & Truck
ACC-201696,JNC-BLR-001,Silk Board Junction,Bengaluru,Karnataka,2021,Serious,0,2,Clear,4-Lane Highway Merge,Car & Car
ACC-201697,JNC-MUM-003,Dadar TT Circle,Mumbai,Maharashtra,2021,Minor,0,0,Heavy Rain,Roundabout,Motorcycle & Car
ACC-201698,JNC-DEL-002,ITO Crossing,New Delhi,Delhi,2023,Serious,0,1,Heavy Rain,Flyover Exit,Car & Car
ACC-201699,JNC-MUM-003,Dadar TT Circle,Mumbai,Maharashtra,2019,Serious,0,3,Fog / Mist,4-Lane Highway Merge,Auto-rickshaw & Bus
ACC-201700,JNC-MUM-003,Dadar TT Circle,Mumbai,Maharashtra,2023,Minor,0,1,Heavy Rain,Urban Intersection,Auto-rickshaw & Bus
ACC-201701,JNC-MUM-003,Dadar TT Circle,Mumbai,Maharashtra,2020,Serious,0,1,Clear,Urban Intersection,Motorcycle & Bus
ACC-201702,JNC-BLR-001,Silk Board Junction,Bengaluru,Karnataka,2023,Serious,0,2,Clear,Urban Intersection,Motorcycle & Car
ACC-201703,JNC-BLR-001,Silk Board Junction,Bengaluru,Karnataka,2023,Serious,0,2,Clear,Roundabout,Pedestrian & Motorcycle
ACC-201704,JNC-BLR-001,Silk Board Junction,Bengaluru,Karnataka,2019,Minor,0,1,Clear,Flyover Exit,Car & Car
ACC-201705,JNC-HYD-005,Panjagutta Junction,Hyderabad,Telangana,2022,Serious,0,2,Heavy Rain,4-Lane Highway Merge,Car & Car
ACC-201706,JNC-DEL-002,ITO Crossing,New Delhi,Delhi,2023,Minor,0,0,Clear,Flyover Exit,Car & Truck
ACC-201707,JNC-DEL-002,ITO Crossing,New Delhi,Delhi,2018,Serious,0,1,Clear,Roundabout,Pedestrian & Motorcycle
ACC-201708,JNC-DEL-002,ITO Crossing,New Delhi,Delhi,2019,Fatal,2,1,Fog / Mist,4-Lane Highway Merge,Pedestrian & Motorcycle
ACC-201709,JNC-BLR-006,Goraguntepalya Junction,Bengaluru,Karnataka,2020,Minor,0,1,Fog / Mist,Urban Intersection,Car & Car
ACC-201710,JNC-BLR-006,Goraguntepalya Junction,Bengaluru,Karnataka,2018,Minor,0,1,Clear,Roundabout,Car & Truck
ACC-201711,JNC-DEL-002,ITO Crossing,New Delhi,Delhi,2022,Serious,0,3,Fog / Mist,Flyover Exit,Car & Car
ACC-201712,JNC-BLR-001,Silk Board Junction,Bengaluru,Karnataka,2021,Serious,0,3,Fog / Mist,Urban Intersection,Motorcycle & Car
ACC-201713,JNC-MAA-004,Kathipara Junction,Chennai,Tamil Nadu,2019,Fatal,3,4,Heavy Rain,Flyover Exit,Motorcycle & Car
ACC-201714,JNC-HYD-005,Panjagutta Junction,Hyderabad,Telangana,2018,Serious,0,2,Clear,Urban Intersection,Motorcycle & Car
ACC-201715,JNC-MAA-004,Kathipara Junction,Chennai,Tamil Nadu,2020,Serious,0,3,Clear,4-Lane Highway Merge,Motorcycle & Bus
ACC-201716,JNC-BLR-001,Silk Board Junction,Bengaluru,Karnataka,2023,Serious,0,3,Clear,Urban Intersection,Motorcycle & Car
ACC-201717,JNC-BLR-006,Goraguntepalya Junction,Bengaluru,Karnataka,2019,Minor,0,1,Heavy Rain,Urban Intersection,Auto-rickshaw & Bus
ACC-201718,JNC-DEL-002,ITO Crossing,New Delhi,Delhi,2018,Serious,0,1,Heavy Rain,4-Lane Highway Merge,Auto-rickshaw & Bus
ACC-201719,JNC-BLR-001,Silk Board Junction,Bengaluru,Karnataka,2021,Serious,0,3,Clear,4-Lane Highway Merge,Car & Truck
ACC-201720,JNC-DEL-002,ITO Crossing,New Delhi,Delhi,2019,Serious,0,2,Monsoon Pour,Urban Intersection,Car & Truck
ACC-201721,JNC-MUM-003,Dadar TT Circle,Mumbai,Maharashtra,2019,Serious,0,1,Clear,4-Lane Highway Merge,Car & Car
ACC-201722,JNC-HYD-005,Panjagutta Junction,Hyderabad,Telangana,2022,Minor,0,1,Clear,Urban Intersection,Car & Truck
ACC-201723,JNC-BLR-001,Silk Board Junction,Bengaluru,Karnataka,2018,Fatal,3,4,Clear,Urban Intersection,Pedestrian & Motorcycle
ACC-201724,JNC-BLR-001,Silk Board Junction,Bengaluru,Karnataka,2020,Serious,0,3,Clear,Flyover Exit,Motorcycle & Bus
ACC-201725,JNC-BLR-001,Silk Board Junction,Bengaluru,Karnataka,2021,Minor,0,0,Fog / Mist,Urban Intersection,Car & Car
ACC-201726,JNC-PNQ-007,Chandani Chowk Junction,Pune,Maharashtra,2021,Serious,0,2,Clear,Urban Intersection,Motorcycle & Car
ACC-201727,JNC-BLR-001,Silk Board Junction,Bengaluru,Karnataka,2018,Serious,0,2,Clear,4-Lane Highway Merge,Car & Car
ACC-201728,JNC-BLR-001,Silk Board Junction,Bengaluru,Karnataka,2021,Fatal,1,2,Heavy Rain,4-Lane Highway Merge,Pedestrian & Motorcycle
ACC-201729,JNC-MUM-003,Dadar TT Circle,Mumbai,Maharashtra,2022,Serious,0,1,Monsoon Pour,Flyover Exit,Motorcycle & Bus
ACC-201730,JNC-MUM-003,Dadar TT Circle,Mumbai,Maharashtra,2021,Serious,0,3,Heavy Rain,Flyover Exit,Car & Car
ACC-201731,JNC-BLR-006,Goraguntepalya Junction,Bengaluru,Karnataka,2020,Serious,0,3,Clear,4-Lane Highway Merge,Car & Truck
ACC-201732,JNC-MAA-004,Kathipara Junction,Chennai,Tamil Nadu,2023,Fatal,3,0,Fog / Mist,Roundabout,Motorcycle & Car
ACC-201733,JNC-DEL-002,ITO Crossing,New Delhi,Delhi,2023,Serious,0,1,Monsoon Pour,Flyover Exit,Pedestrian & Motorcycle
ACC-201734,JNC-MAA-004,Kathipara Junction,Chennai,Tamil Nadu,2019,Serious,0,3,Clear,Flyover Exit,Car & Truck
ACC-201735,JNC-BLR-001,Silk Board Junction,Bengaluru,Karnataka,2018,Fatal,1,0,Monsoon Pour,Roundabout,Motorcycle & Bus
ACC-201736,JNC-PNQ-007,Chandani Chowk Junction,Pune,Maharashtra,2018,Minor,0,0,Clear,Roundabout,Car & Car
ACC-201737,JNC-HYD-005,Panjagutta Junction,Hyderabad,Telangana,2020,Serious,0,1,Clear,4-Lane Highway Merge,Pedestrian & Motorcycle
ACC-201738,JNC-DEL-002,ITO Crossing,New Delhi,Delhi,2020,Serious,0,2,Clear,Roundabout,Auto-rickshaw & Bus
ACC-201739,JNC-DEL-002,ITO Crossing,New Delhi,Delhi,2020,Fatal,1,3,Clear,Flyover Exit,Pedestrian & Motorcycle
ACC-201740,JNC-BLR-001,Silk Board Junction,Bengaluru,Karnataka,2019,Minor,0,1,Heavy Rain,Flyover Exit,Motorcycle & Bus
ACC-201741,JNC-BLR-001,Silk Board Junction,Bengaluru,Karnataka,2018,Minor,0,1,Clear,4-Lane Highway Merge,Motorcycle & Bus
ACC-201742,JNC-MUM-003,Dadar TT Circle,Mumbai,Maharashtra,2023,Minor,0,1,Heavy Rain,Roundabout,Car & Truck
ACC-201743,JNC-BLR-006,Goraguntepalya Junction,Bengaluru,Karnataka,2023,Minor,0,1,Clear,Urban Intersection,Motorcycle & Bus
ACC-201744,JNC-MUM-003,Dadar TT Circle,Mumbai,Maharashtra,2019,Serious,0,3,Heavy Rain,Flyover Exit,Motorcycle & Car
ACC-201745,JNC-MUM-003,Dadar TT Circle,Mumbai,Maharashtra,2021,Serious,0,2,Clear,Roundabout,Motorcycle & Car
ACC-201746,JNC-BLR-006,Goraguntepalya Junction,Bengaluru,Karnataka,2021,Fatal,2,3,Clear,Roundabout,Pedestrian & Motorcycle
ACC-201747,JNC-HYD-005,Panjagutta Junction,Hyderabad,Telangana,2023,Serious,0,3,Clear,Flyover Exit,Car & Truck
ACC-201748,JNC-MUM-003,Dadar TT Circle,Mumbai,Maharashtra,2021,Serious,0,1,Heavy Rain,Flyover Exit,Auto-rickshaw & Bus
ACC-201749,JNC-BLR-001,Silk Board Junction,Bengaluru,Karnataka,2019,Minor,0,1,Clear,4-Lane Highway Merge,Motorcycle & Bus
ACC-201750,JNC-HYD-005,Panjagutta Junction,Hyderabad,Telangana,2020,Minor,0,1,Clear,4-Lane Highway Merge,Auto-rickshaw & Bus
ACC-201751,JNC-HYD-005,Panjagutta Junction,Hyderabad,Telangana,2022,Minor,0,1,Heavy Rain,4-Lane Highway Merge,Motorcycle & Car
ACC-201752,JNC-BLR-001,Silk Board Junction,Bengaluru,Karnataka,2018,Minor,0,0,Heavy Rain,Urban Intersection,Car & Car
ACC-201753,JNC-BLR-006,Goraguntepalya Junction,Bengaluru,Karnataka,2019,Serious,0,1,Clear,4-Lane Highway Merge,Pedestrian & Motorcycle
ACC-201754,JNC-DEL-002,ITO Crossing,New Delhi,Delhi,2018,Serious,0,2,Heavy Rain,4-Lane Highway Merge,Pedestrian & Motorcycle
ACC-201755,JNC-DEL-002,ITO Crossing,New Delhi,Delhi,2022,Serious,0,3,Clear,Urban Intersection,Motorcycle & Bus
ACC-201756,JNC-DEL-002,ITO Crossing,New Delhi,Delhi,2023,Serious,0,1,Clear,Flyover Exit,Motorcycle & Car
ACC-201757,JNC-HYD-005,Panjagutta Junction,Hyderabad,Telangana,2019,Serious,0,2,Heavy Rain,Urban Intersection,Pedestrian & Motorcycle
ACC-201758,JNC-BLR-001,Silk Board Junction,Bengaluru,Karnataka,2020,Minor,0,1,Clear,Roundabout,Pedestrian & Motorcycle
ACC-201759,JNC-BLR-001,Silk Board Junction,Bengaluru,Karnataka,2019,Minor,0,1,Heavy Rain,Flyover Exit,Pedestrian & Motorcycle
ACC-201760,JNC-HYD-005,Panjagutta Junction,Hyderabad,Telangana,2018,Serious,0,1,Clear,Flyover Exit,Motorcycle & Bus
ACC-201761,JNC-DEL-002,ITO Crossing,New Delhi,Delhi,2020,Serious,0,2,Fog / Mist,Urban Intersection,Car & Truck
ACC-201762,JNC-BLR-006,Goraguntepalya Junction,Bengaluru,Karnataka,2023,Serious,0,2,Clear,Flyover Exit,Motorcycle & Bus
ACC-201763,JNC-BLR-001,Silk Board Junction,Bengaluru,Karnataka,2020,Serious,0,2,Monsoon Pour,Urban Intersection,Auto-rickshaw & Bus
ACC-201764,JNC-BLR-001,Silk Board Junction,Bengaluru,Karnataka,2020,Minor,0,1,Clear,4-Lane Highway Merge,Motorcycle & Bus
ACC-201765,JNC-MAA-004,Kathipara Junction,Chennai,Tamil Nadu,2022,Serious,0,3,Clear,Flyover Exit,Motorcycle & Car
ACC-201766,JNC-PNQ-007,Chandani Chowk Junction,Pune,Maharashtra,2018,Minor,0,1,Fog / Mist,4-Lane Highway Merge,Motorcycle & Car
ACC-201767,JNC-BLR-001,Silk Board Junction,Bengaluru,Karnataka,2019,Serious,0,1,Clear,Flyover Exit,Pedestrian & Motorcycle
ACC-201768,JNC-MAA-004,Kathipara Junction,Chennai,Tamil Nadu,2021,Fatal,1,3,Clear,4-Lane Highway Merge,Auto-rickshaw & Bus
ACC-201769,JNC-DEL-002,ITO Crossing,New Delhi,Delhi,2021,Serious,0,1,Clear,Urban Intersection,Car & Truck
ACC-201770,JNC-DEL-002,ITO Crossing,New Delhi,Delhi,2021,Minor,0,1,Clear,Urban Intersection,Motorcycle & Car
ACC-201771,JNC-HYD-005,Panjagutta Junction,Hyderabad,Telangana,2022,Minor,0,0,Heavy Rain,4-Lane Highway Merge,Car & Truck
ACC-201772,JNC-MUM-003,Dadar TT Circle,Mumbai,Maharashtra,2019,Fatal,1,4,Heavy Rain,Urban Intersection,Pedestrian & Motorcycle
ACC-201773,JNC-DEL-002,ITO Crossing,New Delhi,Delhi,2019,Fatal,3,2,Monsoon Pour,Roundabout,Motorcycle & Bus
ACC-201774,JNC-DEL-002,ITO Crossing,New Delhi,Delhi,2021,Serious,0,2,Fog / Mist,Roundabout,Car & Truck
ACC-201775,JNC-DEL-002,ITO Crossing,New Delhi,Delhi,2021,Serious,0,2,Fog / Mist,Roundabout,Car & Car
ACC-201776,JNC-MUM-003,Dadar TT Circle,Mumbai,Maharashtra,2023,Minor,0,1,Fog / Mist,4-Lane Highway Merge,Car & Truck
ACC-201777,JNC-DEL-002,ITO Crossing,New Delhi,Delhi,2019,Serious,0,2,Clear,4-Lane Highway Merge,Car & Car
ACC-201778,JNC-BLR-006,Goraguntepalya Junction,Bengaluru,Karnataka,2019,Serious,0,1,Clear,Roundabout,Auto-rickshaw & Bus
ACC-201779,JNC-BLR-001,Silk Board Junction,Bengaluru,Karnataka,2023,Minor,0,0,Fog / Mist,4-Lane Highway Merge,Car & Car
ACC-201780,JNC-MAA-004,Kathipara Junction,Chennai,Tamil Nadu,2021,Fatal,1,2,Heavy Rain,4-Lane Highway Merge,Car & Car
ACC-201781,JNC-DEL-002,ITO Crossing,New Delhi,Delhi,2020,Serious,0,2,Heavy Rain,4-Lane Highway Merge,Pedestrian & Motorcycle
ACC-201782,JNC-PNQ-007,Chandani Chowk Junction,Pune,Maharashtra,2019,Fatal,3,3,Clear,Urban Intersection,Car & Truck
ACC-201783,JNC-BLR-001,Silk Board Junction,Bengaluru,Karnataka,2018,Serious,0,3,Clear,Flyover Exit,Motorcycle & Bus
ACC-201784,JNC-MUM-003,Dadar TT Circle,Mumbai,Maharashtra,2020,Minor,0,0,Monsoon Pour,Urban Intersection,Auto-rickshaw & Bus
ACC-201785,JNC-BLR-001,Silk Board Junction,Bengaluru,Karnataka,2022,Serious,0,2,Fog / Mist,Urban Intersection,Pedestrian & Motorcycle
ACC-201786,JNC-PNQ-007,Chandani Chowk Junction,Pune,Maharashtra,2018,Serious,0,2,Heavy Rain,Roundabout,Car & Truck
ACC-201787,JNC-BLR-001,Silk Board Junction,Bengaluru,Karnataka,2022,Fatal,3,3,Fog / Mist,4-Lane Highway Merge,Auto-rickshaw & Bus
ACC-201788,JNC-MAA-004,Kathipara Junction,Chennai,Tamil Nadu,2022,Serious,0,2,Clear,Urban Intersection,Car & Car
ACC-201789,JNC-MUM-003,Dadar TT Circle,Mumbai,Maharashtra,2018,Serious,0,2,Clear,4-Lane Highway Merge,Motorcycle & Car
ACC-201790,JNC-BLR-001,Silk Board Junction,Bengaluru,Karnataka,2022,Serious,0,2,Fog / Mist,Flyover Exit,Motorcycle & Car
ACC-201791,JNC-BLR-006,Goraguntepalya Junction,Bengaluru,Karnataka,2020,Minor,0,1,Heavy Rain,Urban Intersection,Auto-rickshaw & Bus
ACC-201792,JNC-PNQ-007,Chandani Chowk Junction,Pune,Maharashtra,2021,Serious,0,3,Clear,4-Lane Highway Merge,Motorcycle & Car
ACC-201793,JNC-MUM-003,Dadar TT Circle,Mumbai,Maharashtra,2018,Serious,0,3,Heavy Rain,Urban Intersection,Car & Car
ACC-201794,JNC-BLR-001,Silk Board Junction,Bengaluru,Karnataka,2018,Serious,0,3,Clear,Flyover Exit,Auto-rickshaw & Bus
ACC-201795,JNC-DEL-002,ITO Crossing,New Delhi,Delhi,2021,Minor,0,1,Monsoon Pour,Roundabout,Motorcycle & Car
ACC-201796,JNC-DEL-002,ITO Crossing,New Delhi,Delhi,2018,Serious,0,1,Clear,Roundabout,Motorcycle & Car
ACC-201797,JNC-MUM-003,Dadar TT Circle,Mumbai,Maharashtra,2018,Fatal,2,3,Clear,Roundabout,Car & Truck
ACC-201798,JNC-MAA-004,Kathipara Junction,Chennai,Tamil Nadu,2023,Serious,0,3,Clear,Roundabout,Car & Truck
ACC-201799,JNC-MAA-004,Kathipara Junction,Chennai,Tamil Nadu,2019,Fatal,2,2,Clear,Flyover Exit,Auto-rickshaw & Bus
ACC-201800,JNC-BLR-001,Silk Board Junction,Bengaluru,Karnataka,2018,Minor,0,1,Heavy Rain,Roundabout,Pedestrian & Motorcycle
ACC-201801,JNC-BLR-001,Silk Board Junction,Bengaluru,Karnataka,2019,Minor,0,1,Heavy Rain,Flyover Exit,Motorcycle & Car
ACC-201802,JNC-BLR-001,Silk Board Junction,Bengaluru,Karnataka,2018,Serious,0,1,Clear,Flyover Exit,Motorcycle & Bus
ACC-201803,JNC-BLR-001,Silk Board Junction,Bengaluru,Karnataka,2021,Minor,0,0,Heavy Rain,Urban Intersection,Pedestrian & Motorcycle
ACC-201804,JNC-MUM-003,Dadar TT Circle,Mumbai,Maharashtra,2022,Serious,0,1,Clear,Flyover Exit,Auto-rickshaw & Bus
ACC-201805,JNC-BLR-006,Goraguntepalya Junction,Bengaluru,Karnataka,2018,Minor,0,0,Fog / Mist,Roundabout,Pedestrian & Motorcycle
ACC-201806,JNC-DEL-002,ITO Crossing,New Delhi,Delhi,2021,Serious,0,1,Clear,Urban Intersection,Car & Truck
ACC-201807,JNC-BLR-006,Goraguntepalya Junction,Bengaluru,Karnataka,2018,Serious,0,1,Heavy Rain,Flyover Exit,Car & Truck
ACC-201808,JNC-DEL-002,ITO Crossing,New Delhi,Delhi,2020,Fatal,1,3,Clear,Urban Intersection,Car & Car
ACC-201809,JNC-MUM-003,Dadar TT Circle,Mumbai,Maharashtra,2020,Serious,0,1,Clear,Roundabout,Car & Truck
ACC-201810,JNC-BLR-001,Silk Board Junction,Bengaluru,Karnataka,2019,Minor,0,0,Heavy Rain,Flyover Exit,Motorcycle & Car
ACC-201811,JNC-MAA-004,Kathipara Junction,Chennai,Tamil Nadu,2019,Serious,0,3,Fog / Mist,Roundabout,Auto-rickshaw & Bus
ACC-201812,JNC-BLR-001,Silk Board Junction,Bengaluru,Karnataka,2021,Fatal,1,0,Clear,4-Lane Highway Merge,Motorcycle & Bus
ACC-201813,JNC-BLR-001,Silk Board Junction,Bengaluru,Karnataka,2021,Serious,0,3,Heavy Rain,4-Lane Highway Merge,Pedestrian & Motorcycle
ACC-201814,JNC-MAA-004,Kathipara Junction,Chennai,Tamil Nadu,2020,Minor,0,0,Clear,Flyover Exit,Car & Truck
ACC-201815,JNC-DEL-002,ITO Crossing,New Delhi,Delhi,2022,Minor,0,1,Heavy Rain,Roundabout,Pedestrian & Motorcycle
ACC-201816,JNC-MAA-004,Kathipara Junction,Chennai,Tamil Nadu,2018,Serious,0,3,Heavy Rain,4-Lane Highway Merge,Car & Car
ACC-201817,JNC-HYD-005,Panjagutta Junction,Hyderabad,Telangana,2023,Serious,0,1,Heavy Rain,Roundabout,Motorcycle & Car
ACC-201818,JNC-HYD-005,Panjagutta Junction,Hyderabad,Telangana,2022,Serious,0,2,Heavy Rain,Urban Intersection,Motorcycle & Bus
ACC-201819,JNC-MAA-004,Kathipara Junction,Chennai,Tamil Nadu,2019,Fatal,1,4,Heavy Rain,Roundabout,Car & Truck
ACC-201820,JNC-MUM-003,Dadar TT Circle,Mumbai,Maharashtra,2021,Serious,0,3,Clear,Flyover Exit,Motorcycle & Bus
ACC-201821,JNC-BLR-001,Silk Board Junction,Bengaluru,Karnataka,2021,Serious,0,3,Clear,Flyover Exit,Car & Truck
ACC-201822,JNC-DEL-002,ITO Crossing,New Delhi,Delhi,2018,Fatal,1,2,Monsoon Pour,Flyover Exit,Motorcycle & Car
ACC-201823,JNC-MAA-004,Kathipara Junction,Chennai,Tamil Nadu,2018,Minor,0,1,Clear,Flyover Exit,Motorcycle & Bus
ACC-201824,JNC-BLR-001,Silk Board Junction,Bengaluru,Karnataka,2023,Serious,0,3,Clear,4-Lane Highway Merge,Auto-rickshaw & Bus
ACC-201825,JNC-DEL-002,ITO Crossing,New Delhi,Delhi,2018,Minor,0,0,Fog / Mist,Roundabout,Auto-rickshaw & Bus
ACC-201826,JNC-MUM-003,Dadar TT Circle,Mumbai,Maharashtra,2018,Fatal,2,3,Heavy Rain,Roundabout,Pedestrian & Motorcycle
ACC-201827,JNC-HYD-005,Panjagutta Junction,Hyderabad,Telangana,2018,Minor,0,1,Heavy Rain,4-Lane Highway Merge,Motorcycle & Car
ACC-201828,JNC-MAA-004,Kathipara Junction,Chennai,Tamil Nadu,2023,Serious,0,2,Monsoon Pour,Roundabout,Motorcycle & Bus
ACC-201829,JNC-HYD-005,Panjagutta Junction,Hyderabad,Telangana,2018,Fatal,1,4,Clear,Flyover Exit,Car & Car
ACC-201830,JNC-MAA-004,Kathipara Junction,Chennai,Tamil Nadu,2020,Serious,0,3,Clear,Flyover Exit,Car & Car
ACC-201831,JNC-MUM-003,Dadar TT Circle,Mumbai,Maharashtra,2020,Minor,0,0,Clear,Urban Intersection,Car & Car
ACC-201832,JNC-BLR-006,Goraguntepalya Junction,Bengaluru,Karnataka,2020,Minor,0,0,Clear,Urban Intersection,Motorcycle & Car
ACC-201833,JNC-HYD-005,Panjagutta Junction,Hyderabad,Telangana,2018,Minor,0,1,Clear,4-Lane Highway Merge,Motorcycle & Car
ACC-201834,JNC-DEL-002,ITO Crossing,New Delhi,Delhi,2019,Serious,0,1,Clear,4-Lane Highway Merge,Car & Truck
ACC-201835,JNC-DEL-002,ITO Crossing,New Delhi,Delhi,2021,Fatal,1,4,Heavy Rain,4-Lane Highway Merge,Car & Car
ACC-201836,JNC-PNQ-007,Chandani Chowk Junction,Pune,Maharashtra,2018,Minor,0,1,Clear,Urban Intersection,Motorcycle & Bus
ACC-201837,JNC-BLR-001,Silk Board Junction,Bengaluru,Karnataka,2021,Minor,0,1,Heavy Rain,4-Lane Highway Merge,Car & Car
ACC-201838,JNC-MAA-004,Kathipara Junction,Chennai,Tamil Nadu,2021,Minor,0,1,Monsoon Pour,Flyover Exit,Auto-rickshaw & Bus
ACC-201839,JNC-DEL-002,ITO Crossing,New Delhi,Delhi,2023,Fatal,2,0,Clear,Urban Intersection,Auto-rickshaw & Bus
ACC-201840,JNC-BLR-006,Goraguntepalya Junction,Bengaluru,Karnataka,2019,Minor,0,1,Monsoon Pour,Urban Intersection,Motorcycle & Car
ACC-201841,JNC-MUM-003,Dadar TT Circle,Mumbai,Maharashtra,2018,Minor,0,0,Heavy Rain,4-Lane Highway Merge,Auto-rickshaw & Bus
ACC-201842,JNC-DEL-002,ITO Crossing,New Delhi,Delhi,2022,Minor,0,1,Heavy Rain,Urban Intersection,Auto-rickshaw & Bus
ACC-201843,JNC-HYD-005,Panjagutta Junction,Hyderabad,Telangana,2023,Minor,0,0,Heavy Rain,4-Lane Highway Merge,Motorcycle & Bus
ACC-201844,JNC-DEL-002,ITO Crossing,New Delhi,Delhi,2019,Minor,0,1,Clear,Flyover Exit,Auto-rickshaw & Bus
ACC-201845,JNC-BLR-001,Silk Board Junction,Bengaluru,Karnataka,2018,Serious,0,3,Clear,Roundabout,Car & Truck
ACC-201846,JNC-MUM-003,Dadar TT Circle,Mumbai,Maharashtra,2023,Fatal,2,2,Heavy Rain,4-Lane Highway Merge,Car & Truck
ACC-201847,JNC-HYD-005,Panjagutta Junction,Hyderabad,Telangana,2023,Minor,0,0,Clear,Flyover Exit,Car & Car
ACC-201848,JNC-BLR-001,Silk Board Junction,Bengaluru,Karnataka,2022,Minor,0,1,Clear,Roundabout,Motorcycle & Bus
ACC-201849,JNC-HYD-005,Panjagutta Junction,Hyderabad,Telangana,2022,Serious,0,2,Heavy Rain,4-Lane Highway Merge,Motorcycle & Bus
ACC-201850,JNC-MAA-004,Kathipara Junction,Chennai,Tamil Nadu,2018,Minor,0,0,Clear,Roundabout,Motorcycle & Bus
ACC-201851,JNC-PNQ-007,Chandani Chowk Junction,Pune,Maharashtra,2019,Serious,0,2,Clear,Flyover Exit,Motorcycle & Bus
ACC-201852,JNC-HYD-005,Panjagutta Junction,Hyderabad,Telangana,2021,Minor,0,0,Clear,Flyover Exit,Auto-rickshaw & Bus
ACC-201853,JNC-BLR-006,Goraguntepalya Junction,Bengaluru,Karnataka,2019,Serious,0,3,Clear,Roundabout,Car & Car
ACC-201854,JNC-BLR-001,Silk Board Junction,Bengaluru,Karnataka,2023,Serious,0,2,Clear,4-Lane Highway Merge,Car & Car
ACC-201855,JNC-BLR-006,Goraguntepalya Junction,Bengaluru,Karnataka,2021,Minor,0,0,Clear,4-Lane Highway Merge,Auto-rickshaw & Bus
ACC-201856,JNC-BLR-001,Silk Board Junction,Bengaluru,Karnataka,2022,Minor,0,1,Clear,Urban Intersection,Car & Car
ACC-201857,JNC-DEL-002,ITO Crossing,New Delhi,Delhi,2020,Serious,0,3,Clear,4-Lane Highway Merge,Motorcycle & Car
ACC-201858,JNC-HYD-005,Panjagutta Junction,Hyderabad,Telangana,2023,Minor,0,1,Clear,Roundabout,Car & Truck
ACC-201859,JNC-MAA-004,Kathipara Junction,Chennai,Tamil Nadu,2023,Serious,0,1,Clear,Flyover Exit,Car & Truck
ACC-201860,JNC-BLR-006,Goraguntepalya Junction,Bengaluru,Karnataka,2018,Serious,0,2,Clear,4-Lane Highway Merge,Car & Car
ACC-201861,JNC-DEL-002,ITO Crossing,New Delhi,Delhi,2018,Fatal,3,4,Clear,4-Lane Highway Merge,Motorcycle & Bus
ACC-201862,JNC-BLR-001,Silk Board Junction,Bengaluru,Karnataka,2023,Minor,0,1,Clear,4-Lane Highway Merge,Car & Truck
ACC-201863,JNC-MUM-003,Dadar TT Circle,Mumbai,Maharashtra,2019,Serious,0,2,Fog / Mist,Roundabout,Car & Car
ACC-201864,JNC-HYD-005,Panjagutta Junction,Hyderabad,Telangana,2020,Minor,0,1,Clear,Roundabout,Auto-rickshaw & Bus
ACC-201865,JNC-HYD-005,Panjagutta Junction,Hyderabad,Telangana,2018,Minor,0,0,Clear,4-Lane Highway Merge,Car & Car
ACC-201866,JNC-MAA-004,Kathipara Junction,Chennai,Tamil Nadu,2019,Minor,0,1,Heavy Rain,Urban Intersection,Motorcycle & Car
ACC-201867,JNC-BLR-001,Silk Board Junction,Bengaluru,Karnataka,2021,Minor,0,1,Clear,Urban Intersection,Car & Truck
ACC-201868,JNC-BLR-001,Silk Board Junction,Bengaluru,Karnataka,2019,Serious,0,3,Clear,4-Lane Highway Merge,Auto-rickshaw & Bus
ACC-201869,JNC-BLR-001,Silk Board Junction,Bengaluru,Karnataka,2018,Serious,0,3,Heavy Rain,Flyover Exit,Pedestrian & Motorcycle
ACC-201870,JNC-MUM-003,Dadar TT Circle,Mumbai,Maharashtra,2022,Minor,0,1,Clear,4-Lane Highway Merge,Motorcycle & Car
ACC-201871,JNC-BLR-001,Silk Board Junction,Bengaluru,Karnataka,2022,Serious,0,3,Clear,4-Lane Highway Merge,Motorcycle & Bus
ACC-201872,JNC-MUM-003,Dadar TT Circle,Mumbai,Maharashtra,2021,Serious,0,3,Heavy Rain,Urban Intersection,Auto-rickshaw & Bus
ACC-201873,JNC-DEL-002,ITO Crossing,New Delhi,Delhi,2023,Minor,0,0,Clear,Roundabout,Pedestrian & Motorcycle
ACC-201874,JNC-BLR-006,Goraguntepalya Junction,Bengaluru,Karnataka,2023,Minor,0,1,Fog / Mist,Urban Intersection,Auto-rickshaw & Bus
ACC-201875,JNC-DEL-002,ITO Crossing,New Delhi,Delhi,2023,Serious,0,1,Clear,Urban Intersection,Motorcycle & Bus
ACC-201876,JNC-MUM-003,Dadar TT Circle,Mumbai,Maharashtra,2021,Fatal,3,3,Clear,4-Lane Highway Merge,Motorcycle & Bus
ACC-201877,JNC-DEL-002,ITO Crossing,New Delhi,Delhi,2022,Minor,0,1,Clear,Roundabout,Car & Car
ACC-201878,JNC-DEL-002,ITO Crossing,New Delhi,Delhi,2023,Fatal,3,3,Clear,Roundabout,Car & Car
ACC-201879,JNC-BLR-006,Goraguntepalya Junction,Bengaluru,Karnataka,2021,Serious,0,2,Clear,Roundabout,Motorcycle & Car
ACC-201880,JNC-BLR-006,Goraguntepalya Junction,Bengaluru,Karnataka,2023,Fatal,1,3,Fog / Mist,Roundabout,Pedestrian & Motorcycle
ACC-201881,JNC-BLR-006,Goraguntepalya Junction,Bengaluru,Karnataka,2019,Serious,0,3,Clear,Flyover Exit,Auto-rickshaw & Bus
ACC-201882,JNC-BLR-006,Goraguntepalya Junction,Bengaluru,Karnataka,2023,Serious,0,2,Fog / Mist,Urban Intersection,Auto-rickshaw & Bus
ACC-201883,JNC-BLR-001,Silk Board Junction,Bengaluru,Karnataka,2021,Minor,0,0,Clear,Flyover Exit,Pedestrian & Motorcycle
ACC-201884,JNC-MUM-003,Dadar TT Circle,Mumbai,Maharashtra,2021,Fatal,2,2,Fog / Mist,Roundabout,Car & Car
ACC-201885,JNC-HYD-005,Panjagutta Junction,Hyderabad,Telangana,2020,Serious,0,2,Clear,Urban Intersection,Pedestrian & Motorcycle
ACC-201886,JNC-HYD-005,Panjagutta Junction,Hyderabad,Telangana,2021,Fatal,2,1,Clear,4-Lane Highway Merge,Motorcycle & Car
ACC-201887,JNC-BLR-001,Silk Board Junction,Bengaluru,Karnataka,2023,Serious,0,2,Clear,Urban Intersection,Car & Truck
ACC-201888,JNC-MAA-004,Kathipara Junction,Chennai,Tamil Nadu,2023,Fatal,2,4,Fog / Mist,Roundabout,Car & Truck
ACC-201889,JNC-BLR-006,Goraguntepalya Junction,Bengaluru,Karnataka,2022,Serious,0,1,Monsoon Pour,Flyover Exit,Auto-rickshaw & Bus
ACC-201890,JNC-BLR-001,Silk Board Junction,Bengaluru,Karnataka,2018,Serious,0,2,Clear,Flyover Exit,Auto-rickshaw & Bus
ACC-201891,JNC-PNQ-007,Chandani Chowk Junction,Pune,Maharashtra,2019,Serious,0,2,Clear,Flyover Exit,Auto-rickshaw & Bus
ACC-201892,JNC-MUM-003,Dadar TT Circle,Mumbai,Maharashtra,2023,Serious,0,3,Clear,4-Lane Highway Merge,Motorcycle & Car
ACC-201893,JNC-DEL-002,ITO Crossing,New Delhi,Delhi,2021,Minor,0,1,Heavy Rain,4-Lane Highway Merge,Auto-rickshaw & Bus
ACC-201894,JNC-DEL-002,ITO Crossing,New Delhi,Delhi,2018,Serious,0,1,Clear,Flyover Exit,Motorcycle & Car
ACC-201895,JNC-BLR-001,Silk Board Junction,Bengaluru,Karnataka,2019,Minor,0,1,Fog / Mist,Urban Intersection,Car & Truck
ACC-201896,JNC-MAA-004,Kathipara Junction,Chennai,Tamil Nadu,2019,Serious,0,2,Fog / Mist,Roundabout,Auto-rickshaw & Bus
ACC-201897,JNC-DEL-002,ITO Crossing,New Delhi,Delhi,2021,Fatal,3,1,Clear,4-Lane Highway Merge,Motorcycle & Car
ACC-201898,JNC-BLR-006,Goraguntepalya Junction,Bengaluru,Karnataka,2019,Fatal,1,1,Heavy Rain,Roundabout,Motorcycle & Bus
ACC-201899,JNC-MAA-004,Kathipara Junction,Chennai,Tamil Nadu,2019,Serious,0,1,Clear,Roundabout,Motorcycle & Bus
ACC-201900,JNC-BLR-001,Silk Board Junction,Bengaluru,Karnataka,2022,Fatal,3,2,Heavy Rain,Flyover Exit,Car & Truck
ACC-201901,JNC-HYD-005,Panjagutta Junction,Hyderabad,Telangana,2021,Fatal,3,0,Clear,4-Lane Highway Merge,Car & Car
ACC-201902,JNC-BLR-006,Goraguntepalya Junction,Bengaluru,Karnataka,2023,Serious,0,1,Fog / Mist,Flyover Exit,Auto-rickshaw & Bus
ACC-201903,JNC-HYD-005,Panjagutta Junction,Hyderabad,Telangana,2019,Fatal,3,4,Fog / Mist,Flyover Exit,Auto-rickshaw & Bus
ACC-201904,JNC-HYD-005,Panjagutta Junction,Hyderabad,Telangana,2023,Serious,0,2,Clear,Roundabout,Motorcycle & Bus
ACC-201905,JNC-DEL-002,ITO Crossing,New Delhi,Delhi,2023,Fatal,1,2,Heavy Rain,Urban Intersection,Car & Truck
ACC-201906,JNC-MAA-004,Kathipara Junction,Chennai,Tamil Nadu,2019,Serious,0,3,Heavy Rain,Urban Intersection,Motorcycle & Car
ACC-201907,JNC-BLR-006,Goraguntepalya Junction,Bengaluru,Karnataka,2023,Serious,0,1,Clear,Roundabout,Motorcycle & Car
ACC-201908,JNC-MAA-004,Kathipara Junction,Chennai,Tamil Nadu,2018,Fatal,2,1,Heavy Rain,Urban Intersection,Pedestrian & Motorcycle
ACC-201909,JNC-DEL-002,ITO Crossing,New Delhi,Delhi,2018,Fatal,3,0,Clear,Urban Intersection,Auto-rickshaw & Bus
ACC-201910,JNC-BLR-001,Silk Board Junction,Bengaluru,Karnataka,2019,Serious,0,3,Clear,Flyover Exit,Car & Truck
ACC-201911,JNC-BLR-001,Silk Board Junction,Bengaluru,Karnataka,2018,Fatal,2,2,Heavy Rain,Urban Intersection,Pedestrian & Motorcycle
ACC-201912,JNC-MAA-004,Kathipara Junction,Chennai,Tamil Nadu,2023,Minor,0,0,Clear,4-Lane Highway Merge,Motorcycle & Bus
ACC-201913,JNC-DEL-002,ITO Crossing,New Delhi,Delhi,2019,Serious,0,2,Heavy Rain,Flyover Exit,Motorcycle & Bus
ACC-201914,JNC-HYD-005,Panjagutta Junction,Hyderabad,Telangana,2019,Fatal,2,2,Clear,4-Lane Highway Merge,Car & Car
ACC-201915,JNC-BLR-001,Silk Board Junction,Bengaluru,Karnataka,2022,Minor,0,1,Clear,Roundabout,Auto-rickshaw & Bus
ACC-201916,JNC-MAA-004,Kathipara Junction,Chennai,Tamil Nadu,2018,Fatal,2,1,Clear,Flyover Exit,Motorcycle & Bus
ACC-201917,JNC-MUM-003,Dadar TT Circle,Mumbai,Maharashtra,2022,Serious,0,3,Clear,Urban Intersection,Pedestrian & Motorcycle
ACC-201918,JNC-HYD-005,Panjagutta Junction,Hyderabad,Telangana,2022,Serious,0,2,Monsoon Pour,Flyover Exit,Pedestrian & Motorcycle
ACC-201919,JNC-BLR-006,Goraguntepalya Junction,Bengaluru,Karnataka,2020,Serious,0,2,Clear,Urban Intersection,Motorcycle & Bus
ACC-201920,JNC-BLR-001,Silk Board Junction,Bengaluru,Karnataka,2022,Minor,0,0,Heavy Rain,4-Lane Highway Merge,Pedestrian & Motorcycle
ACC-201921,JNC-HYD-005,Panjagutta Junction,Hyderabad,Telangana,2018,Fatal,1,1,Clear,Roundabout,Auto-rickshaw & Bus
ACC-201922,JNC-HYD-005,Panjagutta Junction,Hyderabad,Telangana,2018,Serious,0,1,Fog / Mist,Flyover Exit,Car & Truck
ACC-201923,JNC-BLR-006,Goraguntepalya Junction,Bengaluru,Karnataka,2019,Fatal,3,3,Clear,Roundabout,Motorcycle & Car
ACC-201924,JNC-HYD-005,Panjagutta Junction,Hyderabad,Telangana,2020,Minor,0,0,Clear,4-Lane Highway Merge,Car & Car
ACC-201925,JNC-BLR-006,Goraguntepalya Junction,Bengaluru,Karnataka,2020,Fatal,1,3,Heavy Rain,Flyover Exit,Motorcycle & Car
ACC-201926,JNC-DEL-002,ITO Crossing,New Delhi,Delhi,2021,Fatal,2,0,Clear,Roundabout,Pedestrian & Motorcycle
ACC-201927,JNC-BLR-006,Goraguntepalya Junction,Bengaluru,Karnataka,2022,Minor,0,0,Clear,Roundabout,Pedestrian & Motorcycle
ACC-201928,JNC-DEL-002,ITO Crossing,New Delhi,Delhi,2023,Minor,0,0,Heavy Rain,Urban Intersection,Car & Car
ACC-201929,JNC-MAA-004,Kathipara Junction,Chennai,Tamil Nadu,2021,Fatal,1,1,Clear,4-Lane Highway Merge,Car & Car
ACC-201930,JNC-BLR-001,Silk Board Junction,Bengaluru,Karnataka,2019,Minor,0,0,Clear,Urban Intersection,Pedestrian & Motorcycle
ACC-201931,JNC-DEL-002,ITO Crossing,New Delhi,Delhi,2022,Fatal,1,4,Heavy Rain,4-Lane Highway Merge,Car & Car
ACC-201932,JNC-BLR-001,Silk Board Junction,Bengaluru,Karnataka,2020,Serious,0,2,Clear,Flyover Exit,Motorcycle & Bus
ACC-201933,JNC-MAA-004,Kathipara Junction,Chennai,Tamil Nadu,2019,Fatal,1,1,Clear,4-Lane Highway Merge,Car & Car
ACC-201934,JNC-BLR-006,Goraguntepalya Junction,Bengaluru,Karnataka,2019,Fatal,3,0,Monsoon Pour,Urban Intersection,Motorcycle & Car
ACC-201935,JNC-HYD-005,Panjagutta Junction,Hyderabad,Telangana,2020,Serious,0,3,Clear,Flyover Exit,Pedestrian & Motorcycle
ACC-201936,JNC-DEL-002,ITO Crossing,New Delhi,Delhi,2022,Serious,0,2,Heavy Rain,Flyover Exit,Car & Truck
ACC-201937,JNC-MAA-004,Kathipara Junction,Chennai,Tamil Nadu,2020,Serious,0,1,Fog / Mist,Urban Intersection,Motorcycle & Car
ACC-201938,JNC-BLR-006,Goraguntepalya Junction,Bengaluru,Karnataka,2023,Minor,0,0,Clear,Flyover Exit,Auto-rickshaw & Bus
ACC-201939,JNC-BLR-001,Silk Board Junction,Bengaluru,Karnataka,2018,Serious,0,2,Clear,4-Lane Highway Merge,Car & Truck
ACC-201940,JNC-MUM-003,Dadar TT Circle,Mumbai,Maharashtra,2018,Serious,0,2,Clear,4-Lane Highway Merge,Auto-rickshaw & Bus
ACC-201941,JNC-MAA-004,Kathipara Junction,Chennai,Tamil Nadu,2022,Minor,0,0,Clear,4-Lane Highway Merge,Car & Car
ACC-201942,JNC-HYD-005,Panjagutta Junction,Hyderabad,Telangana,2018,Minor,0,1,Heavy Rain,Flyover Exit,Motorcycle & Car
ACC-201943,JNC-BLR-001,Silk Board Junction,Bengaluru,Karnataka,2021,Serious,0,2,Clear,Urban Intersection,Car & Car
ACC-201944,JNC-MAA-004,Kathipara Junction,Chennai,Tamil Nadu,2021,Serious,0,1,Clear,Roundabout,Motorcycle & Car
ACC-201945,JNC-HYD-005,Panjagutta Junction,Hyderabad,Telangana,2020,Minor,0,0,Clear,Roundabout,Car & Truck
ACC-201946,JNC-DEL-002,ITO Crossing,New Delhi,Delhi,2022,Fatal,1,3,Fog / Mist,Flyover Exit,Pedestrian & Motorcycle
ACC-201947,JNC-MAA-004,Kathipara Junction,Chennai,Tamil Nadu,2023,Serious,0,3,Clear,4-Lane Highway Merge,Motorcycle & Car
ACC-201948,JNC-MAA-004,Kathipara Junction,Chennai,Tamil Nadu,2019,Serious,0,2,Clear,Roundabout,Auto-rickshaw & Bus
ACC-201949,JNC-DEL-002,ITO Crossing,New Delhi,Delhi,2018,Fatal,1,2,Monsoon Pour,4-Lane Highway Merge,Car & Truck
ACC-201950,JNC-BLR-001,Silk Board Junction,Bengaluru,Karnataka,2019,Serious,0,2,Clear,Roundabout,Pedestrian & Motorcycle
ACC-201951,JNC-MUM-003,Dadar TT Circle,Mumbai,Maharashtra,2020,Minor,0,1,Clear,Urban Intersection,Car & Car
ACC-201952,JNC-BLR-001,Silk Board Junction,Bengaluru,Karnataka,2021,Fatal,3,0,Monsoon Pour,Roundabout,Motorcycle & Bus
ACC-201953,JNC-MAA-004,Kathipara Junction,Chennai,Tamil Nadu,2019,Serious,0,2,Fog / Mist,Flyover Exit,Auto-rickshaw & Bus
ACC-201954,JNC-HYD-005,Panjagutta Junction,Hyderabad,Telangana,2021,Minor,0,0,Heavy Rain,Flyover Exit,Pedestrian & Motorcycle
ACC-201955,JNC-DEL-002,ITO Crossing,New Delhi,Delhi,2021,Fatal,2,0,Clear,Urban Intersection,Pedestrian & Motorcycle
ACC-201956,JNC-BLR-001,Silk Board Junction,Bengaluru,Karnataka,2018,Fatal,1,0,Fog / Mist,Flyover Exit,Car & Truck
ACC-201957,JNC-MAA-004,Kathipara Junction,Chennai,Tamil Nadu,2020,Minor,0,0,Clear,Flyover Exit,Motorcycle & Bus
ACC-201958,JNC-MUM-003,Dadar TT Circle,Mumbai,Maharashtra,2020,Minor,0,0,Fog / Mist,Urban Intersection,Car & Truck
ACC-201959,JNC-PNQ-007,Chandani Chowk Junction,Pune,Maharashtra,2020,Serious,0,1,Fog / Mist,4-Lane Highway Merge,Motorcycle & Car
ACC-201960,JNC-BLR-006,Goraguntepalya Junction,Bengaluru,Karnataka,2023,Minor,0,1,Fog / Mist,4-Lane Highway Merge,Motorcycle & Car
ACC-201961,JNC-BLR-001,Silk Board Junction,Bengaluru,Karnataka,2021,Minor,0,1,Heavy Rain,4-Lane Highway Merge,Motorcycle & Car
ACC-201962,JNC-BLR-006,Goraguntepalya Junction,Bengaluru,Karnataka,2018,Fatal,3,2,Clear,4-Lane Highway Merge,Car & Truck
ACC-201963,JNC-DEL-002,ITO Crossing,New Delhi,Delhi,2021,Fatal,1,3,Clear,Urban Intersection,Auto-rickshaw & Bus
ACC-201964,JNC-BLR-006,Goraguntepalya Junction,Bengaluru,Karnataka,2020,Minor,0,1,Heavy Rain,Roundabout,Pedestrian & Motorcycle
ACC-201965,JNC-HYD-005,Panjagutta Junction,Hyderabad,Telangana,2019,Serious,0,1,Clear,4-Lane Highway Merge,Car & Car
ACC-201966,JNC-DEL-002,ITO Crossing,New Delhi,Delhi,2018,Fatal,1,0,Fog / Mist,Flyover Exit,Motorcycle & Car
ACC-201967,JNC-DEL-002,ITO Crossing,New Delhi,Delhi,2021,Serious,0,1,Clear,4-Lane Highway Merge,Motorcycle & Bus
ACC-201968,JNC-DEL-002,ITO Crossing,New Delhi,Delhi,2022,Minor,0,0,Heavy Rain,Urban Intersection,Motorcycle & Bus
ACC-201969,JNC-BLR-001,Silk Board Junction,Bengaluru,Karnataka,2023,Serious,0,1,Clear,Flyover Exit,Auto-rickshaw & Bus
ACC-201970,JNC-DEL-002,ITO Crossing,New Delhi,Delhi,2019,Serious,0,3,Clear,Flyover Exit,Car & Truck
ACC-201971,JNC-DEL-002,ITO Crossing,New Delhi,Delhi,2023,Fatal,3,3,Clear,Roundabout,Car & Car
ACC-201972,JNC-MUM-003,Dadar TT Circle,Mumbai,Maharashtra,2022,Minor,0,1,Clear,Roundabout,Motorcycle & Car
ACC-201973,JNC-BLR-001,Silk Board Junction,Bengaluru,Karnataka,2018,Minor,0,0,Heavy Rain,Urban Intersection,Car & Car
ACC-201974,JNC-BLR-001,Silk Board Junction,Bengaluru,Karnataka,2020,Minor,0,1,Fog / Mist,Urban Intersection,Car & Truck
ACC-201975,JNC-PNQ-007,Chandani Chowk Junction,Pune,Maharashtra,2023,Fatal,2,0,Monsoon Pour,Roundabout,Pedestrian & Motorcycle
ACC-201976,JNC-HYD-005,Panjagutta Junction,Hyderabad,Telangana,2020,Fatal,2,0,Clear,Roundabout,Motorcycle & Car
ACC-201977,JNC-BLR-006,Goraguntepalya Junction,Bengaluru,Karnataka,2020,Serious,0,1,Clear,Flyover Exit,Auto-rickshaw & Bus
ACC-201978,JNC-DEL-002,ITO Crossing,New Delhi,Delhi,2022,Serious,0,1,Clear,Roundabout,Pedestrian & Motorcycle
ACC-201979,JNC-MAA-004,Kathipara Junction,Chennai,Tamil Nadu,2022,Minor,0,0,Fog / Mist,4-Lane Highway Merge,Auto-rickshaw & Bus
ACC-201980,JNC-DEL-002,ITO Crossing,New Delhi,Delhi,2023,Serious,0,2,Clear,Roundabout,Motorcycle & Car
ACC-201981,JNC-MAA-004,Kathipara Junction,Chennai,Tamil Nadu,2023,Serious,0,1,Clear,Roundabout,Motorcycle & Car
ACC-201982,JNC-MAA-004,Kathipara Junction,Chennai,Tamil Nadu,2019,Minor,0,1,Monsoon Pour,4-Lane Highway Merge,Car & Car
ACC-201983,JNC-HYD-005,Panjagutta Junction,Hyderabad,Telangana,2022,Serious,0,1,Clear,Flyover Exit,Car & Truck
ACC-201984,JNC-BLR-006,Goraguntepalya Junction,Bengaluru,Karnataka,2018,Fatal,3,3,Clear,Roundabout,Pedestrian & Motorcycle
ACC-201985,JNC-BLR-006,Goraguntepalya Junction,Bengaluru,Karnataka,2022,Fatal,1,3,Clear,Roundabout,Car & Car
ACC-201986,JNC-BLR-006,Goraguntepalya Junction,Bengaluru,Karnataka,2019,Serious,0,2,Heavy Rain,4-Lane Highway Merge,Pedestrian & Motorcycle
ACC-201987,JNC-BLR-001,Silk Board Junction,Bengaluru,Karnataka,2019,Minor,0,1,Clear,Flyover Exit,Motorcycle & Car
ACC-201988,JNC-MUM-003,Dadar TT Circle,Mumbai,Maharashtra,2019,Serious,0,3,Clear,Flyover Exit,Pedestrian & Motorcycle
ACC-201989,JNC-BLR-001,Silk Board Junction,Bengaluru,Karnataka,2023,Minor,0,0,Heavy Rain,Roundabout,Car & Car
ACC-201990,JNC-DEL-002,ITO Crossing,New Delhi,Delhi,2020,Fatal,2,1,Clear,4-Lane Highway Merge,Motorcycle & Car
ACC-201991,JNC-MAA-004,Kathipara Junction,Chennai,Tamil Nadu,2021,Serious,0,1,Heavy Rain,Flyover Exit,Car & Car
ACC-201992,JNC-MUM-003,Dadar TT Circle,Mumbai,Maharashtra,2022,Serious,0,2,Clear,Urban Intersection,Auto-rickshaw & Bus
ACC-201993,JNC-MAA-004,Kathipara Junction,Chennai,Tamil Nadu,2022,Serious,0,2,Monsoon Pour,4-Lane Highway Merge,Car & Car
ACC-201994,JNC-HYD-005,Panjagutta Junction,Hyderabad,Telangana,2018,Fatal,2,4,Clear,Urban Intersection,Motorcycle & Car
ACC-201995,JNC-DEL-002,ITO Crossing,New Delhi,Delhi,2022,Serious,0,1,Clear,Urban Intersection,Car & Car
ACC-201996,JNC-DEL-002,ITO Crossing,New Delhi,Delhi,2018,Serious,0,2,Heavy Rain,Urban Intersection,Auto-rickshaw & Bus
ACC-201997,JNC-DEL-002,ITO Crossing,New Delhi,Delhi,2023,Serious,0,3,Clear,Roundabout,Motorcycle & Car
ACC-201998,JNC-DEL-002,ITO Crossing,New Delhi,Delhi,2018,Fatal,3,4,Clear,Roundabout,Pedestrian & Motorcycle
ACC-201999,JNC-MUM-003,Dadar TT Circle,Mumbai,Maharashtra,2020,Serious,0,3,Clear,Urban Intersection,Pedestrian & Motorcycle
ACC-202000,JNC-MUM-003,Dadar TT Circle,Mumbai,Maharashtra,2020,Serious,0,1,Heavy Rain,Roundabout,Pedestrian & Motorcycle
ACC-202001,JNC-DEL-002,ITO Crossing,New Delhi,Delhi,2023,Serious,0,2,Heavy Rain,Roundabout,Motorcycle & Bus
ACC-202002,JNC-BLR-006,Goraguntepalya Junction,Bengaluru,Karnataka,2023,Serious,0,1,Clear,4-Lane Highway Merge,Pedestrian & Motorcycle
ACC-202003,JNC-BLR-001,Silk Board Junction,Bengaluru,Karnataka,2018,Serious,0,3,Clear,Roundabout,Auto-rickshaw & Bus
ACC-202004,JNC-BLR-006,Goraguntepalya Junction,Bengaluru,Karnataka,2020,Serious,0,1,Monsoon Pour,Urban Intersection,Pedestrian & Motorcycle
ACC-202005,JNC-BLR-001,Silk Board Junction,Bengaluru,Karnataka,2021,Serious,0,3,Clear,4-Lane Highway Merge,Pedestrian & Motorcycle
ACC-202006,JNC-DEL-002,ITO Crossing,New Delhi,Delhi,2021,Minor,0,1,Clear,Urban Intersection,Car & Truck
ACC-202007,JNC-MAA-004,Kathipara Junction,Chennai,Tamil Nadu,2023,Serious,0,2,Clear,Flyover Exit,Motorcycle & Car
ACC-202008,JNC-BLR-001,Silk Board Junction,Bengaluru,Karnataka,2021,Minor,0,1,Fog / Mist,Urban Intersection,Pedestrian & Motorcycle
ACC-202009,JNC-HYD-005,Panjagutta Junction,Hyderabad,Telangana,2022,Fatal,1,0,Clear,4-Lane Highway Merge,Car & Car
ACC-202010,JNC-BLR-001,Silk Board Junction,Bengaluru,Karnataka,2021,Fatal,2,1,Heavy Rain,Urban Intersection,Auto-rickshaw & Bus
ACC-202011,JNC-DEL-002,ITO Crossing,New Delhi,Delhi,2018,Fatal,3,4,Fog / Mist,Flyover Exit,Pedestrian & Motorcycle
ACC-202012,JNC-MUM-003,Dadar TT Circle,Mumbai,Maharashtra,2019,Fatal,1,1,Heavy Rain,Flyover Exit,Pedestrian & Motorcycle
ACC-202013,JNC-MAA-004,Kathipara Junction,Chennai,Tamil Nadu,2019,Minor,0,0,Clear,4-Lane Highway Merge,Motorcycle & Bus
ACC-202014,JNC-BLR-006,Goraguntepalya Junction,Bengaluru,Karnataka,2019,Serious,0,3,Clear,Urban Intersection,Car & Car
ACC-202015,JNC-BLR-001,Silk Board Junction,Bengaluru,Karnataka,2020,Serious,0,1,Monsoon Pour,4-Lane Highway Merge,Motorcycle & Bus
ACC-202016,JNC-MUM-003,Dadar TT Circle,Mumbai,Maharashtra,2019,Serious,0,3,Heavy Rain,Roundabout,Car & Truck
ACC-202017,JNC-BLR-006,Goraguntepalya Junction,Bengaluru,Karnataka,2019,Fatal,2,3,Fog / Mist,Roundabout,Motorcycle & Bus
ACC-202018,JNC-BLR-001,Silk Board Junction,Bengaluru,Karnataka,2021,Fatal,1,4,Fog / Mist,4-Lane Highway Merge,Motorcycle & Car
ACC-202019,JNC-BLR-001,Silk Board Junction,Bengaluru,Karnataka,2020,Serious,0,3,Clear,Roundabout,Car & Car
ACC-202020,JNC-BLR-001,Silk Board Junction,Bengaluru,Karnataka,2019,Serious,0,3,Clear,Roundabout,Car & Truck
ACC-202021,JNC-HYD-005,Panjagutta Junction,Hyderabad,Telangana,2018,Serious,0,1,Clear,Urban Intersection,Motorcycle & Car
ACC-202022,JNC-MUM-003,Dadar TT Circle,Mumbai,Maharashtra,2019,Minor,0,1,Clear,Flyover Exit,Motorcycle & Bus
ACC-202023,JNC-BLR-001,Silk Board Junction,Bengaluru,Karnataka,2020,Serious,0,2,Clear,Urban Intersection,Car & Truck
ACC-202024,JNC-HYD-005,Panjagutta Junction,Hyderabad,Telangana,2019,Fatal,2,4,Clear,4-Lane Highway Merge,Auto-rickshaw & Bus
ACC-202025,JNC-MUM-003,Dadar TT Circle,Mumbai,Maharashtra,2023,Minor,0,0,Clear,4-Lane Highway Merge,Auto-rickshaw & Bus
ACC-202026,JNC-DEL-002,ITO Crossing,New Delhi,Delhi,2022,Serious,0,2,Heavy Rain,Roundabout,Motorcycle & Car
ACC-202027,JNC-MAA-004,Kathipara Junction,Chennai,Tamil Nadu,2021,Serious,0,1,Monsoon Pour,Flyover Exit,Motorcycle & Car
ACC-202028,JNC-BLR-006,Goraguntepalya Junction,Bengaluru,Karnataka,2020,Minor,0,0,Heavy Rain,Roundabout,Car & Car
ACC-202029,JNC-BLR-006,Goraguntepalya Junction,Bengaluru,Karnataka,2018,Serious,0,2,Heavy Rain,Urban Intersection,Car & Car
ACC-202030,JNC-BLR-001,Silk Board Junction,Bengaluru,Karnataka,2018,Fatal,3,0,Clear,Urban Intersection,Auto-rickshaw & Bus
ACC-202031,JNC-MUM-003,Dadar TT Circle,Mumbai,Maharashtra,2022,Serious,0,2,Clear,Urban Intersection,Motorcycle & Car
ACC-202032,JNC-BLR-001,Silk Board Junction,Bengaluru,Karnataka,2018,Serious,0,3,Clear,4-Lane Highway Merge,Car & Car
ACC-202033,JNC-BLR-001,Silk Board Junction,Bengaluru,Karnataka,2021,Minor,0,0,Clear,4-Lane Highway Merge,Motorcycle & Bus
ACC-202034,JNC-MUM-003,Dadar TT Circle,Mumbai,Maharashtra,2019,Serious,0,2,Heavy Rain,Roundabout,Car & Car
ACC-202035,JNC-MUM-003,Dadar TT Circle,Mumbai,Maharashtra,2019,Minor,0,0,Clear,Flyover Exit,Car & Truck
ACC-202036,JNC-BLR-006,Goraguntepalya Junction,Bengaluru,Karnataka,2018,Minor,0,0,Fog / Mist,4-Lane Highway Merge,Motorcycle & Car
ACC-202037,JNC-MAA-004,Kathipara Junction,Chennai,Tamil Nadu,2018,Serious,0,2,Clear,Flyover Exit,Auto-rickshaw & Bus
ACC-202038,JNC-DEL-002,ITO Crossing,New Delhi,Delhi,2019,Serious,0,1,Clear,Flyover Exit,Motorcycle & Bus
ACC-202039,JNC-DEL-002,ITO Crossing,New Delhi,Delhi,2021,Minor,0,0,Heavy Rain,4-Lane Highway Merge,Motorcycle & Car
ACC-202040,JNC-BLR-001,Silk Board Junction,Bengaluru,Karnataka,2020,Fatal,3,3,Monsoon Pour,Roundabout,Auto-rickshaw & Bus
ACC-202041,JNC-HYD-005,Panjagutta Junction,Hyderabad,Telangana,2021,Serious,0,1,Heavy Rain,Urban Intersection,Pedestrian & Motorcycle
ACC-202042,JNC-BLR-006,Goraguntepalya Junction,Bengaluru,Karnataka,2021,Serious,0,2,Clear,Flyover Exit,Auto-rickshaw & Bus
ACC-202043,JNC-DEL-002,ITO Crossing,New Delhi,Delhi,2021,Serious,0,2,Heavy Rain,4-Lane Highway Merge,Motorcycle & Car
ACC-202044,JNC-BLR-006,Goraguntepalya Junction,Bengaluru,Karnataka,2018,Serious,0,3,Clear,Flyover Exit,Car & Car
ACC-202045,JNC-BLR-001,Silk Board Junction,Bengaluru,Karnataka,2018,Fatal,2,4,Clear,Roundabout,Auto-rickshaw & Bus
ACC-202046,JNC-MAA-004,Kathipara Junction,Chennai,Tamil Nadu,2021,Minor,0,1,Fog / Mist,Urban Intersection,Car & Car
ACC-202047,JNC-BLR-001,Silk Board Junction,Bengaluru,Karnataka,2018,Serious,0,3,Clear,Urban Intersection,Motorcycle & Car
ACC-202048,JNC-BLR-006,Goraguntepalya Junction,Bengaluru,Karnataka,2020,Serious,0,2,Heavy Rain,Roundabout,Auto-rickshaw & Bus
ACC-202049,JNC-HYD-005,Panjagutta Junction,Hyderabad,Telangana,2022,Minor,0,1,Heavy Rain,Flyover Exit,Motorcycle & Car
ACC-202050,JNC-HYD-005,Panjagutta Junction,Hyderabad,Telangana,2019,Minor,0,1,Clear,Flyover Exit,Motorcycle & Bus
ACC-202051,JNC-BLR-001,Silk Board Junction,Bengaluru,Karnataka,2019,Fatal,1,1,Clear,Roundabout,Car & Car
ACC-202052,JNC-DEL-002,ITO Crossing,New Delhi,Delhi,2021,Serious,0,3,Fog / Mist,Flyover Exit,Motorcycle & Car
ACC-202053,JNC-BLR-001,Silk Board Junction,Bengaluru,Karnataka,2021,Serious,0,2,Heavy Rain,4-Lane Highway Merge,Car & Truck
ACC-202054,JNC-BLR-001,Silk Board Junction,Bengaluru,Karnataka,2019,Minor,0,1,Heavy Rain,4-Lane Highway Merge,Pedestrian & Motorcycle
ACC-202055,JNC-MUM-003,Dadar TT Circle,Mumbai,Maharashtra,2018,Serious,0,2,Clear,Flyover Exit,Pedestrian & Motorcycle
ACC-202056,JNC-DEL-002,ITO Crossing,New Delhi,Delhi,2020,Fatal,3,3,Clear,Urban Intersection,Car & Truck
ACC-202057,JNC-MUM-003,Dadar TT Circle,Mumbai,Maharashtra,2022,Minor,0,0,Clear,Flyover Exit,Car & Truck
ACC-202058,JNC-DEL-002,ITO Crossing,New Delhi,Delhi,2020,Minor,0,1,Heavy Rain,Urban Intersection,Car & Car
ACC-202059,JNC-MAA-004,Kathipara Junction,Chennai,Tamil Nadu,2023,Serious,0,2,Clear,Roundabout,Pedestrian & Motorcycle
ACC-202060,JNC-MAA-004,Kathipara Junction,Chennai,Tamil Nadu,2021,Serious,0,1,Heavy Rain,Flyover Exit,Pedestrian & Motorcycle
ACC-202061,JNC-PNQ-007,Chandani Chowk Junction,Pune,Maharashtra,2023,Serious,0,1,Fog / Mist,Flyover Exit,Auto-rickshaw & Bus
ACC-202062,JNC-DEL-002,ITO Crossing,New Delhi,Delhi,2019,Fatal,3,4,Clear,Flyover Exit,Motorcycle & Bus
ACC-202063,JNC-BLR-006,Goraguntepalya Junction,Bengaluru,Karnataka,2019,Minor,0,1,Heavy Rain,4-Lane Highway Merge,Car & Truck
ACC-202064,JNC-BLR-001,Silk Board Junction,Bengaluru,Karnataka,2020,Fatal,3,3,Clear,4-Lane Highway Merge,Car & Car
ACC-202065,JNC-PNQ-007,Chandani Chowk Junction,Pune,Maharashtra,2020,Fatal,3,1,Heavy Rain,Roundabout,Motorcycle & Bus
ACC-202066,JNC-DEL-002,ITO Crossing,New Delhi,Delhi,2021,Minor,0,1,Clear,4-Lane Highway Merge,Motorcycle & Car
ACC-202067,JNC-HYD-005,Panjagutta Junction,Hyderabad,Telangana,2018,Serious,0,2,Clear,Flyover Exit,Car & Truck
ACC-202068,JNC-MAA-004,Kathipara Junction,Chennai,Tamil Nadu,2023,Serious,0,1,Heavy Rain,4-Lane Highway Merge,Motorcycle & Car
ACC-202069,JNC-DEL-002,ITO Crossing,New Delhi,Delhi,2023,Serious,0,3,Heavy Rain,Flyover Exit,Motorcycle & Car
ACC-202070,JNC-BLR-001,Silk Board Junction,Bengaluru,Karnataka,2019,Serious,0,2,Fog / Mist,Urban Intersection,Car & Truck
ACC-202071,JNC-MUM-003,Dadar TT Circle,Mumbai,Maharashtra,2019,Minor,0,0,Heavy Rain,Roundabout,Motorcycle & Bus
ACC-202072,JNC-PNQ-007,Chandani Chowk Junction,Pune,Maharashtra,2022,Minor,0,1,Fog / Mist,4-Lane Highway Merge,Auto-rickshaw & Bus
ACC-202073,JNC-MAA-004,Kathipara Junction,Chennai,Tamil Nadu,2018,Fatal,2,2,Heavy Rain,4-Lane Highway Merge,Car & Truck
ACC-202074,JNC-BLR-001,Silk Board Junction,Bengaluru,Karnataka,2023,Serious,0,1,Heavy Rain,4-Lane Highway Merge,Motorcycle & Bus
ACC-202075,JNC-DEL-002,ITO Crossing,New Delhi,Delhi,2019,Fatal,3,2,Heavy Rain,Urban Intersection,Motorcycle & Bus
ACC-202076,JNC-BLR-001,Silk Board Junction,Bengaluru,Karnataka,2019,Serious,0,1,Heavy Rain,4-Lane Highway Merge,Pedestrian & Motorcycle
ACC-202077,JNC-HYD-005,Panjagutta Junction,Hyderabad,Telangana,2023,Fatal,1,0,Clear,Flyover Exit,Motorcycle & Car
ACC-202078,JNC-DEL-002,ITO Crossing,New Delhi,Delhi,2022,Minor,0,1,Fog / Mist,Roundabout,Pedestrian & Motorcycle
ACC-202079,JNC-MUM-003,Dadar TT Circle,Mumbai,Maharashtra,2021,Fatal,3,4,Clear,4-Lane Highway Merge,Car & Car
ACC-202080,JNC-MUM-003,Dadar TT Circle,Mumbai,Maharashtra,2023,Serious,0,2,Clear,4-Lane Highway Merge,Motorcycle & Car
ACC-202081,JNC-BLR-001,Silk Board Junction,Bengaluru,Karnataka,2020,Fatal,2,1,Clear,4-Lane Highway Merge,Pedestrian & Motorcycle
ACC-202082,JNC-DEL-002,ITO Crossing,New Delhi,Delhi,2019,Minor,0,0,Heavy Rain,Flyover Exit,Motorcycle & Car
ACC-202083,JNC-HYD-005,Panjagutta Junction,Hyderabad,Telangana,2021,Serious,0,2,Clear,4-Lane Highway Merge,Pedestrian & Motorcycle
ACC-202084,JNC-BLR-001,Silk Board Junction,Bengaluru,Karnataka,2020,Fatal,2,2,Heavy Rain,Flyover Exit,Pedestrian & Motorcycle
ACC-202085,JNC-MAA-004,Kathipara Junction,Chennai,Tamil Nadu,2019,Serious,0,1,Heavy Rain,4-Lane Highway Merge,Motorcycle & Bus
ACC-202086,JNC-HYD-005,Panjagutta Junction,Hyderabad,Telangana,2023,Serious,0,3,Heavy Rain,Urban Intersection,Car & Truck
ACC-202087,JNC-PNQ-007,Chandani Chowk Junction,Pune,Maharashtra,2018,Fatal,3,1,Clear,Roundabout,Motorcycle & Bus
ACC-202088,JNC-MUM-003,Dadar TT Circle,Mumbai,Maharashtra,2022,Serious,0,1,Clear,Roundabout,Motorcycle & Bus
ACC-202089,JNC-MUM-003,Dadar TT Circle,Mumbai,Maharashtra,2019,Serious,0,3,Fog / Mist,4-Lane Highway Merge,Auto-rickshaw & Bus
ACC-202090,JNC-MAA-004,Kathipara Junction,Chennai,Tamil Nadu,2023,Minor,0,0,Clear,Roundabout,Motorcycle & Bus
ACC-202091,JNC-MAA-004,Kathipara Junction,Chennai,Tamil Nadu,2018,Minor,0,0,Clear,4-Lane Highway Merge,Car & Truck
ACC-202092,JNC-BLR-001,Silk Board Junction,Bengaluru,Karnataka,2019,Serious,0,3,Monsoon Pour,Urban Intersection,Car & Car
ACC-202093,JNC-BLR-001,Silk Board Junction,Bengaluru,Karnataka,2022,Minor,0,1,Clear,4-Lane Highway Merge,Motorcycle & Bus
ACC-202094,JNC-PNQ-007,Chandani Chowk Junction,Pune,Maharashtra,2021,Minor,0,0,Fog / Mist,4-Lane Highway Merge,Auto-rickshaw & Bus
ACC-202095,JNC-MUM-003,Dadar TT Circle,Mumbai,Maharashtra,2023,Serious,0,1,Fog / Mist,Flyover Exit,Car & Car
ACC-202096,JNC-HYD-005,Panjagutta Junction,Hyderabad,Telangana,2020,Serious,0,3,Clear,Urban Intersection,Motorcycle & Car
ACC-202097,JNC-PNQ-007,Chandani Chowk Junction,Pune,Maharashtra,2018,Fatal,2,4,Monsoon Pour,Roundabout,Pedestrian & Motorcycle
ACC-202098,JNC-HYD-005,Panjagutta Junction,Hyderabad,Telangana,2022,Minor,0,0,Clear,Roundabout,Car & Car
ACC-202099,JNC-BLR-001,Silk Board Junction,Bengaluru,Karnataka,2021,Serious,0,2,Clear,4-Lane Highway Merge,Pedestrian & Motorcycle
ACC-202100,JNC-HYD-005,Panjagutta Junction,Hyderabad,Telangana,2021,Fatal,2,2,Clear,Roundabout,Pedestrian & Motorcycle
ACC-202101,JNC-HYD-005,Panjagutta Junction,Hyderabad,Telangana,2019,Serious,0,2,Clear,Roundabout,Motorcycle & Car
ACC-202102,JNC-HYD-005,Panjagutta Junction,Hyderabad,Telangana,2023,Minor,0,1,Fog / Mist,Urban Intersection,Motorcycle & Car
ACC-202103,JNC-BLR-006,Goraguntepalya Junction,Bengaluru,Karnataka,2022,Minor,0,1,Clear,Flyover Exit,Motorcycle & Car
ACC-202104,JNC-MUM-003,Dadar TT Circle,Mumbai,Maharashtra,2023,Serious,0,1,Monsoon Pour,Flyover Exit,Car & Truck
ACC-202105,JNC-BLR-006,Goraguntepalya Junction,Bengaluru,Karnataka,2020,Minor,0,0,Monsoon Pour,Roundabout,Pedestrian & Motorcycle
ACC-202106,JNC-HYD-005,Panjagutta Junction,Hyderabad,Telangana,2019,Fatal,2,3,Heavy Rain,Urban Intersection,Motorcycle & Bus
ACC-202107,JNC-BLR-006,Goraguntepalya Junction,Bengaluru,Karnataka,2018,Minor,0,1,Monsoon Pour,Flyover Exit,Car & Truck
ACC-202108,JNC-BLR-001,Silk Board Junction,Bengaluru,Karnataka,2022,Serious,0,2,Heavy Rain,Flyover Exit,Car & Truck
ACC-202109,JNC-MUM-003,Dadar TT Circle,Mumbai,Maharashtra,2019,Serious,0,1,Clear,Roundabout,Motorcycle & Bus
ACC-202110,JNC-BLR-006,Goraguntepalya Junction,Bengaluru,Karnataka,2018,Fatal,2,0,Clear,4-Lane Highway Merge,Auto-rickshaw & Bus
ACC-202111,JNC-BLR-001,Silk Board Junction,Bengaluru,Karnataka,2020,Minor,0,0,Clear,Flyover Exit,Motorcycle & Bus
ACC-202112,JNC-MUM-003,Dadar TT Circle,Mumbai,Maharashtra,2019,Serious,0,3,Clear,4-Lane Highway Merge,Motorcycle & Bus
ACC-202113,JNC-DEL-002,ITO Crossing,New Delhi,Delhi,2021,Serious,0,3,Heavy Rain,Urban Intersection,Car & Truck
ACC-202114,JNC-BLR-001,Silk Board Junction,Bengaluru,Karnataka,2019,Serious,0,1,Clear,Roundabout,Car & Truck
ACC-202115,JNC-HYD-005,Panjagutta Junction,Hyderabad,Telangana,2021,Minor,0,0,Clear,Urban Intersection,Car & Car
ACC-202116,JNC-BLR-006,Goraguntepalya Junction,Bengaluru,Karnataka,2022,Minor,0,0,Fog / Mist,Urban Intersection,Motorcycle & Car
ACC-202117,JNC-PNQ-007,Chandani Chowk Junction,Pune,Maharashtra,2020,Fatal,3,3,Clear,Urban Intersection,Pedestrian & Motorcycle
ACC-202118,JNC-MAA-004,Kathipara Junction,Chennai,Tamil Nadu,2022,Fatal,2,4,Fog / Mist,4-Lane Highway Merge,Car & Car
ACC-202119,JNC-BLR-001,Silk Board Junction,Bengaluru,Karnataka,2019,Minor,0,0,Fog / Mist,Flyover Exit,Pedestrian & Motorcycle
ACC-202120,JNC-DEL-002,ITO Crossing,New Delhi,Delhi,2022,Minor,0,1,Heavy Rain,Urban Intersection,Car & Car
ACC-202121,JNC-BLR-006,Goraguntepalya Junction,Bengaluru,Karnataka,2021,Fatal,1,4,Fog / Mist,Flyover Exit,Auto-rickshaw & Bus
ACC-202122,JNC-BLR-006,Goraguntepalya Junction,Bengaluru,Karnataka,2020,Serious,0,1,Clear,Flyover Exit,Pedestrian & Motorcycle
ACC-202123,JNC-BLR-001,Silk Board Junction,Bengaluru,Karnataka,2023,Minor,0,1,Fog / Mist,Urban Intersection,Pedestrian & Motorcycle
ACC-202124,JNC-BLR-001,Silk Board Junction,Bengaluru,Karnataka,2022,Serious,0,2,Clear,4-Lane Highway Merge,Pedestrian & Motorcycle
ACC-202125,JNC-BLR-001,Silk Board Junction,Bengaluru,Karnataka,2018,Fatal,1,3,Fog / Mist,Flyover Exit,Motorcycle & Bus
ACC-202126,JNC-DEL-002,ITO Crossing,New Delhi,Delhi,2018,Fatal,2,0,Heavy Rain,Roundabout,Motorcycle & Bus
ACC-202127,JNC-BLR-006,Goraguntepalya Junction,Bengaluru,Karnataka,2023,Fatal,1,4,Clear,4-Lane Highway Merge,Auto-rickshaw & Bus
ACC-202128,JNC-MUM-003,Dadar TT Circle,Mumbai,Maharashtra,2023,Serious,0,3,Clear,4-Lane Highway Merge,Motorcycle & Bus
ACC-202129,JNC-HYD-005,Panjagutta Junction,Hyderabad,Telangana,2021,Fatal,3,4,Fog / Mist,Urban Intersection,Pedestrian & Motorcycle
ACC-202130,JNC-DEL-002,ITO Crossing,New Delhi,Delhi,2023,Minor,0,0,Clear,Urban Intersection,Motorcycle & Bus
ACC-202131,JNC-MUM-003,Dadar TT Circle,Mumbai,Maharashtra,2021,Fatal,1,0,Heavy Rain,Roundabout,Motorcycle & Bus
ACC-202132,JNC-BLR-001,Silk Board Junction,Bengaluru,Karnataka,2019,Minor,0,0,Heavy Rain,4-Lane Highway Merge,Car & Truck
ACC-202133,JNC-BLR-006,Goraguntepalya Junction,Bengaluru,Karnataka,2023,Minor,0,1,Fog / Mist,4-Lane Highway Merge,Car & Truck
ACC-202134,JNC-BLR-001,Silk Board Junction,Bengaluru,Karnataka,2020,Minor,0,1,Clear,Flyover Exit,Motorcycle & Car
ACC-202135,JNC-MAA-004,Kathipara Junction,Chennai,Tamil Nadu,2022,Minor,0,0,Clear,Urban Intersection,Auto-rickshaw & Bus
ACC-202136,JNC-BLR-001,Silk Board Junction,Bengaluru,Karnataka,2020,Minor,0,1,Clear,Urban Intersection,Motorcycle & Bus
ACC-202137,JNC-PNQ-007,Chandani Chowk Junction,Pune,Maharashtra,2022,Minor,0,1,Clear,Flyover Exit,Car & Truck
ACC-202138,JNC-HYD-005,Panjagutta Junction,Hyderabad,Telangana,2019,Fatal,1,2,Clear,Roundabout,Car & Car
ACC-202139,JNC-BLR-001,Silk Board Junction,Bengaluru,Karnataka,2021,Minor,0,0,Fog / Mist,4-Lane Highway Merge,Motorcycle & Car
ACC-202140,JNC-MUM-003,Dadar TT Circle,Mumbai,Maharashtra,2023,Minor,0,0,Clear,Urban Intersection,Car & Truck
ACC-202141,JNC-DEL-002,ITO Crossing,New Delhi,Delhi,2021,Fatal,2,1,Clear,Roundabout,Motorcycle & Car
ACC-202142,JNC-BLR-001,Silk Board Junction,Bengaluru,Karnataka,2020,Minor,0,1,Heavy Rain,Roundabout,Motorcycle & Car
ACC-202143,JNC-MUM-003,Dadar TT Circle,Mumbai,Maharashtra,2018,Minor,0,0,Clear,Roundabout,Car & Truck
ACC-202144,JNC-MUM-003,Dadar TT Circle,Mumbai,Maharashtra,2021,Minor,0,1,Clear,4-Lane Highway Merge,Pedestrian & Motorcycle
ACC-202145,JNC-HYD-005,Panjagutta Junction,Hyderabad,Telangana,2019,Serious,0,1,Clear,Urban Intersection,Motorcycle & Car
ACC-202146,JNC-HYD-005,Panjagutta Junction,Hyderabad,Telangana,2021,Serious,0,1,Clear,4-Lane Highway Merge,Car & Car
ACC-202147,JNC-HYD-005,Panjagutta Junction,Hyderabad,Telangana,2023,Serious,0,1,Clear,Roundabout,Motorcycle & Car
ACC-202148,JNC-BLR-006,Goraguntepalya Junction,Bengaluru,Karnataka,2022,Fatal,2,0,Heavy Rain,Roundabout,Pedestrian & Motorcycle
ACC-202149,JNC-BLR-001,Silk Board Junction,Bengaluru,Karnataka,2019,Minor,0,1,Clear,Roundabout,Auto-rickshaw & Bus
ACC-202150,JNC-DEL-002,ITO Crossing,New Delhi,Delhi,2023,Serious,0,1,Monsoon Pour,Flyover Exit,Auto-rickshaw & Bus
ACC-202151,JNC-HYD-005,Panjagutta Junction,Hyderabad,Telangana,2021,Serious,0,3,Fog / Mist,Urban Intersection,Pedestrian & Motorcycle
ACC-202152,JNC-DEL-002,ITO Crossing,New Delhi,Delhi,2020,Serious,0,2,Heavy Rain,Urban Intersection,Car & Truck
ACC-202153,JNC-MUM-003,Dadar TT Circle,Mumbai,Maharashtra,2023,Fatal,3,1,Monsoon Pour,Urban Intersection,Car & Truck
ACC-202154,JNC-PNQ-007,Chandani Chowk Junction,Pune,Maharashtra,2022,Fatal,2,1,Heavy Rain,4-Lane Highway Merge,Motorcycle & Car
ACC-202155,JNC-BLR-001,Silk Board Junction,Bengaluru,Karnataka,2018,Fatal,3,2,Heavy Rain,Urban Intersection,Pedestrian & Motorcycle
ACC-202156,JNC-BLR-001,Silk Board Junction,Bengaluru,Karnataka,2020,Fatal,2,1,Clear,Urban Intersection,Pedestrian & Motorcycle
ACC-202157,JNC-BLR-001,Silk Board Junction,Bengaluru,Karnataka,2020,Serious,0,2,Monsoon Pour,Flyover Exit,Motorcycle & Bus
ACC-202158,JNC-HYD-005,Panjagutta Junction,Hyderabad,Telangana,2023,Serious,0,1,Monsoon Pour,Roundabout,Car & Car
ACC-202159,JNC-MUM-003,Dadar TT Circle,Mumbai,Maharashtra,2018,Serious,0,2,Clear,Urban Intersection,Car & Car
ACC-202160,JNC-BLR-001,Silk Board Junction,Bengaluru,Karnataka,2023,Serious,0,3,Clear,Flyover Exit,Car & Car
ACC-202161,JNC-DEL-002,ITO Crossing,New Delhi,Delhi,2022,Serious,0,2,Heavy Rain,4-Lane Highway Merge,Car & Car
ACC-202162,JNC-DEL-002,ITO Crossing,New Delhi,Delhi,2023,Fatal,3,0,Heavy Rain,4-Lane Highway Merge,Auto-rickshaw & Bus
ACC-202163,JNC-BLR-001,Silk Board Junction,Bengaluru,Karnataka,2018,Fatal,1,2,Heavy Rain,4-Lane Highway Merge,Motorcycle & Bus
ACC-202164,JNC-BLR-006,Goraguntepalya Junction,Bengaluru,Karnataka,2018,Minor,0,0,Fog / Mist,4-Lane Highway Merge,Pedestrian & Motorcycle
ACC-202165,JNC-MUM-003,Dadar TT Circle,Mumbai,Maharashtra,2019,Serious,0,2,Heavy Rain,Flyover Exit,Auto-rickshaw & Bus
ACC-202166,JNC-DEL-002,ITO Crossing,New Delhi,Delhi,2022,Fatal,1,1,Monsoon Pour,Flyover Exit,Motorcycle & Bus
ACC-202167,JNC-BLR-001,Silk Board Junction,Bengaluru,Karnataka,2022,Minor,0,1,Fog / Mist,Roundabout,Pedestrian & Motorcycle
ACC-202168,JNC-BLR-006,Goraguntepalya Junction,Bengaluru,Karnataka,2020,Serious,0,3,Clear,Urban Intersection,Car & Truck
ACC-202169,JNC-MUM-003,Dadar TT Circle,Mumbai,Maharashtra,2018,Serious,0,2,Clear,Roundabout,Motorcycle & Car
ACC-202170,JNC-BLR-001,Silk Board Junction,Bengaluru,Karnataka,2018,Serious,0,3,Clear,Urban Intersection,Motorcycle & Bus
ACC-202171,JNC-MUM-003,Dadar TT Circle,Mumbai,Maharashtra,2020,Serious,0,1,Clear,4-Lane Highway Merge,Car & Car
ACC-202172,JNC-DEL-002,ITO Crossing,New Delhi,Delhi,2022,Minor,0,1,Clear,4-Lane Highway Merge,Pedestrian & Motorcycle
ACC-202173,JNC-BLR-001,Silk Board Junction,Bengaluru,Karnataka,2021,Minor,0,1,Clear,Urban Intersection,Auto-rickshaw & Bus
ACC-202174,JNC-BLR-001,Silk Board Junction,Bengaluru,Karnataka,2021,Fatal,1,0,Clear,Roundabout,Car & Car
ACC-202175,JNC-BLR-001,Silk Board Junction,Bengaluru,Karnataka,2018,Fatal,3,0,Heavy Rain,4-Lane Highway Merge,Pedestrian & Motorcycle
ACC-202176,JNC-MUM-003,Dadar TT Circle,Mumbai,Maharashtra,2018,Serious,0,2,Heavy Rain,Flyover Exit,Auto-rickshaw & Bus
ACC-202177,JNC-PNQ-007,Chandani Chowk Junction,Pune,Maharashtra,2018,Serious,0,2,Clear,Flyover Exit,Auto-rickshaw & Bus
ACC-202178,JNC-DEL-002,ITO Crossing,New Delhi,Delhi,2018,Fatal,2,1,Heavy Rain,Urban Intersection,Car & Car
ACC-202179,JNC-BLR-001,Silk Board Junction,Bengaluru,Karnataka,2018,Minor,0,1,Clear,Urban Intersection,Car & Car
ACC-202180,JNC-HYD-005,Panjagutta Junction,Hyderabad,Telangana,2018,Minor,0,0,Heavy Rain,Urban Intersection,Car & Truck
ACC-202181,JNC-BLR-001,Silk Board Junction,Bengaluru,Karnataka,2023,Minor,0,1,Heavy Rain,Urban Intersection,Car & Car
ACC-202182,JNC-DEL-002,ITO Crossing,New Delhi,Delhi,2023,Serious,0,1,Clear,Urban Intersection,Pedestrian & Motorcycle
ACC-202183,JNC-PNQ-007,Chandani Chowk Junction,Pune,Maharashtra,2019,Fatal,2,0,Clear,Roundabout,Car & Truck
ACC-202184,JNC-PNQ-007,Chandani Chowk Junction,Pune,Maharashtra,2022,Minor,0,1,Clear,Roundabout,Car & Truck
ACC-202185,JNC-MUM-003,Dadar TT Circle,Mumbai,Maharashtra,2021,Serious,0,1,Clear,4-Lane Highway Merge,Pedestrian & Motorcycle
ACC-202186,JNC-BLR-001,Silk Board Junction,Bengaluru,Karnataka,2023,Minor,0,1,Fog / Mist,Urban Intersection,Pedestrian & Motorcycle
ACC-202187,JNC-MUM-003,Dadar TT Circle,Mumbai,Maharashtra,2022,Serious,0,1,Clear,Roundabout,Motorcycle & Car
ACC-202188,JNC-DEL-002,ITO Crossing,New Delhi,Delhi,2022,Fatal,3,3,Clear,Roundabout,Motorcycle & Car
ACC-202189,JNC-MAA-004,Kathipara Junction,Chennai,Tamil Nadu,2022,Serious,0,3,Fog / Mist,Flyover Exit,Motorcycle & Bus
ACC-202190,JNC-DEL-002,ITO Crossing,New Delhi,Delhi,2021,Minor,0,1,Clear,Roundabout,Car & Truck
ACC-202191,JNC-BLR-001,Silk Board Junction,Bengaluru,Karnataka,2018,Serious,0,3,Clear,4-Lane Highway Merge,Car & Truck
ACC-202192,JNC-BLR-001,Silk Board Junction,Bengaluru,Karnataka,2018,Fatal,1,0,Clear,Urban Intersection,Car & Truck
ACC-202193,JNC-BLR-006,Goraguntepalya Junction,Bengaluru,Karnataka,2023,Serious,0,2,Clear,Flyover Exit,Motorcycle & Car
ACC-202194,JNC-HYD-005,Panjagutta Junction,Hyderabad,Telangana,2019,Fatal,2,2,Clear,Flyover Exit,Auto-rickshaw & Bus
ACC-202195,JNC-BLR-001,Silk Board Junction,Bengaluru,Karnataka,2021,Fatal,1,0,Clear,Roundabout,Car & Truck
ACC-202196,JNC-BLR-001,Silk Board Junction,Bengaluru,Karnataka,2022,Minor,0,1,Clear,Flyover Exit,Motorcycle & Bus
ACC-202197,JNC-HYD-005,Panjagutta Junction,Hyderabad,Telangana,2023,Minor,0,1,Clear,Flyover Exit,Motorcycle & Car
ACC-202198,JNC-MUM-003,Dadar TT Circle,Mumbai,Maharashtra,2021,Serious,0,2,Clear,4-Lane Highway Merge,Auto-rickshaw & Bus
ACC-202199,JNC-HYD-005,Panjagutta Junction,Hyderabad,Telangana,2021,Minor,0,1,Clear,Urban Intersection,Car & Truck
ACC-202200,JNC-BLR-006,Goraguntepalya Junction,Bengaluru,Karnataka,2018,Minor,0,0,Fog / Mist,4-Lane Highway Merge,Auto-rickshaw & Bus
ACC-202201,JNC-MAA-004,Kathipara Junction,Chennai,Tamil Nadu,2018,Fatal,2,1,Clear,4-Lane Highway Merge,Car & Truck
ACC-202202,JNC-MAA-004,Kathipara Junction,Chennai,Tamil Nadu,2020,Serious,0,3,Clear,Roundabout,Motorcycle & Car
ACC-202203,JNC-BLR-001,Silk Board Junction,Bengaluru,Karnataka,2020,Fatal,3,3,Clear,Roundabout,Auto-rickshaw & Bus
ACC-202204,JNC-BLR-001,Silk Board Junction,Bengaluru,Karnataka,2020,Fatal,2,0,Heavy Rain,4-Lane Highway Merge,Pedestrian & Motorcycle
ACC-202205,JNC-PNQ-007,Chandani Chowk Junction,Pune,Maharashtra,2022,Minor,0,1,Clear,Roundabout,Car & Car
ACC-202206,JNC-BLR-006,Goraguntepalya Junction,Bengaluru,Karnataka,2022,Serious,0,3,Clear,Roundabout,Motorcycle & Car
ACC-202207,JNC-BLR-001,Silk Board Junction,Bengaluru,Karnataka,2022,Serious,0,3,Clear,Roundabout,Auto-rickshaw & Bus
ACC-202208,JNC-DEL-002,ITO Crossing,New Delhi,Delhi,2019,Serious,0,1,Fog / Mist,Urban Intersection,Auto-rickshaw & Bus
ACC-202209,JNC-BLR-006,Goraguntepalya Junction,Bengaluru,Karnataka,2018,Serious,0,1,Clear,4-Lane Highway Merge,Auto-rickshaw & Bus
ACC-202210,JNC-BLR-001,Silk Board Junction,Bengaluru,Karnataka,2019,Serious,0,3,Clear,Flyover Exit,Pedestrian & Motorcycle
ACC-202211,JNC-HYD-005,Panjagutta Junction,Hyderabad,Telangana,2020,Fatal,2,0,Clear,Urban Intersection,Car & Car
ACC-202212,JNC-DEL-002,ITO Crossing,New Delhi,Delhi,2020,Minor,0,1,Heavy Rain,Roundabout,Car & Car
ACC-202213,JNC-DEL-002,ITO Crossing,New Delhi,Delhi,2019,Fatal,3,3,Heavy Rain,Roundabout,Motorcycle & Bus
ACC-202214,JNC-BLR-001,Silk Board Junction,Bengaluru,Karnataka,2022,Serious,0,2,Heavy Rain,Urban Intersection,Auto-rickshaw & Bus
ACC-202215,JNC-DEL-002,ITO Crossing,New Delhi,Delhi,2020,Serious,0,3,Heavy Rain,Roundabout,Car & Car
ACC-202216,JNC-DEL-002,ITO Crossing,New Delhi,Delhi,2019,Fatal,3,1,Clear,4-Lane Highway Merge,Pedestrian & Motorcycle
ACC-202217,JNC-HYD-005,Panjagutta Junction,Hyderabad,Telangana,2020,Serious,0,2,Clear,Urban Intersection,Auto-rickshaw & Bus
ACC-202218,JNC-PNQ-007,Chandani Chowk Junction,Pune,Maharashtra,2021,Serious,0,2,Heavy Rain,Flyover Exit,Car & Truck
ACC-202219,JNC-HYD-005,Panjagutta Junction,Hyderabad,Telangana,2021,Fatal,3,1,Clear,Roundabout,Car & Car
ACC-202220,JNC-MAA-004,Kathipara Junction,Chennai,Tamil Nadu,2022,Serious,0,2,Fog / Mist,Flyover Exit,Car & Truck
ACC-202221,JNC-PNQ-007,Chandani Chowk Junction,Pune,Maharashtra,2018,Serious,0,3,Heavy Rain,Urban Intersection,Pedestrian & Motorcycle
ACC-202222,JNC-BLR-001,Silk Board Junction,Bengaluru,Karnataka,2022,Serious,0,1,Clear,Roundabout,Car & Car
ACC-202223,JNC-MAA-004,Kathipara Junction,Chennai,Tamil Nadu,2022,Serious,0,1,Heavy Rain,Roundabout,Car & Car
ACC-202224,JNC-DEL-002,ITO Crossing,New Delhi,Delhi,2023,Fatal,1,0,Clear,Roundabout,Car & Car
ACC-202225,JNC-BLR-001,Silk Board Junction,Bengaluru,Karnataka,2022,Fatal,3,4,Clear,Flyover Exit,Pedestrian & Motorcycle
ACC-202226,JNC-BLR-001,Silk Board Junction,Bengaluru,Karnataka,2022,Serious,0,2,Clear,4-Lane Highway Merge,Pedestrian & Motorcycle
ACC-202227,JNC-MAA-004,Kathipara Junction,Chennai,Tamil Nadu,2018,Serious,0,3,Fog / Mist,Flyover Exit,Auto-rickshaw & Bus
ACC-202228,JNC-BLR-001,Silk Board Junction,Bengaluru,Karnataka,2020,Fatal,3,1,Clear,Roundabout,Pedestrian & Motorcycle
ACC-202229,JNC-MAA-004,Kathipara Junction,Chennai,Tamil Nadu,2020,Serious,0,3,Heavy Rain,4-Lane Highway Merge,Pedestrian & Motorcycle
ACC-202230,JNC-MAA-004,Kathipara Junction,Chennai,Tamil Nadu,2020,Serious,0,2,Heavy Rain,4-Lane Highway Merge,Motorcycle & Bus
ACC-202231,JNC-MUM-003,Dadar TT Circle,Mumbai,Maharashtra,2023,Serious,0,3,Fog / Mist,Flyover Exit,Car & Truck
ACC-202232,JNC-MUM-003,Dadar TT Circle,Mumbai,Maharashtra,2022,Serious,0,1,Clear,Flyover Exit,Car & Truck
ACC-202233,JNC-BLR-001,Silk Board Junction,Bengaluru,Karnataka,2020,Minor,0,0,Clear,Flyover Exit,Auto-rickshaw & Bus
ACC-202234,JNC-BLR-006,Goraguntepalya Junction,Bengaluru,Karnataka,2020,Serious,0,2,Heavy Rain,Flyover Exit,Pedestrian & Motorcycle
ACC-202235,JNC-HYD-005,Panjagutta Junction,Hyderabad,Telangana,2020,Serious,0,1,Clear,Urban Intersection,Motorcycle & Car
ACC-202236,JNC-MUM-003,Dadar TT Circle,Mumbai,Maharashtra,2023,Serious,0,3,Fog / Mist,4-Lane Highway Merge,Car & Truck
ACC-202237,JNC-MUM-003,Dadar TT Circle,Mumbai,Maharashtra,2023,Serious,0,2,Clear,Roundabout,Motorcycle & Bus
ACC-202238,JNC-MUM-003,Dadar TT Circle,Mumbai,Maharashtra,2021,Minor,0,1,Clear,Roundabout,Car & Car
ACC-202239,JNC-DEL-002,ITO Crossing,New Delhi,Delhi,2018,Minor,0,0,Heavy Rain,Urban Intersection,Motorcycle & Bus
ACC-202240,JNC-BLR-001,Silk Board Junction,Bengaluru,Karnataka,2018,Minor,0,1,Fog / Mist,Flyover Exit,Car & Truck
ACC-202241,JNC-DEL-002,ITO Crossing,New Delhi,Delhi,2021,Serious,0,1,Clear,4-Lane Highway Merge,Motorcycle & Bus
ACC-202242,JNC-BLR-001,Silk Board Junction,Bengaluru,Karnataka,2020,Serious,0,3,Heavy Rain,Flyover Exit,Auto-rickshaw & Bus
ACC-202243,JNC-BLR-001,Silk Board Junction,Bengaluru,Karnataka,2022,Fatal,3,0,Fog / Mist,Roundabout,Pedestrian & Motorcycle
ACC-202244,JNC-HYD-005,Panjagutta Junction,Hyderabad,Telangana,2019,Minor,0,1,Heavy Rain,4-Lane Highway Merge,Car & Car
ACC-202245,JNC-DEL-002,ITO Crossing,New Delhi,Delhi,2022,Fatal,2,4,Heavy Rain,Flyover Exit,Motorcycle & Car
ACC-202246,JNC-DEL-002,ITO Crossing,New Delhi,Delhi,2018,Fatal,1,0,Monsoon Pour,Urban Intersection,Car & Truck
ACC-202247,JNC-BLR-006,Goraguntepalya Junction,Bengaluru,Karnataka,2018,Fatal,2,3,Clear,Roundabout,Car & Car
ACC-202248,JNC-BLR-006,Goraguntepalya Junction,Bengaluru,Karnataka,2022,Serious,0,1,Monsoon Pour,Urban Intersection,Pedestrian & Motorcycle
ACC-202249,JNC-BLR-006,Goraguntepalya Junction,Bengaluru,Karnataka,2022,Serious,0,1,Clear,Urban Intersection,Car & Car
ACC-202250,JNC-DEL-002,ITO Crossing,New Delhi,Delhi,2021,Serious,0,3,Clear,Urban Intersection,Pedestrian & Motorcycle
ACC-202251,JNC-BLR-001,Silk Board Junction,Bengaluru,Karnataka,2023,Minor,0,1,Clear,Roundabout,Pedestrian & Motorcycle
ACC-202252,JNC-DEL-002,ITO Crossing,New Delhi,Delhi,2018,Minor,0,1,Heavy Rain,Roundabout,Car & Car
ACC-202253,JNC-BLR-001,Silk Board Junction,Bengaluru,Karnataka,2021,Serious,0,2,Clear,4-Lane Highway Merge,Motorcycle & Bus
ACC-202254,JNC-HYD-005,Panjagutta Junction,Hyderabad,Telangana,2018,Serious,0,1,Fog / Mist,Urban Intersection,Auto-rickshaw & Bus
ACC-202255,JNC-BLR-001,Silk Board Junction,Bengaluru,Karnataka,2018,Fatal,2,0,Heavy Rain,Urban Intersection,Car & Truck
ACC-202256,JNC-BLR-006,Goraguntepalya Junction,Bengaluru,Karnataka,2019,Serious,0,3,Clear,Urban Intersection,Car & Car
ACC-202257,JNC-DEL-002,ITO Crossing,New Delhi,Delhi,2019,Serious,0,1,Clear,4-Lane Highway Merge,Car & Truck
ACC-202258,JNC-BLR-001,Silk Board Junction,Bengaluru,Karnataka,2018,Serious,0,2,Fog / Mist,4-Lane Highway Merge,Motorcycle & Bus
ACC-202259,JNC-BLR-001,Silk Board Junction,Bengaluru,Karnataka,2021,Minor,0,0,Clear,4-Lane Highway Merge,Car & Truck
ACC-202260,JNC-BLR-001,Silk Board Junction,Bengaluru,Karnataka,2018,Serious,0,2,Clear,Flyover Exit,Car & Truck
ACC-202261,JNC-MUM-003,Dadar TT Circle,Mumbai,Maharashtra,2019,Minor,0,1,Clear,Urban Intersection,Pedestrian & Motorcycle
ACC-202262,JNC-BLR-006,Goraguntepalya Junction,Bengaluru,Karnataka,2020,Fatal,3,4,Heavy Rain,4-Lane Highway Merge,Motorcycle & Bus
ACC-202263,JNC-MUM-003,Dadar TT Circle,Mumbai,Maharashtra,2023,Fatal,2,3,Clear,Roundabout,Motorcycle & Bus
ACC-202264,JNC-BLR-001,Silk Board Junction,Bengaluru,Karnataka,2021,Minor,0,0,Heavy Rain,4-Lane Highway Merge,Pedestrian & Motorcycle
ACC-202265,JNC-DEL-002,ITO Crossing,New Delhi,Delhi,2019,Serious,0,2,Clear,4-Lane Highway Merge,Auto-rickshaw & Bus
ACC-202266,JNC-MAA-004,Kathipara Junction,Chennai,Tamil Nadu,2022,Serious,0,3,Heavy Rain,4-Lane Highway Merge,Motorcycle & Bus
ACC-202267,JNC-BLR-001,Silk Board Junction,Bengaluru,Karnataka,2020,Minor,0,0,Heavy Rain,Urban Intersection,Car & Car
ACC-202268,JNC-DEL-002,ITO Crossing,New Delhi,Delhi,2022,Serious,0,2,Heavy Rain,Urban Intersection,Pedestrian & Motorcycle
ACC-202269,JNC-BLR-001,Silk Board Junction,Bengaluru,Karnataka,2023,Minor,0,1,Clear,4-Lane Highway Merge,Pedestrian & Motorcycle
ACC-202270,JNC-DEL-002,ITO Crossing,New Delhi,Delhi,2018,Fatal,2,2,Clear,Flyover Exit,Motorcycle & Car
ACC-202271,JNC-DEL-002,ITO Crossing,New Delhi,Delhi,2018,Fatal,2,4,Clear,4-Lane Highway Merge,Car & Truck
ACC-202272,JNC-HYD-005,Panjagutta Junction,Hyderabad,Telangana,2022,Serious,0,3,Clear,Urban Intersection,Motorcycle & Bus
ACC-202273,JNC-DEL-002,ITO Crossing,New Delhi,Delhi,2018,Minor,0,0,Heavy Rain,Urban Intersection,Car & Truck
ACC-202274,JNC-BLR-001,Silk Board Junction,Bengaluru,Karnataka,2023,Fatal,3,4,Clear,Urban Intersection,Auto-rickshaw & Bus
ACC-202275,JNC-BLR-001,Silk Board Junction,Bengaluru,Karnataka,2022,Minor,0,0,Heavy Rain,Roundabout,Auto-rickshaw & Bus
ACC-202276,JNC-DEL-002,ITO Crossing,New Delhi,Delhi,2020,Serious,0,3,Clear,Urban Intersection,Auto-rickshaw & Bus
ACC-202277,JNC-BLR-006,Goraguntepalya Junction,Bengaluru,Karnataka,2021,Serious,0,2,Clear,Urban Intersection,Auto-rickshaw & Bus
ACC-202278,JNC-BLR-001,Silk Board Junction,Bengaluru,Karnataka,2021,Fatal,2,4,Clear,Flyover Exit,Auto-rickshaw & Bus
ACC-202279,JNC-MAA-004,Kathipara Junction,Chennai,Tamil Nadu,2020,Minor,0,0,Clear,Flyover Exit,Car & Car
ACC-202280,JNC-BLR-006,Goraguntepalya Junction,Bengaluru,Karnataka,2020,Serious,0,3,Heavy Rain,Flyover Exit,Motorcycle & Bus
ACC-202281,JNC-PNQ-007,Chandani Chowk Junction,Pune,Maharashtra,2022,Serious,0,2,Clear,Roundabout,Auto-rickshaw & Bus
ACC-202282,JNC-BLR-001,Silk Board Junction,Bengaluru,Karnataka,2020,Serious,0,3,Heavy Rain,Roundabout,Car & Truck
ACC-202283,JNC-BLR-001,Silk Board Junction,Bengaluru,Karnataka,2018,Fatal,2,4,Monsoon Pour,4-Lane Highway Merge,Motorcycle & Car
ACC-202284,JNC-DEL-002,ITO Crossing,New Delhi,Delhi,2021,Serious,0,1,Clear,Roundabout,Car & Truck
ACC-202285,JNC-HYD-005,Panjagutta Junction,Hyderabad,Telangana,2018,Serious,0,1,Clear,Flyover Exit,Car & Truck
ACC-202286,JNC-DEL-002,ITO Crossing,New Delhi,Delhi,2018,Minor,0,0,Clear,Urban Intersection,Auto-rickshaw & Bus
ACC-202287,JNC-MUM-003,Dadar TT Circle,Mumbai,Maharashtra,2023,Serious,0,1,Clear,Urban Intersection,Motorcycle & Car
ACC-202288,JNC-BLR-001,Silk Board Junction,Bengaluru,Karnataka,2019,Minor,0,0,Clear,4-Lane Highway Merge,Motorcycle & Car
ACC-202289,JNC-DEL-002,ITO Crossing,New Delhi,Delhi,2021,Minor,0,1,Clear,Flyover Exit,Motorcycle & Car
ACC-202290,JNC-BLR-006,Goraguntepalya Junction,Bengaluru,Karnataka,2020,Minor,0,1,Clear,Roundabout,Car & Car
ACC-202291,JNC-BLR-001,Silk Board Junction,Bengaluru,Karnataka,2018,Minor,0,0,Fog / Mist,Urban Intersection,Motorcycle & Bus
ACC-202292,JNC-MUM-003,Dadar TT Circle,Mumbai,Maharashtra,2023,Serious,0,1,Monsoon Pour,Urban Intersection,Motorcycle & Bus
ACC-202293,JNC-BLR-006,Goraguntepalya Junction,Bengaluru,Karnataka,2020,Minor,0,0,Heavy Rain,Urban Intersection,Car & Car
ACC-202294,JNC-MUM-003,Dadar TT Circle,Mumbai,Maharashtra,2022,Fatal,2,4,Monsoon Pour,Roundabout,Auto-rickshaw & Bus
ACC-202295,JNC-DEL-002,ITO Crossing,New Delhi,Delhi,2020,Fatal,3,2,Clear,4-Lane Highway Merge,Motorcycle & Bus
ACC-202296,JNC-BLR-006,Goraguntepalya Junction,Bengaluru,Karnataka,2021,Serious,0,2,Clear,4-Lane Highway Merge,Car & Car
ACC-202297,JNC-BLR-001,Silk Board Junction,Bengaluru,Karnataka,2022,Minor,0,0,Heavy Rain,4-Lane Highway Merge,Motorcycle & Bus
ACC-202298,JNC-HYD-005,Panjagutta Junction,Hyderabad,Telangana,2021,Serious,0,1,Heavy Rain,4-Lane Highway Merge,Pedestrian & Motorcycle
ACC-202299,JNC-BLR-001,Silk Board Junction,Bengaluru,Karnataka,2022,Serious,0,2,Clear,Flyover Exit,Auto-rickshaw & Bus
ACC-202300,JNC-DEL-002,ITO Crossing,New Delhi,Delhi,2019,Fatal,1,1,Heavy Rain,Urban Intersection,Motorcycle & Bus
ACC-202301,JNC-MUM-003,Dadar TT Circle,Mumbai,Maharashtra,2022,Fatal,1,1,Heavy Rain,Urban Intersection,Car & Car
ACC-202302,JNC-MUM-003,Dadar TT Circle,Mumbai,Maharashtra,2023,Serious,0,3,Monsoon Pour,4-Lane Highway Merge,Car & Car
ACC-202303,JNC-BLR-006,Goraguntepalya Junction,Bengaluru,Karnataka,2021,Serious,0,2,Clear,4-Lane Highway Merge,Motorcycle & Bus
ACC-202304,JNC-BLR-001,Silk Board Junction,Bengaluru,Karnataka,2018,Minor,0,1,Clear,Roundabout,Car & Car
ACC-202305,JNC-DEL-002,ITO Crossing,New Delhi,Delhi,2023,Serious,0,2,Clear,Urban Intersection,Motorcycle & Bus
ACC-202306,JNC-BLR-001,Silk Board Junction,Bengaluru,Karnataka,2021,Fatal,2,2,Fog / Mist,Urban Intersection,Car & Truck
ACC-202307,JNC-BLR-006,Goraguntepalya Junction,Bengaluru,Karnataka,2018,Minor,0,1,Clear,Flyover Exit,Pedestrian & Motorcycle
ACC-202308,JNC-MUM-003,Dadar TT Circle,Mumbai,Maharashtra,2018,Minor,0,1,Heavy Rain,Flyover Exit,Motorcycle & Car
ACC-202309,JNC-BLR-001,Silk Board Junction,Bengaluru,Karnataka,2023,Minor,0,1,Fog / Mist,4-Lane Highway Merge,Motorcycle & Car
ACC-202310,JNC-PNQ-007,Chandani Chowk Junction,Pune,Maharashtra,2018,Serious,0,1,Fog / Mist,Urban Intersection,Pedestrian & Motorcycle
ACC-202311,JNC-BLR-001,Silk Board Junction,Bengaluru,Karnataka,2018,Serious,0,3,Monsoon Pour,Urban Intersection,Auto-rickshaw & Bus
ACC-202312,JNC-PNQ-007,Chandani Chowk Junction,Pune,Maharashtra,2023,Minor,0,1,Monsoon Pour,Urban Intersection,Auto-rickshaw & Bus
ACC-202313,JNC-MUM-003,Dadar TT Circle,Mumbai,Maharashtra,2023,Serious,0,2,Clear,Urban Intersection,Motorcycle & Bus
ACC-202314,JNC-MAA-004,Kathipara Junction,Chennai,Tamil Nadu,2022,Serious,0,2,Clear,4-Lane Highway Merge,Motorcycle & Bus
ACC-202315,JNC-HYD-005,Panjagutta Junction,Hyderabad,Telangana,2022,Serious,0,3,Fog / Mist,Roundabout,Car & Truck
ACC-202316,JNC-MAA-004,Kathipara Junction,Chennai,Tamil Nadu,2023,Minor,0,0,Fog / Mist,4-Lane Highway Merge,Motorcycle & Bus
ACC-202317,JNC-MUM-003,Dadar TT Circle,Mumbai,Maharashtra,2019,Serious,0,1,Monsoon Pour,Roundabout,Car & Truck
ACC-202318,JNC-DEL-002,ITO Crossing,New Delhi,Delhi,2023,Fatal,3,3,Clear,Flyover Exit,Pedestrian & Motorcycle
ACC-202319,JNC-DEL-002,ITO Crossing,New Delhi,Delhi,2019,Serious,0,1,Clear,Urban Intersection,Car & Car
ACC-202320,JNC-MUM-003,Dadar TT Circle,Mumbai,Maharashtra,2021,Serious,0,1,Clear,4-Lane Highway Merge,Motorcycle & Bus
ACC-202321,JNC-BLR-001,Silk Board Junction,Bengaluru,Karnataka,2021,Fatal,1,1,Clear,Roundabout,Car & Car
ACC-202322,JNC-DEL-002,ITO Crossing,New Delhi,Delhi,2021,Fatal,2,3,Fog / Mist,Urban Intersection,Pedestrian & Motorcycle
ACC-202323,JNC-BLR-001,Silk Board Junction,Bengaluru,Karnataka,2020,Fatal,2,0,Clear,Urban Intersection,Car & Car
ACC-202324,JNC-PNQ-007,Chandani Chowk Junction,Pune,Maharashtra,2020,Fatal,1,4,Monsoon Pour,4-Lane Highway Merge,Pedestrian & Motorcycle
ACC-202325,JNC-BLR-001,Silk Board Junction,Bengaluru,Karnataka,2022,Serious,0,2,Clear,Urban Intersection,Pedestrian & Motorcycle
ACC-202326,JNC-HYD-005,Panjagutta Junction,Hyderabad,Telangana,2022,Serious,0,3,Clear,Roundabout,Pedestrian & Motorcycle
ACC-202327,JNC-BLR-001,Silk Board Junction,Bengaluru,Karnataka,2018,Fatal,2,2,Clear,4-Lane Highway Merge,Motorcycle & Car
ACC-202328,JNC-MUM-003,Dadar TT Circle,Mumbai,Maharashtra,2018,Fatal,2,2,Monsoon Pour,Roundabout,Motorcycle & Car
ACC-202329,JNC-MAA-004,Kathipara Junction,Chennai,Tamil Nadu,2018,Serious,0,2,Clear,Urban Intersection,Motorcycle & Car
ACC-202330,JNC-DEL-002,ITO Crossing,New Delhi,Delhi,2021,Fatal,2,1,Heavy Rain,Urban Intersection,Motorcycle & Car
ACC-202331,JNC-DEL-002,ITO Crossing,New Delhi,Delhi,2018,Minor,0,1,Clear,Roundabout,Car & Truck
ACC-202332,JNC-BLR-001,Silk Board Junction,Bengaluru,Karnataka,2022,Serious,0,3,Monsoon Pour,Roundabout,Auto-rickshaw & Bus
ACC-202333,JNC-HYD-005,Panjagutta Junction,Hyderabad,Telangana,2019,Serious,0,3,Heavy Rain,Flyover Exit,Car & Truck
ACC-202334,JNC-BLR-001,Silk Board Junction,Bengaluru,Karnataka,2022,Serious,0,2,Clear,Urban Intersection,Car & Truck
ACC-202335,JNC-BLR-001,Silk Board Junction,Bengaluru,Karnataka,2023,Minor,0,1,Heavy Rain,Urban Intersection,Car & Truck
ACC-202336,JNC-BLR-001,Silk Board Junction,Bengaluru,Karnataka,2022,Minor,0,0,Clear,Roundabout,Motorcycle & Car
ACC-202337,JNC-MUM-003,Dadar TT Circle,Mumbai,Maharashtra,2022,Serious,0,3,Clear,Roundabout,Pedestrian & Motorcycle
ACC-202338,JNC-BLR-006,Goraguntepalya Junction,Bengaluru,Karnataka,2023,Serious,0,2,Heavy Rain,Roundabout,Pedestrian & Motorcycle
ACC-202339,JNC-PNQ-007,Chandani Chowk Junction,Pune,Maharashtra,2023,Fatal,2,0,Clear,Urban Intersection,Pedestrian & Motorcycle
ACC-202340,JNC-MUM-003,Dadar TT Circle,Mumbai,Maharashtra,2022,Fatal,1,2,Clear,Urban Intersection,Car & Car
ACC-202341,JNC-BLR-006,Goraguntepalya Junction,Bengaluru,Karnataka,2018,Serious,0,3,Heavy Rain,Urban Intersection,Motorcycle & Bus
ACC-202342,JNC-BLR-006,Goraguntepalya Junction,Bengaluru,Karnataka,2021,Minor,0,0,Clear,4-Lane Highway Merge,Motorcycle & Bus
ACC-202343,JNC-BLR-001,Silk Board Junction,Bengaluru,Karnataka,2018,Fatal,3,0,Clear,Roundabout,Car & Truck
ACC-202344,JNC-MAA-004,Kathipara Junction,Chennai,Tamil Nadu,2023,Serious,0,2,Fog / Mist,Urban Intersection,Car & Truck
ACC-202345,JNC-BLR-001,Silk Board Junction,Bengaluru,Karnataka,2018,Serious,0,2,Clear,Urban Intersection,Car & Truck
ACC-202346,JNC-DEL-002,ITO Crossing,New Delhi,Delhi,2020,Minor,0,0,Clear,Flyover Exit,Pedestrian & Motorcycle
ACC-202347,JNC-PNQ-007,Chandani Chowk Junction,Pune,Maharashtra,2019,Minor,0,0,Clear,Roundabout,Motorcycle & Bus
ACC-202348,JNC-DEL-002,ITO Crossing,New Delhi,Delhi,2020,Serious,0,2,Clear,Urban Intersection,Pedestrian & Motorcycle
ACC-202349,JNC-DEL-002,ITO Crossing,New Delhi,Delhi,2019,Minor,0,0,Heavy Rain,Flyover Exit,Motorcycle & Bus
ACC-202350,JNC-DEL-002,ITO Crossing,New Delhi,Delhi,2021,Minor,0,0,Monsoon Pour,4-Lane Highway Merge,Car & Truck
ACC-202351,JNC-BLR-001,Silk Board Junction,Bengaluru,Karnataka,2023,Minor,0,1,Clear,Roundabout,Car & Car
ACC-202352,JNC-MAA-004,Kathipara Junction,Chennai,Tamil Nadu,2018,Serious,0,3,Heavy Rain,Flyover Exit,Car & Truck
ACC-202353,JNC-DEL-002,ITO Crossing,New Delhi,Delhi,2023,Minor,0,0,Clear,Urban Intersection,Motorcycle & Car
ACC-202354,JNC-BLR-001,Silk Board Junction,Bengaluru,Karnataka,2021,Fatal,2,2,Clear,Urban Intersection,Motorcycle & Bus
ACC-202355,JNC-DEL-002,ITO Crossing,New Delhi,Delhi,2023,Minor,0,0,Clear,Urban Intersection,Auto-rickshaw & Bus
ACC-202356,JNC-PNQ-007,Chandani Chowk Junction,Pune,Maharashtra,2023,Fatal,1,1,Fog / Mist,Roundabout,Motorcycle & Car
ACC-202357,JNC-MAA-004,Kathipara Junction,Chennai,Tamil Nadu,2021,Serious,0,1,Clear,4-Lane Highway Merge,Pedestrian & Motorcycle
ACC-202358,JNC-DEL-002,ITO Crossing,New Delhi,Delhi,2021,Serious,0,2,Fog / Mist,Flyover Exit,Pedestrian & Motorcycle
ACC-202359,JNC-DEL-002,ITO Crossing,New Delhi,Delhi,2020,Minor,0,1,Clear,Flyover Exit,Car & Truck
ACC-202360,JNC-MUM-003,Dadar TT Circle,Mumbai,Maharashtra,2019,Fatal,1,4,Fog / Mist,Roundabout,Motorcycle & Car
ACC-202361,JNC-BLR-001,Silk Board Junction,Bengaluru,Karnataka,2018,Serious,0,2,Clear,4-Lane Highway Merge,Car & Car
ACC-202362,JNC-MAA-004,Kathipara Junction,Chennai,Tamil Nadu,2021,Fatal,1,2,Clear,4-Lane Highway Merge,Pedestrian & Motorcycle
ACC-202363,JNC-MAA-004,Kathipara Junction,Chennai,Tamil Nadu,2022,Fatal,1,1,Clear,Urban Intersection,Motorcycle & Bus
ACC-202364,JNC-MUM-003,Dadar TT Circle,Mumbai,Maharashtra,2022,Minor,0,1,Heavy Rain,4-Lane Highway Merge,Car & Truck
ACC-202365,JNC-MUM-003,Dadar TT Circle,Mumbai,Maharashtra,2022,Serious,0,2,Clear,Roundabout,Car & Truck
ACC-202366,JNC-DEL-002,ITO Crossing,New Delhi,Delhi,2019,Minor,0,1,Clear,Roundabout,Car & Truck
ACC-202367,JNC-MUM-003,Dadar TT Circle,Mumbai,Maharashtra,2018,Fatal,1,1,Monsoon Pour,Flyover Exit,Pedestrian & Motorcycle
ACC-202368,JNC-BLR-006,Goraguntepalya Junction,Bengaluru,Karnataka,2023,Serious,0,3,Clear,Flyover Exit,Motorcycle & Bus
ACC-202369,JNC-HYD-005,Panjagutta Junction,Hyderabad,Telangana,2021,Serious,0,3,Heavy Rain,Urban Intersection,Motorcycle & Bus
ACC-202370,JNC-DEL-002,ITO Crossing,New Delhi,Delhi,2019,Serious,0,2,Clear,Roundabout,Pedestrian & Motorcycle
ACC-202371,JNC-MAA-004,Kathipara Junction,Chennai,Tamil Nadu,2018,Minor,0,0,Monsoon Pour,Flyover Exit,Car & Truck
ACC-202372,JNC-DEL-002,ITO Crossing,New Delhi,Delhi,2020,Serious,0,1,Clear,Urban Intersection,Auto-rickshaw & Bus
ACC-202373,JNC-DEL-002,ITO Crossing,New Delhi,Delhi,2022,Serious,0,2,Clear,Flyover Exit,Pedestrian & Motorcycle
ACC-202374,JNC-MUM-003,Dadar TT Circle,Mumbai,Maharashtra,2019,Serious,0,3,Heavy Rain,4-Lane Highway Merge,Motorcycle & Car
ACC-202375,JNC-MUM-003,Dadar TT Circle,Mumbai,Maharashtra,2018,Fatal,2,4,Monsoon Pour,4-Lane Highway Merge,Motorcycle & Car
ACC-202376,JNC-BLR-001,Silk Board Junction,Bengaluru,Karnataka,2019,Fatal,3,3,Clear,4-Lane Highway Merge,Auto-rickshaw & Bus
ACC-202377,JNC-BLR-006,Goraguntepalya Junction,Bengaluru,Karnataka,2019,Serious,0,1,Heavy Rain,Roundabout,Car & Car
ACC-202378,JNC-MUM-003,Dadar TT Circle,Mumbai,Maharashtra,2021,Fatal,3,0,Clear,Urban Intersection,Motorcycle & Bus
ACC-202379,JNC-BLR-001,Silk Board Junction,Bengaluru,Karnataka,2021,Serious,0,3,Clear,Flyover Exit,Motorcycle & Bus
ACC-202380,JNC-MAA-004,Kathipara Junction,Chennai,Tamil Nadu,2018,Minor,0,1,Clear,Flyover Exit,Pedestrian & Motorcycle
ACC-202381,JNC-MAA-004,Kathipara Junction,Chennai,Tamil Nadu,2021,Fatal,1,4,Fog / Mist,Urban Intersection,Motorcycle & Bus
ACC-202382,JNC-BLR-001,Silk Board Junction,Bengaluru,Karnataka,2020,Minor,0,0,Heavy Rain,Roundabout,Pedestrian & Motorcycle
ACC-202383,JNC-BLR-001,Silk Board Junction,Bengaluru,Karnataka,2019,Serious,0,3,Fog / Mist,4-Lane Highway Merge,Motorcycle & Car
ACC-202384,JNC-DEL-002,ITO Crossing,New Delhi,Delhi,2019,Fatal,2,0,Heavy Rain,Flyover Exit,Motorcycle & Bus
ACC-202385,JNC-BLR-006,Goraguntepalya Junction,Bengaluru,Karnataka,2022,Serious,0,2,Monsoon Pour,Roundabout,Motorcycle & Car
ACC-202386,JNC-DEL-002,ITO Crossing,New Delhi,Delhi,2023,Serious,0,3,Heavy Rain,4-Lane Highway Merge,Car & Truck
ACC-202387,JNC-DEL-002,ITO Crossing,New Delhi,Delhi,2023,Serious,0,3,Clear,Urban Intersection,Motorcycle & Car
ACC-202388,JNC-HYD-005,Panjagutta Junction,Hyderabad,Telangana,2021,Minor,0,1,Clear,Roundabout,Pedestrian & Motorcycle
ACC-202389,JNC-DEL-002,ITO Crossing,New Delhi,Delhi,2023,Fatal,1,2,Clear,Urban Intersection,Car & Truck
ACC-202390,JNC-HYD-005,Panjagutta Junction,Hyderabad,Telangana,2022,Serious,0,1,Clear,Flyover Exit,Auto-rickshaw & Bus
ACC-202391,JNC-BLR-001,Silk Board Junction,Bengaluru,Karnataka,2021,Serious,0,3,Heavy Rain,Flyover Exit,Motorcycle & Bus
ACC-202392,JNC-DEL-002,ITO Crossing,New Delhi,Delhi,2018,Fatal,1,3,Heavy Rain,Urban Intersection,Motorcycle & Car
ACC-202393,JNC-BLR-006,Goraguntepalya Junction,Bengaluru,Karnataka,2020,Serious,0,2,Heavy Rain,4-Lane Highway Merge,Auto-rickshaw & Bus
ACC-202394,JNC-BLR-001,Silk Board Junction,Bengaluru,Karnataka,2023,Serious,0,3,Monsoon Pour,Urban Intersection,Pedestrian & Motorcycle
ACC-202395,JNC-MAA-004,Kathipara Junction,Chennai,Tamil Nadu,2018,Serious,0,1,Clear,4-Lane Highway Merge,Auto-rickshaw & Bus
ACC-202396,JNC-HYD-005,Panjagutta Junction,Hyderabad,Telangana,2022,Minor,0,0,Clear,Roundabout,Motorcycle & Bus
ACC-202397,JNC-BLR-001,Silk Board Junction,Bengaluru,Karnataka,2021,Serious,0,2,Monsoon Pour,Urban Intersection,Car & Car
ACC-202398,JNC-HYD-005,Panjagutta Junction,Hyderabad,Telangana,2023,Serious,0,2,Clear,Roundabout,Car & Truck
ACC-202399,JNC-HYD-005,Panjagutta Junction,Hyderabad,Telangana,2022,Fatal,1,2,Clear,Roundabout,Motorcycle & Bus
ACC-202400,JNC-DEL-002,ITO Crossing,New Delhi,Delhi,2021,Serious,0,3,Monsoon Pour,Flyover Exit,Motorcycle & Car
ACC-202401,JNC-MAA-004,Kathipara Junction,Chennai,Tamil Nadu,2021,Fatal,3,3,Clear,Urban Intersection,Pedestrian & Motorcycle
ACC-202402,JNC-DEL-002,ITO Crossing,New Delhi,Delhi,2018,Serious,0,2,Monsoon Pour,Urban Intersection,Pedestrian & Motorcycle
ACC-202403,JNC-BLR-006,Goraguntepalya Junction,Bengaluru,Karnataka,2020,Minor,0,1,Clear,Urban Intersection,Motorcycle & Bus
ACC-202404,JNC-DEL-002,ITO Crossing,New Delhi,Delhi,2019,Minor,0,0,Clear,Roundabout,Auto-rickshaw & Bus
ACC-202405,JNC-MUM-003,Dadar TT Circle,Mumbai,Maharashtra,2018,Minor,0,0,Clear,4-Lane Highway Merge,Motorcycle & Bus
ACC-202406,JNC-HYD-005,Panjagutta Junction,Hyderabad,Telangana,2018,Fatal,1,2,Clear,Flyover Exit,Auto-rickshaw & Bus
ACC-202407,JNC-HYD-005,Panjagutta Junction,Hyderabad,Telangana,2021,Fatal,2,3,Heavy Rain,Urban Intersection,Car & Car
ACC-202408,JNC-DEL-002,ITO Crossing,New Delhi,Delhi,2021,Serious,0,3,Monsoon Pour,Roundabout,Auto-rickshaw & Bus
ACC-202409,JNC-BLR-006,Goraguntepalya Junction,Bengaluru,Karnataka,2021,Fatal,3,2,Clear,Flyover Exit,Auto-rickshaw & Bus
ACC-202410,JNC-HYD-005,Panjagutta Junction,Hyderabad,Telangana,2020,Fatal,2,3,Clear,Flyover Exit,Pedestrian & Motorcycle
ACC-202411,JNC-BLR-001,Silk Board Junction,Bengaluru,Karnataka,2019,Minor,0,1,Clear,4-Lane Highway Merge,Auto-rickshaw & Bus
ACC-202412,JNC-BLR-006,Goraguntepalya Junction,Bengaluru,Karnataka,2018,Fatal,3,3,Fog / Mist,Flyover Exit,Car & Car
ACC-202413,JNC-BLR-001,Silk Board Junction,Bengaluru,Karnataka,2018,Serious,0,2,Heavy Rain,Roundabout,Auto-rickshaw & Bus
ACC-202414,JNC-DEL-002,ITO Crossing,New Delhi,Delhi,2019,Minor,0,1,Heavy Rain,Flyover Exit,Motorcycle & Bus
ACC-202415,JNC-BLR-006,Goraguntepalya Junction,Bengaluru,Karnataka,2020,Fatal,3,4,Clear,Roundabout,Car & Car
ACC-202416,JNC-BLR-001,Silk Board Junction,Bengaluru,Karnataka,2018,Minor,0,1,Fog / Mist,Roundabout,Motorcycle & Car
ACC-202417,JNC-BLR-001,Silk Board Junction,Bengaluru,Karnataka,2021,Serious,0,1,Clear,4-Lane Highway Merge,Pedestrian & Motorcycle
ACC-202418,JNC-BLR-001,Silk Board Junction,Bengaluru,Karnataka,2023,Fatal,1,2,Fog / Mist,Flyover Exit,Car & Car
ACC-202419,JNC-BLR-006,Goraguntepalya Junction,Bengaluru,Karnataka,2023,Serious,0,3,Clear,4-Lane Highway Merge,Car & Truck
ACC-202420,JNC-BLR-001,Silk Board Junction,Bengaluru,Karnataka,2021,Minor,0,0,Heavy Rain,Roundabout,Motorcycle & Car
ACC-202421,JNC-BLR-001,Silk Board Junction,Bengaluru,Karnataka,2020,Serious,0,3,Clear,Roundabout,Car & Truck
ACC-202422,JNC-DEL-002,ITO Crossing,New Delhi,Delhi,2021,Serious,0,2,Clear,Roundabout,Motorcycle & Car
ACC-202423,JNC-MAA-004,Kathipara Junction,Chennai,Tamil Nadu,2021,Fatal,1,1,Clear,Flyover Exit,Motorcycle & Bus
ACC-202424,JNC-MUM-003,Dadar TT Circle,Mumbai,Maharashtra,2022,Minor,0,1,Clear,Roundabout,Car & Truck
ACC-202425,JNC-BLR-001,Silk Board Junction,Bengaluru,Karnataka,2023,Serious,0,2,Clear,Urban Intersection,Car & Truck
ACC-202426,JNC-MUM-003,Dadar TT Circle,Mumbai,Maharashtra,2019,Serious,0,1,Heavy Rain,4-Lane Highway Merge,Car & Car
ACC-202427,JNC-PNQ-007,Chandani Chowk Junction,Pune,Maharashtra,2018,Fatal,1,1,Monsoon Pour,Urban Intersection,Motorcycle & Car
ACC-202428,JNC-DEL-002,ITO Crossing,New Delhi,Delhi,2022,Fatal,3,1,Clear,4-Lane Highway Merge,Motorcycle & Car
ACC-202429,JNC-BLR-006,Goraguntepalya Junction,Bengaluru,Karnataka,2019,Serious,0,2,Clear,Flyover Exit,Pedestrian & Motorcycle
ACC-202430,JNC-MUM-003,Dadar TT Circle,Mumbai,Maharashtra,2019,Minor,0,0,Clear,Urban Intersection,Car & Car
ACC-202431,JNC-MUM-003,Dadar TT Circle,Mumbai,Maharashtra,2019,Fatal,2,0,Clear,4-Lane Highway Merge,Auto-rickshaw & Bus
ACC-202432,JNC-BLR-001,Silk Board Junction,Bengaluru,Karnataka,2021,Minor,0,0,Heavy Rain,Flyover Exit,Motorcycle & Car
ACC-202433,JNC-MUM-003,Dadar TT Circle,Mumbai,Maharashtra,2023,Minor,0,1,Monsoon Pour,Roundabout,Car & Car
ACC-202434,JNC-BLR-006,Goraguntepalya Junction,Bengaluru,Karnataka,2023,Fatal,1,2,Clear,Flyover Exit,Car & Truck
ACC-202435,JNC-HYD-005,Panjagutta Junction,Hyderabad,Telangana,2019,Minor,0,1,Clear,Flyover Exit,Pedestrian & Motorcycle
ACC-202436,JNC-BLR-001,Silk Board Junction,Bengaluru,Karnataka,2023,Fatal,1,4,Fog / Mist,Urban Intersection,Car & Car
ACC-202437,JNC-BLR-001,Silk Board Junction,Bengaluru,Karnataka,2018,Serious,0,3,Clear,4-Lane Highway Merge,Car & Car
ACC-202438,JNC-BLR-001,Silk Board Junction,Bengaluru,Karnataka,2023,Minor,0,0,Clear,Flyover Exit,Motorcycle & Car
ACC-202439,JNC-MAA-004,Kathipara Junction,Chennai,Tamil Nadu,2022,Serious,0,1,Heavy Rain,Flyover Exit,Motorcycle & Car
ACC-202440,JNC-DEL-002,ITO Crossing,New Delhi,Delhi,2021,Minor,0,1,Clear,Roundabout,Motorcycle & Car
ACC-202441,JNC-MUM-003,Dadar TT Circle,Mumbai,Maharashtra,2019,Serious,0,1,Clear,Urban Intersection,Motorcycle & Car
ACC-202442,JNC-DEL-002,ITO Crossing,New Delhi,Delhi,2018,Fatal,2,4,Heavy Rain,4-Lane Highway Merge,Motorcycle & Bus
ACC-202443,JNC-BLR-001,Silk Board Junction,Bengaluru,Karnataka,2018,Minor,0,1,Fog / Mist,Flyover Exit,Car & Car
ACC-202444,JNC-HYD-005,Panjagutta Junction,Hyderabad,Telangana,2022,Serious,0,2,Heavy Rain,Flyover Exit,Motorcycle & Bus
ACC-202445,JNC-BLR-006,Goraguntepalya Junction,Bengaluru,Karnataka,2019,Serious,0,3,Clear,Roundabout,Car & Truck
ACC-202446,JNC-BLR-001,Silk Board Junction,Bengaluru,Karnataka,2023,Serious,0,2,Clear,4-Lane Highway Merge,Motorcycle & Bus
ACC-202447,JNC-HYD-005,Panjagutta Junction,Hyderabad,Telangana,2022,Minor,0,0,Heavy Rain,Urban Intersection,Auto-rickshaw & Bus
ACC-202448,JNC-BLR-006,Goraguntepalya Junction,Bengaluru,Karnataka,2018,Minor,0,1,Heavy Rain,4-Lane Highway Merge,Motorcycle & Car
ACC-202449,JNC-DEL-002,ITO Crossing,New Delhi,Delhi,2023,Minor,0,1,Heavy Rain,4-Lane Highway Merge,Motorcycle & Bus
ACC-202450,JNC-BLR-001,Silk Board Junction,Bengaluru,Karnataka,2021,Minor,0,1,Fog / Mist,4-Lane Highway Merge,Pedestrian & Motorcycle
ACC-202451,JNC-DEL-002,ITO Crossing,New Delhi,Delhi,2023,Fatal,3,1,Clear,Urban Intersection,Motorcycle & Bus
ACC-202452,JNC-MUM-003,Dadar TT Circle,Mumbai,Maharashtra,2023,Minor,0,1,Clear,4-Lane Highway Merge,Motorcycle & Car
ACC-202453,JNC-BLR-001,Silk Board Junction,Bengaluru,Karnataka,2023,Serious,0,1,Monsoon Pour,4-Lane Highway Merge,Motorcycle & Car
ACC-202454,JNC-MUM-003,Dadar TT Circle,Mumbai,Maharashtra,2023,Fatal,3,3,Clear,4-Lane Highway Merge,Auto-rickshaw & Bus
ACC-202455,JNC-MUM-003,Dadar TT Circle,Mumbai,Maharashtra,2023,Serious,0,2,Clear,Roundabout,Motorcycle & Bus
ACC-202456,JNC-HYD-005,Panjagutta Junction,Hyderabad,Telangana,2018,Fatal,3,0,Clear,Roundabout,Car & Truck
ACC-202457,JNC-HYD-005,Panjagutta Junction,Hyderabad,Telangana,2022,Minor,0,0,Clear,Roundabout,Motorcycle & Bus
ACC-202458,JNC-BLR-006,Goraguntepalya Junction,Bengaluru,Karnataka,2022,Serious,0,2,Clear,Roundabout,Car & Truck
ACC-202459,JNC-BLR-001,Silk Board Junction,Bengaluru,Karnataka,2021,Fatal,3,1,Clear,Roundabout,Car & Truck
ACC-202460,JNC-DEL-002,ITO Crossing,New Delhi,Delhi,2022,Serious,0,3,Heavy Rain,4-Lane Highway Merge,Pedestrian & Motorcycle
ACC-202461,JNC-HYD-005,Panjagutta Junction,Hyderabad,Telangana,2019,Minor,0,1,Clear,Urban Intersection,Pedestrian & Motorcycle
ACC-202462,JNC-MAA-004,Kathipara Junction,Chennai,Tamil Nadu,2023,Serious,0,1,Clear,4-Lane Highway Merge,Car & Truck
ACC-202463,JNC-DEL-002,ITO Crossing,New Delhi,Delhi,2023,Serious,0,3,Clear,Flyover Exit,Pedestrian & Motorcycle
ACC-202464,JNC-HYD-005,Panjagutta Junction,Hyderabad,Telangana,2021,Serious,0,1,Clear,Urban Intersection,Car & Car
ACC-202465,JNC-HYD-005,Panjagutta Junction,Hyderabad,Telangana,2018,Minor,0,0,Monsoon Pour,Urban Intersection,Motorcycle & Bus
ACC-202466,JNC-BLR-001,Silk Board Junction,Bengaluru,Karnataka,2020,Fatal,2,0,Clear,Roundabout,Motorcycle & Car
ACC-202467,JNC-MAA-004,Kathipara Junction,Chennai,Tamil Nadu,2022,Minor,0,1,Clear,Urban Intersection,Motorcycle & Bus
ACC-202468,JNC-BLR-001,Silk Board Junction,Bengaluru,Karnataka,2019,Serious,0,2,Heavy Rain,4-Lane Highway Merge,Auto-rickshaw & Bus
ACC-202469,JNC-BLR-001,Silk Board Junction,Bengaluru,Karnataka,2018,Minor,0,1,Clear,4-Lane Highway Merge,Pedestrian & Motorcycle
ACC-202470,JNC-BLR-006,Goraguntepalya Junction,Bengaluru,Karnataka,2023,Fatal,1,1,Heavy Rain,Urban Intersection,Pedestrian & Motorcycle
ACC-202471,JNC-BLR-001,Silk Board Junction,Bengaluru,Karnataka,2022,Fatal,3,1,Heavy Rain,4-Lane Highway Merge,Motorcycle & Car
ACC-202472,JNC-PNQ-007,Chandani Chowk Junction,Pune,Maharashtra,2019,Fatal,3,0,Clear,4-Lane Highway Merge,Motorcycle & Car
ACC-202473,JNC-HYD-005,Panjagutta Junction,Hyderabad,Telangana,2022,Serious,0,3,Clear,Urban Intersection,Pedestrian & Motorcycle
ACC-202474,JNC-HYD-005,Panjagutta Junction,Hyderabad,Telangana,2022,Fatal,2,3,Fog / Mist,Roundabout,Car & Truck
ACC-202475,JNC-BLR-001,Silk Board Junction,Bengaluru,Karnataka,2018,Minor,0,0,Clear,Urban Intersection,Motorcycle & Bus
ACC-202476,JNC-HYD-005,Panjagutta Junction,Hyderabad,Telangana,2018,Serious,0,2,Clear,Roundabout,Motorcycle & Bus
ACC-202477,JNC-HYD-005,Panjagutta Junction,Hyderabad,Telangana,2019,Fatal,1,1,Monsoon Pour,Roundabout,Car & Car
ACC-202478,JNC-HYD-005,Panjagutta Junction,Hyderabad,Telangana,2022,Fatal,3,2,Clear,Roundabout,Auto-rickshaw & Bus
ACC-202479,JNC-HYD-005,Panjagutta Junction,Hyderabad,Telangana,2020,Fatal,2,0,Clear,Urban Intersection,Motorcycle & Car
ACC-202480,JNC-DEL-002,ITO Crossing,New Delhi,Delhi,2022,Serious,0,3,Monsoon Pour,4-Lane Highway Merge,Car & Truck
ACC-202481,JNC-BLR-006,Goraguntepalya Junction,Bengaluru,Karnataka,2023,Serious,0,1,Clear,Flyover Exit,Car & Car
ACC-202482,JNC-BLR-001,Silk Board Junction,Bengaluru,Karnataka,2021,Fatal,3,3,Fog / Mist,Urban Intersection,Motorcycle & Bus
ACC-202483,JNC-DEL-002,ITO Crossing,New Delhi,Delhi,2021,Minor,0,1,Clear,Roundabout,Motorcycle & Car
ACC-202484,JNC-MUM-003,Dadar TT Circle,Mumbai,Maharashtra,2019,Fatal,3,4,Clear,Roundabout,Motorcycle & Car
ACC-202485,JNC-BLR-006,Goraguntepalya Junction,Bengaluru,Karnataka,2019,Serious,0,2,Clear,Roundabout,Motorcycle & Bus
ACC-202486,JNC-MUM-003,Dadar TT Circle,Mumbai,Maharashtra,2020,Fatal,2,1,Fog / Mist,4-Lane Highway Merge,Pedestrian & Motorcycle
ACC-202487,JNC-DEL-002,ITO Crossing,New Delhi,Delhi,2020,Serious,0,2,Clear,Roundabout,Car & Car
ACC-202488,JNC-BLR-001,Silk Board Junction,Bengaluru,Karnataka,2020,Serious,0,2,Clear,4-Lane Highway Merge,Car & Truck
ACC-202489,JNC-BLR-006,Goraguntepalya Junction,Bengaluru,Karnataka,2019,Serious,0,1,Heavy Rain,Flyover Exit,Pedestrian & Motorcycle
ACC-202490,JNC-DEL-002,ITO Crossing,New Delhi,Delhi,2019,Fatal,1,0,Clear,Urban Intersection,Motorcycle & Bus
ACC-202491,JNC-BLR-006,Goraguntepalya Junction,Bengaluru,Karnataka,2018,Fatal,3,3,Clear,Flyover Exit,Motorcycle & Bus
ACC-202492,JNC-BLR-006,Goraguntepalya Junction,Bengaluru,Karnataka,2023,Minor,0,0,Clear,4-Lane Highway Merge,Motorcycle & Bus
ACC-202493,JNC-MUM-003,Dadar TT Circle,Mumbai,Maharashtra,2023,Minor,0,0,Clear,4-Lane Highway Merge,Motorcycle & Bus
ACC-202494,JNC-BLR-001,Silk Board Junction,Bengaluru,Karnataka,2023,Fatal,1,2,Clear,Flyover Exit,Pedestrian & Motorcycle
ACC-202495,JNC-BLR-006,Goraguntepalya Junction,Bengaluru,Karnataka,2020,Serious,0,1,Clear,Flyover Exit,Pedestrian & Motorcycle
ACC-202496,JNC-BLR-001,Silk Board Junction,Bengaluru,Karnataka,2019,Serious,0,2,Fog / Mist,Flyover Exit,Auto-rickshaw & Bus
ACC-202497,JNC-DEL-002,ITO Crossing,New Delhi,Delhi,2021,Serious,0,2,Clear,Flyover Exit,Car & Truck
ACC-202498,JNC-BLR-001,Silk Board Junction,Bengaluru,Karnataka,2019,Serious,0,2,Heavy Rain,Flyover Exit,Pedestrian & Motorcycle
ACC-202499,JNC-BLR-001,Silk Board Junction,Bengaluru,Karnataka,2018,Fatal,1,1,Clear,Flyover Exit,Auto-rickshaw & Bus
ACC-202500,JNC-MUM-003,Dadar TT Circle,Mumbai,Maharashtra,2020,Serious,0,1,Clear,Urban Intersection,Car & Car
ACC-202501,JNC-DEL-002,ITO Crossing,New Delhi,Delhi,2019,Serious,0,2,Heavy Rain,Urban Intersection,Pedestrian & Motorcycle
ACC-202502,JNC-DEL-002,ITO Crossing,New Delhi,Delhi,2019,Minor,0,1,Clear,Roundabout,Auto-rickshaw & Bus
ACC-202503,JNC-DEL-002,ITO Crossing,New Delhi,Delhi,2023,Minor,0,1,Clear,Urban Intersection,Motorcycle & Car
ACC-202504,JNC-BLR-001,Silk Board Junction,Bengaluru,Karnataka,2022,Fatal,1,2,Clear,Roundabout,Pedestrian & Motorcycle
ACC-202505,JNC-MUM-003,Dadar TT Circle,Mumbai,Maharashtra,2021,Minor,0,1,Clear,4-Lane Highway Merge,Motorcycle & Bus
ACC-202506,JNC-BLR-001,Silk Board Junction,Bengaluru,Karnataka,2022,Serious,0,1,Clear,Urban Intersection,Car & Car
ACC-202507,JNC-BLR-001,Silk Board Junction,Bengaluru,Karnataka,2019,Minor,0,1,Clear,Urban Intersection,Car & Car
ACC-202508,JNC-MAA-004,Kathipara Junction,Chennai,Tamil Nadu,2021,Minor,0,1,Heavy Rain,Urban Intersection,Pedestrian & Motorcycle
ACC-202509,JNC-MUM-003,Dadar TT Circle,Mumbai,Maharashtra,2020,Serious,0,3,Clear,Roundabout,Motorcycle & Car
ACC-202510,JNC-MUM-003,Dadar TT Circle,Mumbai,Maharashtra,2020,Minor,0,1,Clear,Roundabout,Auto-rickshaw & Bus
ACC-202511,JNC-DEL-002,ITO Crossing,New Delhi,Delhi,2018,Minor,0,0,Heavy Rain,Roundabout,Car & Truck
ACC-202512,JNC-HYD-005,Panjagutta Junction,Hyderabad,Telangana,2021,Fatal,2,2,Clear,4-Lane Highway Merge,Motorcycle & Car
ACC-202513,JNC-MUM-003,Dadar TT Circle,Mumbai,Maharashtra,2020,Fatal,1,4,Clear,Flyover Exit,Auto-rickshaw & Bus
ACC-202514,JNC-BLR-006,Goraguntepalya Junction,Bengaluru,Karnataka,2023,Minor,0,1,Clear,Flyover Exit,Pedestrian & Motorcycle
ACC-202515,JNC-MUM-003,Dadar TT Circle,Mumbai,Maharashtra,2022,Fatal,1,3,Heavy Rain,Flyover Exit,Car & Car
ACC-202516,JNC-DEL-002,ITO Crossing,New Delhi,Delhi,2019,Serious,0,3,Heavy Rain,Flyover Exit,Auto-rickshaw & Bus
ACC-202517,JNC-DEL-002,ITO Crossing,New Delhi,Delhi,2018,Fatal,3,0,Clear,Flyover Exit,Car & Truck
ACC-202518,JNC-HYD-005,Panjagutta Junction,Hyderabad,Telangana,2020,Fatal,1,3,Heavy Rain,Urban Intersection,Pedestrian & Motorcycle
ACC-202519,JNC-MUM-003,Dadar TT Circle,Mumbai,Maharashtra,2018,Serious,0,2,Fog / Mist,Urban Intersection,Car & Car
ACC-202520,JNC-MAA-004,Kathipara Junction,Chennai,Tamil Nadu,2021,Serious,0,3,Monsoon Pour,4-Lane Highway Merge,Car & Car
ACC-202521,JNC-BLR-001,Silk Board Junction,Bengaluru,Karnataka,2020,Fatal,1,3,Fog / Mist,Roundabout,Car & Truck
ACC-202522,JNC-BLR-001,Silk Board Junction,Bengaluru,Karnataka,2020,Fatal,1,2,Clear,4-Lane Highway Merge,Pedestrian & Motorcycle
ACC-202523,JNC-PNQ-007,Chandani Chowk Junction,Pune,Maharashtra,2018,Minor,0,1,Clear,4-Lane Highway Merge,Car & Truck
ACC-202524,JNC-MUM-003,Dadar TT Circle,Mumbai,Maharashtra,2019,Minor,0,1,Clear,Roundabout,Pedestrian & Motorcycle
ACC-202525,JNC-HYD-005,Panjagutta Junction,Hyderabad,Telangana,2020,Serious,0,2,Monsoon Pour,Roundabout,Motorcycle & Car
ACC-202526,JNC-BLR-006,Goraguntepalya Junction,Bengaluru,Karnataka,2019,Minor,0,1,Clear,Roundabout,Auto-rickshaw & Bus
ACC-202527,JNC-BLR-006,Goraguntepalya Junction,Bengaluru,Karnataka,2023,Serious,0,3,Clear,Flyover Exit,Motorcycle & Car
ACC-202528,JNC-MAA-004,Kathipara Junction,Chennai,Tamil Nadu,2023,Serious,0,1,Clear,Roundabout,Motorcycle & Car
ACC-202529,JNC-MUM-003,Dadar TT Circle,Mumbai,Maharashtra,2021,Minor,0,1,Clear,Urban Intersection,Auto-rickshaw & Bus
ACC-202530,JNC-DEL-002,ITO Crossing,New Delhi,Delhi,2022,Fatal,3,2,Clear,4-Lane Highway Merge,Car & Truck
ACC-202531,JNC-BLR-001,Silk Board Junction,Bengaluru,Karnataka,2020,Minor,0,0,Fog / Mist,Flyover Exit,Motorcycle & Car
ACC-202532,JNC-MUM-003,Dadar TT Circle,Mumbai,Maharashtra,2023,Minor,0,1,Clear,4-Lane Highway Merge,Auto-rickshaw & Bus
ACC-202533,JNC-BLR-001,Silk Board Junction,Bengaluru,Karnataka,2020,Serious,0,3,Heavy Rain,4-Lane Highway Merge,Motorcycle & Bus
ACC-202534,JNC-BLR-006,Goraguntepalya Junction,Bengaluru,Karnataka,2020,Fatal,1,4,Heavy Rain,Urban Intersection,Car & Truck
ACC-202535,JNC-BLR-001,Silk Board Junction,Bengaluru,Karnataka,2018,Minor,0,0,Clear,Roundabout,Car & Car
ACC-202536,JNC-BLR-001,Silk Board Junction,Bengaluru,Karnataka,2019,Fatal,3,1,Clear,Roundabout,Motorcycle & Bus
ACC-202537,JNC-HYD-005,Panjagutta Junction,Hyderabad,Telangana,2022,Fatal,2,0,Clear,Flyover Exit,Motorcycle & Car
ACC-202538,JNC-MUM-003,Dadar TT Circle,Mumbai,Maharashtra,2022,Minor,0,0,Clear,Urban Intersection,Motorcycle & Bus
ACC-202539,JNC-MAA-004,Kathipara Junction,Chennai,Tamil Nadu,2018,Serious,0,2,Clear,Flyover Exit,Car & Truck
ACC-202540,JNC-MAA-004,Kathipara Junction,Chennai,Tamil Nadu,2020,Fatal,2,1,Clear,4-Lane Highway Merge,Auto-rickshaw & Bus
ACC-202541,JNC-BLR-001,Silk Board Junction,Bengaluru,Karnataka,2019,Serious,0,3,Monsoon Pour,Urban Intersection,Motorcycle & Bus
ACC-202542,JNC-DEL-002,ITO Crossing,New Delhi,Delhi,2023,Serious,0,2,Clear,4-Lane Highway Merge,Auto-rickshaw & Bus
ACC-202543,JNC-BLR-001,Silk Board Junction,Bengaluru,Karnataka,2018,Minor,0,0,Monsoon Pour,Roundabout,Car & Car
ACC-202544,JNC-PNQ-007,Chandani Chowk Junction,Pune,Maharashtra,2023,Serious,0,3,Clear,Flyover Exit,Car & Truck
ACC-202545,JNC-BLR-006,Goraguntepalya Junction,Bengaluru,Karnataka,2018,Minor,0,1,Clear,Urban Intersection,Auto-rickshaw & Bus
ACC-202546,JNC-BLR-001,Silk Board Junction,Bengaluru,Karnataka,2021,Minor,0,1,Clear,Urban Intersection,Car & Truck
ACC-202547,JNC-BLR-001,Silk Board Junction,Bengaluru,Karnataka,2018,Serious,0,2,Clear,4-Lane Highway Merge,Car & Truck
ACC-202548,JNC-BLR-006,Goraguntepalya Junction,Bengaluru,Karnataka,2018,Minor,0,1,Clear,Urban Intersection,Car & Car
ACC-202549,JNC-BLR-001,Silk Board Junction,Bengaluru,Karnataka,2020,Minor,0,0,Heavy Rain,4-Lane Highway Merge,Car & Car
ACC-202550,JNC-BLR-006,Goraguntepalya Junction,Bengaluru,Karnataka,2020,Minor,0,0,Fog / Mist,Urban Intersection,Pedestrian & Motorcycle
ACC-202551,JNC-BLR-006,Goraguntepalya Junction,Bengaluru,Karnataka,2020,Serious,0,1,Clear,4-Lane Highway Merge,Car & Truck
ACC-202552,JNC-MUM-003,Dadar TT Circle,Mumbai,Maharashtra,2022,Fatal,1,2,Monsoon Pour,Urban Intersection,Motorcycle & Bus
ACC-202553,JNC-HYD-005,Panjagutta Junction,Hyderabad,Telangana,2020,Minor,0,1,Clear,Roundabout,Auto-rickshaw & Bus
ACC-202554,JNC-MUM-003,Dadar TT Circle,Mumbai,Maharashtra,2020,Fatal,1,3,Heavy Rain,Flyover Exit,Pedestrian & Motorcycle
ACC-202555,JNC-BLR-001,Silk Board Junction,Bengaluru,Karnataka,2018,Minor,0,1,Heavy Rain,Urban Intersection,Car & Truck
ACC-202556,JNC-BLR-001,Silk Board Junction,Bengaluru,Karnataka,2019,Fatal,3,3,Heavy Rain,Roundabout,Auto-rickshaw & Bus
ACC-202557,JNC-BLR-001,Silk Board Junction,Bengaluru,Karnataka,2022,Serious,0,1,Heavy Rain,4-Lane Highway Merge,Pedestrian & Motorcycle
ACC-202558,JNC-MAA-004,Kathipara Junction,Chennai,Tamil Nadu,2023,Serious,0,3,Monsoon Pour,Urban Intersection,Pedestrian & Motorcycle
ACC-202559,JNC-MUM-003,Dadar TT Circle,Mumbai,Maharashtra,2019,Serious,0,1,Clear,4-Lane Highway Merge,Car & Truck
ACC-202560,JNC-MUM-003,Dadar TT Circle,Mumbai,Maharashtra,2022,Serious,0,2,Fog / Mist,Flyover Exit,Car & Truck
ACC-202561,JNC-MAA-004,Kathipara Junction,Chennai,Tamil Nadu,2018,Serious,0,3,Clear,Urban Intersection,Car & Truck
ACC-202562,JNC-DEL-002,ITO Crossing,New Delhi,Delhi,2019,Minor,0,1,Clear,Urban Intersection,Motorcycle & Car
ACC-202563,JNC-DEL-002,ITO Crossing,New Delhi,Delhi,2022,Minor,0,1,Clear,Roundabout,Car & Truck
ACC-202564,JNC-PNQ-007,Chandani Chowk Junction,Pune,Maharashtra,2018,Fatal,2,2,Monsoon Pour,Roundabout,Auto-rickshaw & Bus
ACC-202565,JNC-DEL-002,ITO Crossing,New Delhi,Delhi,2019,Serious,0,2,Clear,Roundabout,Car & Car
ACC-202566,JNC-DEL-002,ITO Crossing,New Delhi,Delhi,2018,Serious,0,1,Monsoon Pour,Flyover Exit,Pedestrian & Motorcycle
ACC-202567,JNC-BLR-006,Goraguntepalya Junction,Bengaluru,Karnataka,2022,Minor,0,0,Clear,Urban Intersection,Motorcycle & Bus
ACC-202568,JNC-MAA-004,Kathipara Junction,Chennai,Tamil Nadu,2019,Serious,0,2,Heavy Rain,4-Lane Highway Merge,Motorcycle & Car
ACC-202569,JNC-HYD-005,Panjagutta Junction,Hyderabad,Telangana,2022,Serious,0,1,Clear,Urban Intersection,Motorcycle & Car
ACC-202570,JNC-BLR-001,Silk Board Junction,Bengaluru,Karnataka,2020,Minor,0,0,Clear,4-Lane Highway Merge,Motorcycle & Bus
ACC-202571,JNC-BLR-001,Silk Board Junction,Bengaluru,Karnataka,2022,Minor,0,1,Clear,Urban Intersection,Car & Truck
ACC-202572,JNC-MAA-004,Kathipara Junction,Chennai,Tamil Nadu,2022,Serious,0,2,Monsoon Pour,Flyover Exit,Motorcycle & Car
ACC-202573,JNC-BLR-006,Goraguntepalya Junction,Bengaluru,Karnataka,2018,Serious,0,1,Heavy Rain,4-Lane Highway Merge,Car & Car
ACC-202574,JNC-PNQ-007,Chandani Chowk Junction,Pune,Maharashtra,2020,Minor,0,0,Monsoon Pour,Roundabout,Car & Car
ACC-202575,JNC-BLR-001,Silk Board Junction,Bengaluru,Karnataka,2019,Serious,0,2,Clear,Roundabout,Car & Truck
ACC-202576,JNC-BLR-006,Goraguntepalya Junction,Bengaluru,Karnataka,2021,Fatal,2,4,Clear,Flyover Exit,Car & Car
ACC-202577,JNC-MUM-003,Dadar TT Circle,Mumbai,Maharashtra,2022,Serious,0,1,Heavy Rain,Flyover Exit,Car & Car
ACC-202578,JNC-HYD-005,Panjagutta Junction,Hyderabad,Telangana,2022,Serious,0,3,Clear,Urban Intersection,Motorcycle & Bus
ACC-202579,JNC-MAA-004,Kathipara Junction,Chennai,Tamil Nadu,2018,Serious,0,1,Heavy Rain,Urban Intersection,Motorcycle & Bus
ACC-202580,JNC-BLR-006,Goraguntepalya Junction,Bengaluru,Karnataka,2023,Serious,0,2,Clear,Urban Intersection,Motorcycle & Car
ACC-202581,JNC-DEL-002,ITO Crossing,New Delhi,Delhi,2022,Minor,0,0,Heavy Rain,Flyover Exit,Car & Truck
ACC-202582,JNC-DEL-002,ITO Crossing,New Delhi,Delhi,2018,Minor,0,0,Fog / Mist,Urban Intersection,Motorcycle & Car
ACC-202583,JNC-DEL-002,ITO Crossing,New Delhi,Delhi,2023,Serious,0,3,Heavy Rain,4-Lane Highway Merge,Pedestrian & Motorcycle
ACC-202584,JNC-BLR-006,Goraguntepalya Junction,Bengaluru,Karnataka,2019,Minor,0,1,Clear,Urban Intersection,Auto-rickshaw & Bus
ACC-202585,JNC-MAA-004,Kathipara Junction,Chennai,Tamil Nadu,2018,Minor,0,1,Clear,Flyover Exit,Auto-rickshaw & Bus
ACC-202586,JNC-BLR-006,Goraguntepalya Junction,Bengaluru,Karnataka,2022,Minor,0,1,Clear,Roundabout,Motorcycle & Bus
ACC-202587,JNC-BLR-001,Silk Board Junction,Bengaluru,Karnataka,2019,Fatal,2,2,Heavy Rain,4-Lane Highway Merge,Car & Car
ACC-202588,JNC-BLR-006,Goraguntepalya Junction,Bengaluru,Karnataka,2020,Minor,0,1,Fog / Mist,Urban Intersection,Motorcycle & Car
ACC-202589,JNC-BLR-006,Goraguntepalya Junction,Bengaluru,Karnataka,2020,Minor,0,1,Fog / Mist,Roundabout,Car & Truck
ACC-202590,JNC-MAA-004,Kathipara Junction,Chennai,Tamil Nadu,2021,Minor,0,0,Clear,Flyover Exit,Car & Car
ACC-202591,JNC-BLR-001,Silk Board Junction,Bengaluru,Karnataka,2018,Serious,0,1,Clear,Roundabout,Car & Car
ACC-202592,JNC-PNQ-007,Chandani Chowk Junction,Pune,Maharashtra,2019,Minor,0,1,Fog / Mist,Flyover Exit,Auto-rickshaw & Bus
ACC-202593,JNC-DEL-002,ITO Crossing,New Delhi,Delhi,2020,Minor,0,0,Heavy Rain,Urban Intersection,Pedestrian & Motorcycle
ACC-202594,JNC-BLR-006,Goraguntepalya Junction,Bengaluru,Karnataka,2021,Minor,0,0,Fog / Mist,4-Lane Highway Merge,Motorcycle & Car
ACC-202595,JNC-MUM-003,Dadar TT Circle,Mumbai,Maharashtra,2023,Minor,0,0,Heavy Rain,4-Lane Highway Merge,Motorcycle & Bus
ACC-202596,JNC-BLR-006,Goraguntepalya Junction,Bengaluru,Karnataka,2021,Serious,0,1,Clear,Flyover Exit,Pedestrian & Motorcycle
ACC-202597,JNC-DEL-002,ITO Crossing,New Delhi,Delhi,2019,Serious,0,2,Heavy Rain,4-Lane Highway Merge,Motorcycle & Car
ACC-202598,JNC-DEL-002,ITO Crossing,New Delhi,Delhi,2020,Serious,0,2,Monsoon Pour,4-Lane Highway Merge,Pedestrian & Motorcycle
ACC-202599,JNC-MUM-003,Dadar TT Circle,Mumbai,Maharashtra,2022,Minor,0,0,Clear,Flyover Exit,Motorcycle & Bus
ACC-202600,JNC-DEL-002,ITO Crossing,New Delhi,Delhi,2021,Serious,0,1,Clear,Roundabout,Auto-rickshaw & Bus
ACC-202601,JNC-MUM-003,Dadar TT Circle,Mumbai,Maharashtra,2021,Minor,0,0,Monsoon Pour,Flyover Exit,Pedestrian & Motorcycle
ACC-202602,JNC-MUM-003,Dadar TT Circle,Mumbai,Maharashtra,2019,Serious,0,3,Clear,Flyover Exit,Car & Car
ACC-202603,JNC-BLR-006,Goraguntepalya Junction,Bengaluru,Karnataka,2019,Serious,0,1,Heavy Rain,Urban Intersection,Motorcycle & Car
ACC-202604,JNC-BLR-001,Silk Board Junction,Bengaluru,Karnataka,2019,Serious,0,1,Fog / Mist,Urban Intersection,Car & Truck
ACC-202605,JNC-BLR-001,Silk Board Junction,Bengaluru,Karnataka,2018,Serious,0,2,Heavy Rain,Roundabout,Car & Truck
ACC-202606,JNC-BLR-001,Silk Board Junction,Bengaluru,Karnataka,2021,Minor,0,1,Monsoon Pour,Urban Intersection,Car & Truck
ACC-202607,JNC-DEL-002,ITO Crossing,New Delhi,Delhi,2021,Serious,0,3,Heavy Rain,Urban Intersection,Pedestrian & Motorcycle
ACC-202608,JNC-DEL-002,ITO Crossing,New Delhi,Delhi,2019,Minor,0,1,Monsoon Pour,Urban Intersection,Car & Car
ACC-202609,JNC-DEL-002,ITO Crossing,New Delhi,Delhi,2023,Minor,0,0,Clear,Flyover Exit,Motorcycle & Bus
ACC-202610,JNC-DEL-002,ITO Crossing,New Delhi,Delhi,2021,Fatal,2,2,Clear,Roundabout,Pedestrian & Motorcycle
ACC-202611,JNC-MAA-004,Kathipara Junction,Chennai,Tamil Nadu,2023,Serious,0,1,Fog / Mist,Urban Intersection,Pedestrian & Motorcycle
ACC-202612,JNC-MAA-004,Kathipara Junction,Chennai,Tamil Nadu,2019,Serious,0,1,Fog / Mist,4-Lane Highway Merge,Auto-rickshaw & Bus
ACC-202613,JNC-MUM-003,Dadar TT Circle,Mumbai,Maharashtra,2019,Fatal,3,1,Monsoon Pour,Flyover Exit,Pedestrian & Motorcycle
ACC-202614,JNC-BLR-001,Silk Board Junction,Bengaluru,Karnataka,2019,Fatal,3,4,Clear,Roundabout,Car & Car
ACC-202615,JNC-BLR-006,Goraguntepalya Junction,Bengaluru,Karnataka,2023,Serious,0,1,Heavy Rain,4-Lane Highway Merge,Motorcycle & Car
ACC-202616,JNC-DEL-002,ITO Crossing,New Delhi,Delhi,2021,Minor,0,0,Clear,Roundabout,Car & Truck
ACC-202617,JNC-BLR-001,Silk Board Junction,Bengaluru,Karnataka,2020,Serious,0,1,Fog / Mist,Roundabout,Auto-rickshaw & Bus
ACC-202618,JNC-HYD-005,Panjagutta Junction,Hyderabad,Telangana,2023,Minor,0,1,Heavy Rain,Roundabout,Pedestrian & Motorcycle
ACC-202619,JNC-MUM-003,Dadar TT Circle,Mumbai,Maharashtra,2018,Fatal,3,3,Clear,Roundabout,Car & Truck
ACC-202620,JNC-MUM-003,Dadar TT Circle,Mumbai,Maharashtra,2022,Serious,0,3,Clear,4-Lane Highway Merge,Motorcycle & Car
ACC-202621,JNC-DEL-002,ITO Crossing,New Delhi,Delhi,2021,Minor,0,1,Fog / Mist,Urban Intersection,Motorcycle & Bus
ACC-202622,JNC-MUM-003,Dadar TT Circle,Mumbai,Maharashtra,2021,Minor,0,0,Monsoon Pour,4-Lane Highway Merge,Motorcycle & Bus
ACC-202623,JNC-MUM-003,Dadar TT Circle,Mumbai,Maharashtra,2020,Serious,0,2,Fog / Mist,4-Lane Highway Merge,Car & Car
ACC-202624,JNC-MUM-003,Dadar TT Circle,Mumbai,Maharashtra,2018,Serious,0,1,Heavy Rain,Flyover Exit,Car & Car
ACC-202625,JNC-BLR-001,Silk Board Junction,Bengaluru,Karnataka,2021,Serious,0,1,Clear,Roundabout,Motorcycle & Car
ACC-202626,JNC-HYD-005,Panjagutta Junction,Hyderabad,Telangana,2018,Fatal,3,0,Heavy Rain,Flyover Exit,Motorcycle & Car
ACC-202627,JNC-BLR-001,Silk Board Junction,Bengaluru,Karnataka,2018,Serious,0,1,Clear,Urban Intersection,Auto-rickshaw & Bus
ACC-202628,JNC-BLR-001,Silk Board Junction,Bengaluru,Karnataka,2020,Serious,0,2,Monsoon Pour,4-Lane Highway Merge,Auto-rickshaw & Bus
ACC-202629,JNC-DEL-002,ITO Crossing,New Delhi,Delhi,2019,Fatal,1,3,Fog / Mist,4-Lane Highway Merge,Car & Car
ACC-202630,JNC-BLR-006,Goraguntepalya Junction,Bengaluru,Karnataka,2023,Fatal,2,0,Fog / Mist,4-Lane Highway Merge,Motorcycle & Car
ACC-202631,JNC-MUM-003,Dadar TT Circle,Mumbai,Maharashtra,2021,Minor,0,1,Clear,Roundabout,Motorcycle & Car
ACC-202632,JNC-HYD-005,Panjagutta Junction,Hyderabad,Telangana,2019,Serious,0,3,Clear,Flyover Exit,Pedestrian & Motorcycle
ACC-202633,JNC-HYD-005,Panjagutta Junction,Hyderabad,Telangana,2023,Minor,0,1,Monsoon Pour,Roundabout,Car & Truck
ACC-202634,JNC-DEL-002,ITO Crossing,New Delhi,Delhi,2020,Minor,0,1,Heavy Rain,4-Lane Highway Merge,Car & Car
ACC-202635,JNC-MUM-003,Dadar TT Circle,Mumbai,Maharashtra,2022,Serious,0,2,Clear,Flyover Exit,Motorcycle & Bus
ACC-202636,JNC-DEL-002,ITO Crossing,New Delhi,Delhi,2023,Serious,0,1,Heavy Rain,Urban Intersection,Car & Truck
ACC-202637,JNC-BLR-001,Silk Board Junction,Bengaluru,Karnataka,2019,Minor,0,1,Clear,Flyover Exit,Motorcycle & Bus
ACC-202638,JNC-DEL-002,ITO Crossing,New Delhi,Delhi,2018,Fatal,3,0,Clear,4-Lane Highway Merge,Auto-rickshaw & Bus
ACC-202639,JNC-DEL-002,ITO Crossing,New Delhi,Delhi,2019,Minor,0,1,Heavy Rain,4-Lane Highway Merge,Motorcycle & Bus
ACC-202640,JNC-DEL-002,ITO Crossing,New Delhi,Delhi,2021,Serious,0,2,Fog / Mist,Flyover Exit,Auto-rickshaw & Bus
ACC-202641,JNC-BLR-006,Goraguntepalya Junction,Bengaluru,Karnataka,2018,Serious,0,1,Fog / Mist,Urban Intersection,Auto-rickshaw & Bus
ACC-202642,JNC-MUM-003,Dadar TT Circle,Mumbai,Maharashtra,2019,Serious,0,2,Clear,Flyover Exit,Pedestrian & Motorcycle
ACC-202643,JNC-DEL-002,ITO Crossing,New Delhi,Delhi,2018,Fatal,2,1,Clear,Flyover Exit,Car & Car
ACC-202644,JNC-BLR-001,Silk Board Junction,Bengaluru,Karnataka,2021,Fatal,2,1,Heavy Rain,Urban Intersection,Auto-rickshaw & Bus
ACC-202645,JNC-BLR-001,Silk Board Junction,Bengaluru,Karnataka,2022,Serious,0,1,Clear,Flyover Exit,Car & Car
ACC-202646,JNC-BLR-006,Goraguntepalya Junction,Bengaluru,Karnataka,2022,Fatal,3,3,Clear,Urban Intersection,Motorcycle & Car
ACC-202647,JNC-MUM-003,Dadar TT Circle,Mumbai,Maharashtra,2023,Serious,0,3,Clear,4-Lane Highway Merge,Motorcycle & Car
ACC-202648,JNC-MUM-003,Dadar TT Circle,Mumbai,Maharashtra,2019,Minor,0,0,Monsoon Pour,Urban Intersection,Auto-rickshaw & Bus
ACC-202649,JNC-BLR-006,Goraguntepalya Junction,Bengaluru,Karnataka,2020,Serious,0,3,Clear,Flyover Exit,Motorcycle & Bus
ACC-202650,JNC-PNQ-007,Chandani Chowk Junction,Pune,Maharashtra,2023,Minor,0,0,Clear,Urban Intersection,Pedestrian & Motorcycle
ACC-202651,JNC-MUM-003,Dadar TT Circle,Mumbai,Maharashtra,2022,Serious,0,2,Clear,Roundabout,Pedestrian & Motorcycle
ACC-202652,JNC-DEL-002,ITO Crossing,New Delhi,Delhi,2022,Minor,0,0,Fog / Mist,Roundabout,Car & Car
ACC-202653,JNC-MAA-004,Kathipara Junction,Chennai,Tamil Nadu,2023,Serious,0,3,Monsoon Pour,Flyover Exit,Motorcycle & Bus
ACC-202654,JNC-BLR-001,Silk Board Junction,Bengaluru,Karnataka,2023,Serious,0,1,Heavy Rain,Urban Intersection,Pedestrian & Motorcycle
ACC-202655,JNC-DEL-002,ITO Crossing,New Delhi,Delhi,2018,Fatal,2,1,Fog / Mist,Urban Intersection,Pedestrian & Motorcycle
ACC-202656,JNC-BLR-006,Goraguntepalya Junction,Bengaluru,Karnataka,2022,Minor,0,0,Clear,Urban Intersection,Pedestrian & Motorcycle
ACC-202657,JNC-MUM-003,Dadar TT Circle,Mumbai,Maharashtra,2023,Serious,0,1,Fog / Mist,4-Lane Highway Merge,Car & Truck
ACC-202658,JNC-HYD-005,Panjagutta Junction,Hyderabad,Telangana,2018,Serious,0,3,Heavy Rain,Roundabout,Motorcycle & Bus
ACC-202659,JNC-DEL-002,ITO Crossing,New Delhi,Delhi,2023,Minor,0,1,Clear,Flyover Exit,Motorcycle & Car
ACC-202660,JNC-MAA-004,Kathipara Junction,Chennai,Tamil Nadu,2021,Minor,0,1,Heavy Rain,Flyover Exit,Car & Car
ACC-202661,JNC-BLR-001,Silk Board Junction,Bengaluru,Karnataka,2023,Serious,0,3,Heavy Rain,4-Lane Highway Merge,Motorcycle & Bus
ACC-202662,JNC-BLR-001,Silk Board Junction,Bengaluru,Karnataka,2018,Serious,0,3,Clear,Roundabout,Auto-rickshaw & Bus
ACC-202663,JNC-BLR-001,Silk Board Junction,Bengaluru,Karnataka,2020,Minor,0,0,Clear,4-Lane Highway Merge,Car & Car
ACC-202664,JNC-DEL-002,ITO Crossing,New Delhi,Delhi,2022,Fatal,2,1,Clear,Flyover Exit,Motorcycle & Bus
ACC-202665,JNC-DEL-002,ITO Crossing,New Delhi,Delhi,2023,Serious,0,2,Clear,4-Lane Highway Merge,Pedestrian & Motorcycle
ACC-202666,JNC-BLR-006,Goraguntepalya Junction,Bengaluru,Karnataka,2020,Minor,0,1,Heavy Rain,Roundabout,Car & Car
ACC-202667,JNC-DEL-002,ITO Crossing,New Delhi,Delhi,2018,Minor,0,0,Clear,Roundabout,Car & Truck
ACC-202668,JNC-BLR-001,Silk Board Junction,Bengaluru,Karnataka,2022,Fatal,3,4,Clear,Urban Intersection,Motorcycle & Bus
ACC-202669,JNC-MAA-004,Kathipara Junction,Chennai,Tamil Nadu,2020,Serious,0,3,Heavy Rain,Flyover Exit,Pedestrian & Motorcycle
ACC-202670,JNC-BLR-001,Silk Board Junction,Bengaluru,Karnataka,2020,Serious,0,2,Clear,Flyover Exit,Car & Truck
ACC-202671,JNC-BLR-006,Goraguntepalya Junction,Bengaluru,Karnataka,2019,Serious,0,1,Clear,Roundabout,Pedestrian & Motorcycle
ACC-202672,JNC-BLR-001,Silk Board Junction,Bengaluru,Karnataka,2019,Minor,0,1,Clear,Urban Intersection,Motorcycle & Bus
ACC-202673,JNC-BLR-001,Silk Board Junction,Bengaluru,Karnataka,2018,Serious,0,3,Clear,Flyover Exit,Car & Car
ACC-202674,JNC-BLR-006,Goraguntepalya Junction,Bengaluru,Karnataka,2023,Serious,0,2,Clear,Flyover Exit,Motorcycle & Bus
ACC-202675,JNC-DEL-002,ITO Crossing,New Delhi,Delhi,2018,Serious,0,2,Clear,Urban Intersection,Auto-rickshaw & Bus
ACC-202676,JNC-HYD-005,Panjagutta Junction,Hyderabad,Telangana,2023,Serious,0,3,Clear,Flyover Exit,Car & Truck
ACC-202677,JNC-BLR-001,Silk Board Junction,Bengaluru,Karnataka,2019,Serious,0,1,Clear,Roundabout,Auto-rickshaw & Bus
ACC-202678,JNC-MUM-003,Dadar TT Circle,Mumbai,Maharashtra,2023,Serious,0,3,Clear,Roundabout,Motorcycle & Car
ACC-202679,JNC-HYD-005,Panjagutta Junction,Hyderabad,Telangana,2019,Minor,0,1,Clear,Roundabout,Auto-rickshaw & Bus
ACC-202680,JNC-MUM-003,Dadar TT Circle,Mumbai,Maharashtra,2020,Minor,0,1,Clear,Flyover Exit,Car & Car
ACC-202681,JNC-DEL-002,ITO Crossing,New Delhi,Delhi,2022,Minor,0,0,Fog / Mist,Urban Intersection,Pedestrian & Motorcycle
ACC-202682,JNC-DEL-002,ITO Crossing,New Delhi,Delhi,2022,Serious,0,2,Clear,Urban Intersection,Car & Car
ACC-202683,JNC-DEL-002,ITO Crossing,New Delhi,Delhi,2018,Serious,0,2,Clear,Roundabout,Motorcycle & Bus
ACC-202684,JNC-DEL-002,ITO Crossing,New Delhi,Delhi,2018,Minor,0,1,Monsoon Pour,Roundabout,Motorcycle & Car
ACC-202685,JNC-MAA-004,Kathipara Junction,Chennai,Tamil Nadu,2023,Fatal,3,1,Monsoon Pour,Urban Intersection,Motorcycle & Car
ACC-202686,JNC-BLR-001,Silk Board Junction,Bengaluru,Karnataka,2018,Minor,0,1,Heavy Rain,Flyover Exit,Motorcycle & Bus
ACC-202687,JNC-HYD-005,Panjagutta Junction,Hyderabad,Telangana,2023,Fatal,2,4,Heavy Rain,Roundabout,Motorcycle & Car
ACC-202688,JNC-PNQ-007,Chandani Chowk Junction,Pune,Maharashtra,2019,Minor,0,0,Heavy Rain,4-Lane Highway Merge,Motorcycle & Bus
ACC-202689,JNC-MAA-004,Kathipara Junction,Chennai,Tamil Nadu,2022,Minor,0,0,Clear,Flyover Exit,Car & Car
ACC-202690,JNC-DEL-002,ITO Crossing,New Delhi,Delhi,2019,Fatal,3,4,Heavy Rain,Roundabout,Auto-rickshaw & Bus
ACC-202691,JNC-BLR-006,Goraguntepalya Junction,Bengaluru,Karnataka,2018,Minor,0,0,Monsoon Pour,Flyover Exit,Motorcycle & Car
ACC-202692,JNC-HYD-005,Panjagutta Junction,Hyderabad,Telangana,2020,Serious,0,3,Heavy Rain,Flyover Exit,Motorcycle & Bus
ACC-202693,JNC-BLR-001,Silk Board Junction,Bengaluru,Karnataka,2020,Serious,0,2,Clear,Urban Intersection,Pedestrian & Motorcycle
ACC-202694,JNC-HYD-005,Panjagutta Junction,Hyderabad,Telangana,2018,Serious,0,3,Clear,Flyover Exit,Car & Car
ACC-202695,JNC-DEL-002,ITO Crossing,New Delhi,Delhi,2022,Minor,0,0,Fog / Mist,Flyover Exit,Pedestrian & Motorcycle
ACC-202696,JNC-BLR-001,Silk Board Junction,Bengaluru,Karnataka,2023,Fatal,2,3,Clear,Roundabout,Pedestrian & Motorcycle
ACC-202697,JNC-MUM-003,Dadar TT Circle,Mumbai,Maharashtra,2022,Serious,0,3,Heavy Rain,Roundabout,Motorcycle & Bus
ACC-202698,JNC-BLR-001,Silk Board Junction,Bengaluru,Karnataka,2022,Minor,0,1,Fog / Mist,4-Lane Highway Merge,Motorcycle & Car
ACC-202699,JNC-MUM-003,Dadar TT Circle,Mumbai,Maharashtra,2019,Fatal,2,1,Fog / Mist,Flyover Exit,Car & Car
ACC-202700,JNC-DEL-002,ITO Crossing,New Delhi,Delhi,2018,Minor,0,1,Monsoon Pour,Flyover Exit,Car & Car
ACC-202701,JNC-DEL-002,ITO Crossing,New Delhi,Delhi,2022,Serious,0,3,Clear,Flyover Exit,Pedestrian & Motorcycle
ACC-202702,JNC-DEL-002,ITO Crossing,New Delhi,Delhi,2021,Minor,0,0,Clear,4-Lane Highway Merge,Car & Car
ACC-202703,JNC-DEL-002,ITO Crossing,New Delhi,Delhi,2022,Minor,0,0,Clear,Roundabout,Motorcycle & Bus
ACC-202704,JNC-PNQ-007,Chandani Chowk Junction,Pune,Maharashtra,2023,Serious,0,1,Fog / Mist,Urban Intersection,Motorcycle & Bus
ACC-202705,JNC-DEL-002,ITO Crossing,New Delhi,Delhi,2021,Fatal,2,4,Clear,4-Lane Highway Merge,Pedestrian & Motorcycle
ACC-202706,JNC-MAA-004,Kathipara Junction,Chennai,Tamil Nadu,2019,Minor,0,0,Clear,4-Lane Highway Merge,Motorcycle & Car
ACC-202707,JNC-MAA-004,Kathipara Junction,Chennai,Tamil Nadu,2022,Minor,0,1,Fog / Mist,Flyover Exit,Motorcycle & Bus
ACC-202708,JNC-DEL-002,ITO Crossing,New Delhi,Delhi,2023,Fatal,3,3,Heavy Rain,Urban Intersection,Motorcycle & Car
ACC-202709,JNC-DEL-002,ITO Crossing,New Delhi,Delhi,2023,Serious,0,2,Clear,Flyover Exit,Car & Car
ACC-202710,JNC-MAA-004,Kathipara Junction,Chennai,Tamil Nadu,2019,Serious,0,3,Clear,4-Lane Highway Merge,Motorcycle & Car
ACC-202711,JNC-MAA-004,Kathipara Junction,Chennai,Tamil Nadu,2022,Minor,0,0,Clear,Urban Intersection,Pedestrian & Motorcycle
ACC-202712,JNC-HYD-005,Panjagutta Junction,Hyderabad,Telangana,2022,Minor,0,0,Monsoon Pour,Flyover Exit,Motorcycle & Bus
ACC-202713,JNC-MAA-004,Kathipara Junction,Chennai,Tamil Nadu,2023,Minor,0,0,Fog / Mist,Roundabout,Auto-rickshaw & Bus
ACC-202714,JNC-MAA-004,Kathipara Junction,Chennai,Tamil Nadu,2021,Fatal,1,2,Monsoon Pour,Flyover Exit,Auto-rickshaw & Bus
ACC-202715,JNC-BLR-001,Silk Board Junction,Bengaluru,Karnataka,2018,Minor,0,1,Clear,4-Lane Highway Merge,Motorcycle & Car
ACC-202716,JNC-DEL-002,ITO Crossing,New Delhi,Delhi,2019,Fatal,1,0,Heavy Rain,Roundabout,Car & Car
ACC-202717,JNC-BLR-001,Silk Board Junction,Bengaluru,Karnataka,2018,Serious,0,3,Clear,Urban Intersection,Car & Truck
ACC-202718,JNC-MUM-003,Dadar TT Circle,Mumbai,Maharashtra,2018,Minor,0,0,Clear,Roundabout,Motorcycle & Car
ACC-202719,JNC-PNQ-007,Chandani Chowk Junction,Pune,Maharashtra,2021,Serious,0,1,Clear,Urban Intersection,Motorcycle & Car
ACC-202720,JNC-MAA-004,Kathipara Junction,Chennai,Tamil Nadu,2022,Serious,0,1,Clear,Urban Intersection,Car & Car
ACC-202721,JNC-HYD-005,Panjagutta Junction,Hyderabad,Telangana,2018,Serious,0,1,Clear,Flyover Exit,Motorcycle & Car
ACC-202722,JNC-DEL-002,ITO Crossing,New Delhi,Delhi,2021,Fatal,2,4,Fog / Mist,Roundabout,Motorcycle & Car
ACC-202723,JNC-BLR-001,Silk Board Junction,Bengaluru,Karnataka,2019,Serious,0,2,Clear,4-Lane Highway Merge,Motorcycle & Car
ACC-202724,JNC-BLR-006,Goraguntepalya Junction,Bengaluru,Karnataka,2023,Minor,0,0,Clear,Roundabout,Motorcycle & Car
ACC-202725,JNC-MUM-003,Dadar TT Circle,Mumbai,Maharashtra,2021,Serious,0,1,Heavy Rain,4-Lane Highway Merge,Car & Truck
ACC-202726,JNC-BLR-001,Silk Board Junction,Bengaluru,Karnataka,2019,Minor,0,0,Clear,4-Lane Highway Merge,Pedestrian & Motorcycle
ACC-202727,JNC-MUM-003,Dadar TT Circle,Mumbai,Maharashtra,2023,Serious,0,3,Heavy Rain,4-Lane Highway Merge,Motorcycle & Car
ACC-202728,JNC-DEL-002,ITO Crossing,New Delhi,Delhi,2019,Minor,0,1,Heavy Rain,4-Lane Highway Merge,Auto-rickshaw & Bus
ACC-202729,JNC-BLR-006,Goraguntepalya Junction,Bengaluru,Karnataka,2018,Minor,0,0,Fog / Mist,4-Lane Highway Merge,Auto-rickshaw & Bus
ACC-202730,JNC-BLR-001,Silk Board Junction,Bengaluru,Karnataka,2022,Serious,0,1,Fog / Mist,4-Lane Highway Merge,Motorcycle & Car
ACC-202731,JNC-MUM-003,Dadar TT Circle,Mumbai,Maharashtra,2021,Serious,0,2,Clear,4-Lane Highway Merge,Pedestrian & Motorcycle
ACC-202732,JNC-MUM-003,Dadar TT Circle,Mumbai,Maharashtra,2020,Serious,0,1,Clear,Urban Intersection,Motorcycle & Car
ACC-202733,JNC-MAA-004,Kathipara Junction,Chennai,Tamil Nadu,2021,Serious,0,3,Fog / Mist,Roundabout,Car & Car
ACC-202734,JNC-DEL-002,ITO Crossing,New Delhi,Delhi,2018,Fatal,3,2,Clear,Roundabout,Auto-rickshaw & Bus
ACC-202735,JNC-DEL-002,ITO Crossing,New Delhi,Delhi,2019,Serious,0,2,Heavy Rain,4-Lane Highway Merge,Motorcycle & Car
ACC-202736,JNC-DEL-002,ITO Crossing,New Delhi,Delhi,2021,Serious,0,3,Heavy Rain,Flyover Exit,Auto-rickshaw & Bus
ACC-202737,JNC-BLR-006,Goraguntepalya Junction,Bengaluru,Karnataka,2023,Serious,0,3,Fog / Mist,4-Lane Highway Merge,Motorcycle & Bus
ACC-202738,JNC-BLR-006,Goraguntepalya Junction,Bengaluru,Karnataka,2018,Serious,0,3,Clear,Flyover Exit,Motorcycle & Bus
ACC-202739,JNC-MUM-003,Dadar TT Circle,Mumbai,Maharashtra,2023,Fatal,2,3,Fog / Mist,Roundabout,Motorcycle & Bus
ACC-202740,JNC-DEL-002,ITO Crossing,New Delhi,Delhi,2020,Serious,0,2,Clear,Roundabout,Motorcycle & Car
ACC-202741,JNC-MUM-003,Dadar TT Circle,Mumbai,Maharashtra,2019,Serious,0,2,Fog / Mist,Urban Intersection,Motorcycle & Bus
ACC-202742,JNC-BLR-001,Silk Board Junction,Bengaluru,Karnataka,2019,Minor,0,1,Clear,4-Lane Highway Merge,Auto-rickshaw & Bus
ACC-202743,JNC-DEL-002,ITO Crossing,New Delhi,Delhi,2022,Serious,0,3,Clear,4-Lane Highway Merge,Motorcycle & Bus
ACC-202744,JNC-BLR-006,Goraguntepalya Junction,Bengaluru,Karnataka,2022,Fatal,2,1,Heavy Rain,Roundabout,Motorcycle & Car
ACC-202745,JNC-MUM-003,Dadar TT Circle,Mumbai,Maharashtra,2019,Minor,0,1,Clear,Roundabout,Pedestrian & Motorcycle
ACC-202746,JNC-BLR-001,Silk Board Junction,Bengaluru,Karnataka,2019,Fatal,2,0,Clear,Urban Intersection,Motorcycle & Car
ACC-202747,JNC-BLR-001,Silk Board Junction,Bengaluru,Karnataka,2018,Serious,0,2,Clear,Roundabout,Car & Truck
ACC-202748,JNC-MUM-003,Dadar TT Circle,Mumbai,Maharashtra,2018,Serious,0,2,Clear,Flyover Exit,Pedestrian & Motorcycle
ACC-202749,JNC-BLR-001,Silk Board Junction,Bengaluru,Karnataka,2022,Serious,0,3,Monsoon Pour,4-Lane Highway Merge,Car & Car
ACC-202750,JNC-DEL-002,ITO Crossing,New Delhi,Delhi,2023,Minor,0,0,Fog / Mist,Urban Intersection,Auto-rickshaw & Bus
ACC-202751,JNC-DEL-002,ITO Crossing,New Delhi,Delhi,2023,Minor,0,1,Clear,4-Lane Highway Merge,Motorcycle & Bus
ACC-202752,JNC-MAA-004,Kathipara Junction,Chennai,Tamil Nadu,2021,Serious,0,2,Clear,Urban Intersection,Motorcycle & Bus
ACC-202753,JNC-HYD-005,Panjagutta Junction,Hyderabad,Telangana,2022,Serious,0,1,Fog / Mist,Flyover Exit,Car & Truck
ACC-202754,JNC-BLR-001,Silk Board Junction,Bengaluru,Karnataka,2023,Serious,0,1,Heavy Rain,Roundabout,Car & Truck
ACC-202755,JNC-PNQ-007,Chandani Chowk Junction,Pune,Maharashtra,2023,Fatal,1,3,Clear,Urban Intersection,Car & Car
ACC-202756,JNC-BLR-001,Silk Board Junction,Bengaluru,Karnataka,2022,Serious,0,2,Monsoon Pour,Urban Intersection,Car & Car
ACC-202757,JNC-MAA-004,Kathipara Junction,Chennai,Tamil Nadu,2023,Fatal,3,2,Clear,4-Lane Highway Merge,Motorcycle & Bus
ACC-202758,JNC-HYD-005,Panjagutta Junction,Hyderabad,Telangana,2019,Serious,0,2,Clear,4-Lane Highway Merge,Motorcycle & Bus
ACC-202759,JNC-BLR-001,Silk Board Junction,Bengaluru,Karnataka,2018,Serious,0,3,Fog / Mist,Flyover Exit,Pedestrian & Motorcycle
ACC-202760,JNC-BLR-006,Goraguntepalya Junction,Bengaluru,Karnataka,2021,Fatal,2,1,Heavy Rain,Urban Intersection,Motorcycle & Bus
ACC-202761,JNC-DEL-002,ITO Crossing,New Delhi,Delhi,2023,Fatal,3,0,Monsoon Pour,Urban Intersection,Pedestrian & Motorcycle
ACC-202762,JNC-HYD-005,Panjagutta Junction,Hyderabad,Telangana,2022,Serious,0,1,Clear,4-Lane Highway Merge,Auto-rickshaw & Bus
ACC-202763,JNC-MUM-003,Dadar TT Circle,Mumbai,Maharashtra,2018,Fatal,3,1,Monsoon Pour,Urban Intersection,Motorcycle & Bus
ACC-202764,JNC-BLR-001,Silk Board Junction,Bengaluru,Karnataka,2018,Minor,0,0,Clear,4-Lane Highway Merge,Motorcycle & Car
ACC-202765,JNC-DEL-002,ITO Crossing,New Delhi,Delhi,2018,Fatal,3,1,Heavy Rain,4-Lane Highway Merge,Pedestrian & Motorcycle
ACC-202766,JNC-MAA-004,Kathipara Junction,Chennai,Tamil Nadu,2020,Serious,0,1,Fog / Mist,Flyover Exit,Car & Truck
ACC-202767,JNC-BLR-001,Silk Board Junction,Bengaluru,Karnataka,2023,Minor,0,0,Heavy Rain,4-Lane Highway Merge,Motorcycle & Car
ACC-202768,JNC-BLR-001,Silk Board Junction,Bengaluru,Karnataka,2019,Minor,0,0,Clear,Flyover Exit,Pedestrian & Motorcycle
ACC-202769,JNC-HYD-005,Panjagutta Junction,Hyderabad,Telangana,2018,Serious,0,1,Monsoon Pour,Urban Intersection,Motorcycle & Bus
ACC-202770,JNC-MUM-003,Dadar TT Circle,Mumbai,Maharashtra,2020,Minor,0,1,Clear,4-Lane Highway Merge,Motorcycle & Car
ACC-202771,JNC-DEL-002,ITO Crossing,New Delhi,Delhi,2019,Minor,0,0,Fog / Mist,Flyover Exit,Auto-rickshaw & Bus
ACC-202772,JNC-HYD-005,Panjagutta Junction,Hyderabad,Telangana,2019,Minor,0,1,Clear,4-Lane Highway Merge,Auto-rickshaw & Bus
ACC-202773,JNC-BLR-006,Goraguntepalya Junction,Bengaluru,Karnataka,2023,Minor,0,0,Clear,Roundabout,Auto-rickshaw & Bus
ACC-202774,JNC-DEL-002,ITO Crossing,New Delhi,Delhi,2021,Fatal,2,0,Heavy Rain,Flyover Exit,Auto-rickshaw & Bus
ACC-202775,JNC-DEL-002,ITO Crossing,New Delhi,Delhi,2018,Fatal,3,4,Clear,Roundabout,Motorcycle & Bus
ACC-202776,JNC-BLR-006,Goraguntepalya Junction,Bengaluru,Karnataka,2020,Serious,0,1,Clear,4-Lane Highway Merge,Motorcycle & Bus
ACC-202777,JNC-HYD-005,Panjagutta Junction,Hyderabad,Telangana,2020,Minor,0,0,Clear,Roundabout,Auto-rickshaw & Bus
ACC-202778,JNC-HYD-005,Panjagutta Junction,Hyderabad,Telangana,2018,Serious,0,1,Clear,Urban Intersection,Motorcycle & Car
ACC-202779,JNC-DEL-002,ITO Crossing,New Delhi,Delhi,2021,Minor,0,1,Clear,4-Lane Highway Merge,Motorcycle & Car
ACC-202780,JNC-MUM-003,Dadar TT Circle,Mumbai,Maharashtra,2019,Serious,0,3,Clear,Urban Intersection,Motorcycle & Bus
ACC-202781,JNC-MUM-003,Dadar TT Circle,Mumbai,Maharashtra,2022,Minor,0,0,Clear,Urban Intersection,Motorcycle & Car
ACC-202782,JNC-BLR-006,Goraguntepalya Junction,Bengaluru,Karnataka,2020,Serious,0,3,Heavy Rain,Flyover Exit,Pedestrian & Motorcycle
ACC-202783,JNC-BLR-006,Goraguntepalya Junction,Bengaluru,Karnataka,2018,Serious,0,2,Clear,Roundabout,Motorcycle & Car
ACC-202784,JNC-MUM-003,Dadar TT Circle,Mumbai,Maharashtra,2023,Serious,0,3,Heavy Rain,Urban Intersection,Car & Truck
ACC-202785,JNC-MUM-003,Dadar TT Circle,Mumbai,Maharashtra,2018,Serious,0,3,Clear,4-Lane Highway Merge,Motorcycle & Car
ACC-202786,JNC-BLR-001,Silk Board Junction,Bengaluru,Karnataka,2023,Minor,0,1,Clear,Roundabout,Car & Car
ACC-202787,JNC-MUM-003,Dadar TT Circle,Mumbai,Maharashtra,2020,Minor,0,1,Monsoon Pour,4-Lane Highway Merge,Auto-rickshaw & Bus
ACC-202788,JNC-BLR-006,Goraguntepalya Junction,Bengaluru,Karnataka,2021,Fatal,2,3,Clear,Urban Intersection,Car & Truck
ACC-202789,JNC-DEL-002,ITO Crossing,New Delhi,Delhi,2023,Serious,0,3,Clear,Roundabout,Car & Truck
ACC-202790,JNC-BLR-001,Silk Board Junction,Bengaluru,Karnataka,2021,Minor,0,0,Clear,Flyover Exit,Motorcycle & Car
ACC-202791,JNC-BLR-001,Silk Board Junction,Bengaluru,Karnataka,2023,Minor,0,0,Clear,Urban Intersection,Pedestrian & Motorcycle
ACC-202792,JNC-DEL-002,ITO Crossing,New Delhi,Delhi,2019,Minor,0,1,Clear,Urban Intersection,Car & Car
ACC-202793,JNC-HYD-005,Panjagutta Junction,Hyderabad,Telangana,2021,Minor,0,0,Clear,4-Lane Highway Merge,Car & Truck
ACC-202794,JNC-MAA-004,Kathipara Junction,Chennai,Tamil Nadu,2021,Serious,0,3,Clear,4-Lane Highway Merge,Auto-rickshaw & Bus
ACC-202795,JNC-MAA-004,Kathipara Junction,Chennai,Tamil Nadu,2020,Minor,0,0,Fog / Mist,4-Lane Highway Merge,Auto-rickshaw & Bus
ACC-202796,JNC-DEL-002,ITO Crossing,New Delhi,Delhi,2020,Minor,0,0,Clear,Urban Intersection,Motorcycle & Car
ACC-202797,JNC-MUM-003,Dadar TT Circle,Mumbai,Maharashtra,2021,Fatal,3,2,Heavy Rain,4-Lane Highway Merge,Pedestrian & Motorcycle
ACC-202798,JNC-MUM-003,Dadar TT Circle,Mumbai,Maharashtra,2023,Serious,0,3,Clear,4-Lane Highway Merge,Car & Car
ACC-202799,JNC-PNQ-007,Chandani Chowk Junction,Pune,Maharashtra,2018,Fatal,3,4,Clear,Flyover Exit,Motorcycle & Car
ACC-202800,JNC-DEL-002,ITO Crossing,New Delhi,Delhi,2018,Serious,0,1,Clear,Flyover Exit,Motorcycle & Car
ACC-202801,JNC-DEL-002,ITO Crossing,New Delhi,Delhi,2019,Serious,0,2,Fog / Mist,Flyover Exit,Pedestrian & Motorcycle
ACC-202802,JNC-BLR-001,Silk Board Junction,Bengaluru,Karnataka,2020,Minor,0,1,Clear,4-Lane Highway Merge,Auto-rickshaw & Bus
ACC-202803,JNC-MUM-003,Dadar TT Circle,Mumbai,Maharashtra,2019,Minor,0,1,Clear,Urban Intersection,Car & Car
ACC-202804,JNC-MAA-004,Kathipara Junction,Chennai,Tamil Nadu,2021,Minor,0,0,Clear,Flyover Exit,Auto-rickshaw & Bus
ACC-202805,JNC-HYD-005,Panjagutta Junction,Hyderabad,Telangana,2022,Serious,0,1,Heavy Rain,Roundabout,Motorcycle & Car
ACC-202806,JNC-DEL-002,ITO Crossing,New Delhi,Delhi,2018,Fatal,3,0,Fog / Mist,Urban Intersection,Auto-rickshaw & Bus
ACC-202807,JNC-MUM-003,Dadar TT Circle,Mumbai,Maharashtra,2022,Minor,0,1,Clear,Flyover Exit,Pedestrian & Motorcycle
ACC-202808,JNC-DEL-002,ITO Crossing,New Delhi,Delhi,2022,Fatal,2,3,Clear,Flyover Exit,Pedestrian & Motorcycle
ACC-202809,JNC-BLR-006,Goraguntepalya Junction,Bengaluru,Karnataka,2020,Serious,0,3,Monsoon Pour,Roundabout,Car & Truck
ACC-202810,JNC-MUM-003,Dadar TT Circle,Mumbai,Maharashtra,2022,Serious,0,1,Clear,Roundabout,Car & Truck
ACC-202811,JNC-HYD-005,Panjagutta Junction,Hyderabad,Telangana,2019,Serious,0,2,Heavy Rain,4-Lane Highway Merge,Motorcycle & Car
ACC-202812,JNC-DEL-002,ITO Crossing,New Delhi,Delhi,2018,Minor,0,1,Clear,Urban Intersection,Pedestrian & Motorcycle
ACC-202813,JNC-DEL-002,ITO Crossing,New Delhi,Delhi,2022,Fatal,3,0,Clear,Urban Intersection,Auto-rickshaw & Bus
ACC-202814,JNC-MUM-003,Dadar TT Circle,Mumbai,Maharashtra,2018,Serious,0,2,Monsoon Pour,Urban Intersection,Pedestrian & Motorcycle
ACC-202815,JNC-BLR-006,Goraguntepalya Junction,Bengaluru,Karnataka,2023,Minor,0,1,Clear,Flyover Exit,Car & Car
ACC-202816,JNC-MUM-003,Dadar TT Circle,Mumbai,Maharashtra,2019,Serious,0,2,Clear,Urban Intersection,Motorcycle & Bus
ACC-202817,JNC-MAA-004,Kathipara Junction,Chennai,Tamil Nadu,2021,Fatal,1,3,Clear,Flyover Exit,Pedestrian & Motorcycle
ACC-202818,JNC-DEL-002,ITO Crossing,New Delhi,Delhi,2022,Minor,0,0,Clear,4-Lane Highway Merge,Pedestrian & Motorcycle
ACC-202819,JNC-DEL-002,ITO Crossing,New Delhi,Delhi,2020,Serious,0,2,Clear,4-Lane Highway Merge,Pedestrian & Motorcycle
ACC-202820,JNC-HYD-005,Panjagutta Junction,Hyderabad,Telangana,2019,Minor,0,1,Clear,Flyover Exit,Motorcycle & Bus
ACC-202821,JNC-BLR-001,Silk Board Junction,Bengaluru,Karnataka,2019,Serious,0,2,Clear,4-Lane Highway Merge,Pedestrian & Motorcycle
ACC-202822,JNC-BLR-006,Goraguntepalya Junction,Bengaluru,Karnataka,2019,Serious,0,1,Monsoon Pour,Roundabout,Auto-rickshaw & Bus
ACC-202823,JNC-BLR-001,Silk Board Junction,Bengaluru,Karnataka,2021,Fatal,2,3,Clear,4-Lane Highway Merge,Pedestrian & Motorcycle
ACC-202824,JNC-MAA-004,Kathipara Junction,Chennai,Tamil Nadu,2023,Minor,0,0,Clear,Flyover Exit,Car & Car
ACC-202825,JNC-MUM-003,Dadar TT Circle,Mumbai,Maharashtra,2022,Minor,0,1,Monsoon Pour,Roundabout,Motorcycle & Bus
ACC-202826,JNC-DEL-002,ITO Crossing,New Delhi,Delhi,2020,Serious,0,2,Clear,4-Lane Highway Merge,Motorcycle & Bus
ACC-202827,JNC-DEL-002,ITO Crossing,New Delhi,Delhi,2019,Serious,0,1,Clear,Roundabout,Auto-rickshaw & Bus
ACC-202828,JNC-DEL-002,ITO Crossing,New Delhi,Delhi,2022,Serious,0,2,Clear,Urban Intersection,Car & Car
ACC-202829,JNC-BLR-001,Silk Board Junction,Bengaluru,Karnataka,2023,Minor,0,1,Monsoon Pour,4-Lane Highway Merge,Pedestrian & Motorcycle
ACC-202830,JNC-BLR-001,Silk Board Junction,Bengaluru,Karnataka,2022,Serious,0,1,Monsoon Pour,Urban Intersection,Car & Car
ACC-202831,JNC-BLR-001,Silk Board Junction,Bengaluru,Karnataka,2021,Serious,0,1,Heavy Rain,Roundabout,Motorcycle & Car
ACC-202832,JNC-MUM-003,Dadar TT Circle,Mumbai,Maharashtra,2023,Serious,0,1,Heavy Rain,4-Lane Highway Merge,Auto-rickshaw & Bus
ACC-202833,JNC-DEL-002,ITO Crossing,New Delhi,Delhi,2020,Serious,0,2,Monsoon Pour,4-Lane Highway Merge,Auto-rickshaw & Bus
ACC-202834,JNC-HYD-005,Panjagutta Junction,Hyderabad,Telangana,2022,Serious,0,1,Fog / Mist,Urban Intersection,Car & Car
ACC-202835,JNC-BLR-001,Silk Board Junction,Bengaluru,Karnataka,2023,Serious,0,3,Fog / Mist,4-Lane Highway Merge,Pedestrian & Motorcycle
ACC-202836,JNC-MUM-003,Dadar TT Circle,Mumbai,Maharashtra,2023,Minor,0,1,Heavy Rain,4-Lane Highway Merge,Car & Car
ACC-202837,JNC-MUM-003,Dadar TT Circle,Mumbai,Maharashtra,2018,Serious,0,2,Fog / Mist,Flyover Exit,Motorcycle & Car
ACC-202838,JNC-BLR-001,Silk Board Junction,Bengaluru,Karnataka,2020,Serious,0,1,Heavy Rain,Roundabout,Auto-rickshaw & Bus
ACC-202839,JNC-BLR-001,Silk Board Junction,Bengaluru,Karnataka,2021,Serious,0,2,Clear,Roundabout,Pedestrian & Motorcycle
ACC-202840,JNC-BLR-001,Silk Board Junction,Bengaluru,Karnataka,2020,Serious,0,2,Clear,Urban Intersection,Motorcycle & Bus
ACC-202841,JNC-DEL-002,ITO Crossing,New Delhi,Delhi,2022,Serious,0,1,Clear,4-Lane Highway Merge,Motorcycle & Bus
ACC-202842,JNC-HYD-005,Panjagutta Junction,Hyderabad,Telangana,2022,Fatal,2,1,Heavy Rain,Urban Intersection,Car & Car
ACC-202843,JNC-HYD-005,Panjagutta Junction,Hyderabad,Telangana,2019,Serious,0,3,Heavy Rain,Roundabout,Pedestrian & Motorcycle
ACC-202844,JNC-BLR-001,Silk Board Junction,Bengaluru,Karnataka,2019,Fatal,3,3,Heavy Rain,4-Lane Highway Merge,Motorcycle & Car
ACC-202845,JNC-DEL-002,ITO Crossing,New Delhi,Delhi,2019,Serious,0,3,Clear,4-Lane Highway Merge,Pedestrian & Motorcycle
ACC-202846,JNC-BLR-001,Silk Board Junction,Bengaluru,Karnataka,2023,Minor,0,0,Heavy Rain,Roundabout,Car & Truck
ACC-202847,JNC-BLR-001,Silk Board Junction,Bengaluru,Karnataka,2021,Minor,0,1,Heavy Rain,Urban Intersection,Motorcycle & Bus
ACC-202848,JNC-MAA-004,Kathipara Junction,Chennai,Tamil Nadu,2018,Fatal,1,2,Clear,Flyover Exit,Motorcycle & Bus
ACC-202849,JNC-PNQ-007,Chandani Chowk Junction,Pune,Maharashtra,2019,Fatal,1,0,Fog / Mist,Urban Intersection,Motorcycle & Car
ACC-202850,JNC-DEL-002,ITO Crossing,New Delhi,Delhi,2018,Minor,0,0,Monsoon Pour,Roundabout,Auto-rickshaw & Bus
ACC-202851,JNC-BLR-001,Silk Board Junction,Bengaluru,Karnataka,2021,Fatal,2,1,Fog / Mist,4-Lane Highway Merge,Car & Truck
ACC-202852,JNC-MUM-003,Dadar TT Circle,Mumbai,Maharashtra,2023,Serious,0,1,Clear,4-Lane Highway Merge,Auto-rickshaw & Bus
ACC-202853,JNC-BLR-001,Silk Board Junction,Bengaluru,Karnataka,2023,Minor,0,0,Heavy Rain,4-Lane Highway Merge,Pedestrian & Motorcycle
ACC-202854,JNC-MUM-003,Dadar TT Circle,Mumbai,Maharashtra,2022,Minor,0,1,Monsoon Pour,Urban Intersection,Car & Car
ACC-202855,JNC-MAA-004,Kathipara Junction,Chennai,Tamil Nadu,2020,Serious,0,3,Monsoon Pour,4-Lane Highway Merge,Car & Truck
ACC-202856,JNC-DEL-002,ITO Crossing,New Delhi,Delhi,2021,Serious,0,3,Heavy Rain,Roundabout,Car & Car
ACC-202857,JNC-MUM-003,Dadar TT Circle,Mumbai,Maharashtra,2018,Fatal,1,1,Clear,Flyover Exit,Car & Truck
ACC-202858,JNC-DEL-002,ITO Crossing,New Delhi,Delhi,2020,Serious,0,1,Clear,Urban Intersection,Auto-rickshaw & Bus
ACC-202859,JNC-BLR-006,Goraguntepalya Junction,Bengaluru,Karnataka,2018,Serious,0,1,Heavy Rain,Urban Intersection,Car & Truck
ACC-202860,JNC-DEL-002,ITO Crossing,New Delhi,Delhi,2021,Serious,0,1,Clear,4-Lane Highway Merge,Motorcycle & Car
ACC-202861,JNC-DEL-002,ITO Crossing,New Delhi,Delhi,2019,Serious,0,1,Fog / Mist,4-Lane Highway Merge,Motorcycle & Car
ACC-202862,JNC-BLR-001,Silk Board Junction,Bengaluru,Karnataka,2020,Serious,0,3,Clear,4-Lane Highway Merge,Car & Car
ACC-202863,JNC-PNQ-007,Chandani Chowk Junction,Pune,Maharashtra,2019,Fatal,3,1,Clear,Flyover Exit,Car & Car
ACC-202864,JNC-BLR-006,Goraguntepalya Junction,Bengaluru,Karnataka,2023,Minor,0,1,Clear,Urban Intersection,Motorcycle & Bus
ACC-202865,JNC-BLR-001,Silk Board Junction,Bengaluru,Karnataka,2023,Serious,0,2,Heavy Rain,Roundabout,Car & Truck
ACC-202866,JNC-DEL-002,ITO Crossing,New Delhi,Delhi,2022,Fatal,3,1,Clear,Urban Intersection,Auto-rickshaw & Bus
ACC-202867,JNC-MAA-004,Kathipara Junction,Chennai,Tamil Nadu,2021,Serious,0,2,Fog / Mist,Roundabout,Motorcycle & Car
ACC-202868,JNC-BLR-001,Silk Board Junction,Bengaluru,Karnataka,2023,Serious,0,1,Clear,Flyover Exit,Motorcycle & Bus
ACC-202869,JNC-BLR-001,Silk Board Junction,Bengaluru,Karnataka,2022,Minor,0,1,Heavy Rain,Flyover Exit,Auto-rickshaw & Bus
ACC-202870,JNC-PNQ-007,Chandani Chowk Junction,Pune,Maharashtra,2018,Fatal,2,2,Fog / Mist,Flyover Exit,Car & Car
ACC-202871,JNC-DEL-002,ITO Crossing,New Delhi,Delhi,2018,Minor,0,0,Clear,Flyover Exit,Motorcycle & Car
ACC-202872,JNC-MAA-004,Kathipara Junction,Chennai,Tamil Nadu,2019,Serious,0,1,Clear,Roundabout,Motorcycle & Bus
ACC-202873,JNC-MAA-004,Kathipara Junction,Chennai,Tamil Nadu,2019,Serious,0,1,Clear,Roundabout,Motorcycle & Bus
ACC-202874,JNC-DEL-002,ITO Crossing,New Delhi,Delhi,2020,Minor,0,0,Clear,Flyover Exit,Car & Car
ACC-202875,JNC-MUM-003,Dadar TT Circle,Mumbai,Maharashtra,2019,Serious,0,2,Clear,Flyover Exit,Car & Car
ACC-202876,JNC-DEL-002,ITO Crossing,New Delhi,Delhi,2022,Serious,0,2,Clear,Flyover Exit,Auto-rickshaw & Bus
ACC-202877,JNC-BLR-001,Silk Board Junction,Bengaluru,Karnataka,2021,Fatal,2,0,Fog / Mist,4-Lane Highway Merge,Car & Car
ACC-202878,JNC-MUM-003,Dadar TT Circle,Mumbai,Maharashtra,2018,Serious,0,2,Clear,Urban Intersection,Motorcycle & Car
ACC-202879,JNC-BLR-001,Silk Board Junction,Bengaluru,Karnataka,2019,Fatal,2,3,Clear,Roundabout,Auto-rickshaw & Bus
ACC-202880,JNC-HYD-005,Panjagutta Junction,Hyderabad,Telangana,2021,Minor,0,1,Clear,Urban Intersection,Motorcycle & Car
ACC-202881,JNC-MAA-004,Kathipara Junction,Chennai,Tamil Nadu,2021,Minor,0,1,Fog / Mist,4-Lane Highway Merge,Pedestrian & Motorcycle
ACC-202882,JNC-MAA-004,Kathipara Junction,Chennai,Tamil Nadu,2022,Serious,0,2,Clear,Roundabout,Motorcycle & Bus
ACC-202883,JNC-BLR-006,Goraguntepalya Junction,Bengaluru,Karnataka,2022,Fatal,3,4,Clear,4-Lane Highway Merge,Motorcycle & Car
ACC-202884,JNC-BLR-001,Silk Board Junction,Bengaluru,Karnataka,2023,Fatal,1,2,Heavy Rain,Roundabout,Motorcycle & Bus
ACC-202885,JNC-MAA-004,Kathipara Junction,Chennai,Tamil Nadu,2021,Serious,0,3,Clear,Roundabout,Car & Car
ACC-202886,JNC-MUM-003,Dadar TT Circle,Mumbai,Maharashtra,2020,Minor,0,1,Fog / Mist,Urban Intersection,Motorcycle & Bus
ACC-202887,JNC-BLR-006,Goraguntepalya Junction,Bengaluru,Karnataka,2023,Minor,0,1,Clear,Roundabout,Car & Truck
ACC-202888,JNC-BLR-001,Silk Board Junction,Bengaluru,Karnataka,2022,Serious,0,3,Heavy Rain,4-Lane Highway Merge,Pedestrian & Motorcycle
ACC-202889,JNC-MUM-003,Dadar TT Circle,Mumbai,Maharashtra,2022,Minor,0,1,Heavy Rain,Flyover Exit,Car & Truck
ACC-202890,JNC-BLR-001,Silk Board Junction,Bengaluru,Karnataka,2019,Fatal,1,3,Clear,Flyover Exit,Motorcycle & Bus
ACC-202891,JNC-BLR-001,Silk Board Junction,Bengaluru,Karnataka,2018,Minor,0,0,Heavy Rain,Roundabout,Car & Truck
ACC-202892,JNC-HYD-005,Panjagutta Junction,Hyderabad,Telangana,2022,Serious,0,3,Clear,4-Lane Highway Merge,Car & Truck
ACC-202893,JNC-BLR-001,Silk Board Junction,Bengaluru,Karnataka,2019,Fatal,3,1,Clear,Roundabout,Auto-rickshaw & Bus
ACC-202894,JNC-BLR-006,Goraguntepalya Junction,Bengaluru,Karnataka,2020,Serious,0,2,Heavy Rain,Flyover Exit,Pedestrian & Motorcycle
ACC-202895,JNC-BLR-001,Silk Board Junction,Bengaluru,Karnataka,2018,Serious,0,3,Monsoon Pour,Urban Intersection,Motorcycle & Bus
ACC-202896,JNC-BLR-001,Silk Board Junction,Bengaluru,Karnataka,2021,Minor,0,1,Clear,Urban Intersection,Car & Truck
ACC-202897,JNC-BLR-001,Silk Board Junction,Bengaluru,Karnataka,2023,Minor,0,0,Clear,4-Lane Highway Merge,Motorcycle & Car
ACC-202898,JNC-HYD-005,Panjagutta Junction,Hyderabad,Telangana,2021,Fatal,3,3,Clear,Flyover Exit,Pedestrian & Motorcycle
ACC-202899,JNC-DEL-002,ITO Crossing,New Delhi,Delhi,2023,Fatal,3,3,Clear,Urban Intersection,Motorcycle & Bus
ACC-202900,JNC-MUM-003,Dadar TT Circle,Mumbai,Maharashtra,2022,Fatal,1,1,Clear,Urban Intersection,Motorcycle & Bus
ACC-202901,JNC-HYD-005,Panjagutta Junction,Hyderabad,Telangana,2022,Minor,0,1,Clear,Flyover Exit,Car & Car
ACC-202902,JNC-BLR-001,Silk Board Junction,Bengaluru,Karnataka,2019,Serious,0,2,Heavy Rain,Flyover Exit,Motorcycle & Bus
ACC-202903,JNC-BLR-001,Silk Board Junction,Bengaluru,Karnataka,2018,Serious,0,2,Monsoon Pour,4-Lane Highway Merge,Motorcycle & Bus
ACC-202904,JNC-BLR-006,Goraguntepalya Junction,Bengaluru,Karnataka,2023,Fatal,1,4,Clear,Roundabout,Motorcycle & Car
ACC-202905,JNC-BLR-006,Goraguntepalya Junction,Bengaluru,Karnataka,2022,Fatal,2,0,Heavy Rain,4-Lane Highway Merge,Pedestrian & Motorcycle
ACC-202906,JNC-BLR-001,Silk Board Junction,Bengaluru,Karnataka,2019,Fatal,2,4,Clear,Urban Intersection,Auto-rickshaw & Bus
ACC-202907,JNC-BLR-001,Silk Board Junction,Bengaluru,Karnataka,2021,Serious,0,3,Clear,Roundabout,Car & Car
ACC-202908,JNC-DEL-002,ITO Crossing,New Delhi,Delhi,2023,Serious,0,1,Clear,Flyover Exit,Car & Car
ACC-202909,JNC-PNQ-007,Chandani Chowk Junction,Pune,Maharashtra,2023,Minor,0,1,Clear,Flyover Exit,Car & Car
ACC-202910,JNC-HYD-005,Panjagutta Junction,Hyderabad,Telangana,2023,Serious,0,3,Fog / Mist,Roundabout,Pedestrian & Motorcycle
ACC-202911,JNC-BLR-001,Silk Board Junction,Bengaluru,Karnataka,2018,Minor,0,1,Clear,Urban Intersection,Motorcycle & Car
ACC-202912,JNC-MAA-004,Kathipara Junction,Chennai,Tamil Nadu,2022,Serious,0,1,Heavy Rain,Roundabout,Car & Truck
ACC-202913,JNC-HYD-005,Panjagutta Junction,Hyderabad,Telangana,2018,Minor,0,0,Clear,4-Lane Highway Merge,Auto-rickshaw & Bus
ACC-202914,JNC-HYD-005,Panjagutta Junction,Hyderabad,Telangana,2021,Minor,0,0,Clear,4-Lane Highway Merge,Car & Truck
ACC-202915,JNC-BLR-006,Goraguntepalya Junction,Bengaluru,Karnataka,2018,Serious,0,3,Fog / Mist,4-Lane Highway Merge,Auto-rickshaw & Bus
ACC-202916,JNC-MUM-003,Dadar TT Circle,Mumbai,Maharashtra,2022,Serious,0,2,Heavy Rain,Flyover Exit,Car & Car
ACC-202917,JNC-BLR-001,Silk Board Junction,Bengaluru,Karnataka,2022,Serious,0,2,Clear,4-Lane Highway Merge,Pedestrian & Motorcycle
ACC-202918,JNC-BLR-001,Silk Board Junction,Bengaluru,Karnataka,2022,Fatal,2,3,Fog / Mist,Flyover Exit,Car & Truck
ACC-202919,JNC-BLR-006,Goraguntepalya Junction,Bengaluru,Karnataka,2019,Serious,0,1,Clear,Urban Intersection,Motorcycle & Bus
ACC-202920,JNC-MAA-004,Kathipara Junction,Chennai,Tamil Nadu,2019,Serious,0,3,Clear,4-Lane Highway Merge,Car & Truck
ACC-202921,JNC-MUM-003,Dadar TT Circle,Mumbai,Maharashtra,2021,Minor,0,1,Fog / Mist,Flyover Exit,Pedestrian & Motorcycle
ACC-202922,JNC-MUM-003,Dadar TT Circle,Mumbai,Maharashtra,2020,Minor,0,1,Clear,Flyover Exit,Car & Car
ACC-202923,JNC-HYD-005,Panjagutta Junction,Hyderabad,Telangana,2023,Minor,0,1,Fog / Mist,4-Lane Highway Merge,Car & Car
ACC-202924,JNC-BLR-006,Goraguntepalya Junction,Bengaluru,Karnataka,2019,Minor,0,1,Heavy Rain,Roundabout,Auto-rickshaw & Bus
ACC-202925,JNC-DEL-002,ITO Crossing,New Delhi,Delhi,2019,Serious,0,3,Monsoon Pour,Flyover Exit,Car & Truck
ACC-202926,JNC-PNQ-007,Chandani Chowk Junction,Pune,Maharashtra,2020,Fatal,3,1,Clear,Roundabout,Motorcycle & Bus
ACC-202927,JNC-BLR-001,Silk Board Junction,Bengaluru,Karnataka,2022,Serious,0,1,Clear,Urban Intersection,Motorcycle & Car
ACC-202928,JNC-BLR-006,Goraguntepalya Junction,Bengaluru,Karnataka,2019,Serious,0,2,Heavy Rain,Urban Intersection,Pedestrian & Motorcycle
ACC-202929,JNC-BLR-001,Silk Board Junction,Bengaluru,Karnataka,2021,Serious,0,3,Clear,Flyover Exit,Motorcycle & Car
ACC-202930,JNC-BLR-001,Silk Board Junction,Bengaluru,Karnataka,2018,Serious,0,2,Clear,Flyover Exit,Car & Truck
ACC-202931,JNC-MAA-004,Kathipara Junction,Chennai,Tamil Nadu,2023,Minor,0,1,Clear,4-Lane Highway Merge,Pedestrian & Motorcycle
ACC-202932,JNC-DEL-002,ITO Crossing,New Delhi,Delhi,2021,Serious,0,3,Heavy Rain,Flyover Exit,Car & Car
ACC-202933,JNC-BLR-006,Goraguntepalya Junction,Bengaluru,Karnataka,2020,Minor,0,1,Heavy Rain,Flyover Exit,Car & Truck
ACC-202934,JNC-BLR-001,Silk Board Junction,Bengaluru,Karnataka,2018,Serious,0,2,Heavy Rain,Roundabout,Motorcycle & Car
ACC-202935,JNC-MAA-004,Kathipara Junction,Chennai,Tamil Nadu,2021,Fatal,3,1,Heavy Rain,Urban Intersection,Auto-rickshaw & Bus
ACC-202936,JNC-MAA-004,Kathipara Junction,Chennai,Tamil Nadu,2023,Serious,0,2,Clear,4-Lane Highway Merge,Motorcycle & Car
ACC-202937,JNC-BLR-001,Silk Board Junction,Bengaluru,Karnataka,2018,Fatal,2,4,Fog / Mist,Roundabout,Car & Truck
ACC-202938,JNC-BLR-001,Silk Board Junction,Bengaluru,Karnataka,2018,Fatal,2,1,Clear,Roundabout,Auto-rickshaw & Bus
ACC-202939,JNC-HYD-005,Panjagutta Junction,Hyderabad,Telangana,2020,Serious,0,1,Fog / Mist,Flyover Exit,Car & Truck
ACC-202940,JNC-MAA-004,Kathipara Junction,Chennai,Tamil Nadu,2020,Serious,0,1,Clear,Urban Intersection,Motorcycle & Bus
ACC-202941,JNC-BLR-006,Goraguntepalya Junction,Bengaluru,Karnataka,2023,Serious,0,1,Monsoon Pour,Urban Intersection,Pedestrian & Motorcycle
ACC-202942,JNC-BLR-006,Goraguntepalya Junction,Bengaluru,Karnataka,2018,Serious,0,2,Fog / Mist,Roundabout,Motorcycle & Car
ACC-202943,JNC-BLR-001,Silk Board Junction,Bengaluru,Karnataka,2018,Serious,0,3,Clear,Roundabout,Motorcycle & Bus
ACC-202944,JNC-BLR-006,Goraguntepalya Junction,Bengaluru,Karnataka,2018,Serious,0,1,Monsoon Pour,Roundabout,Motorcycle & Bus
ACC-202945,JNC-MUM-003,Dadar TT Circle,Mumbai,Maharashtra,2020,Fatal,3,4,Heavy Rain,4-Lane Highway Merge,Pedestrian & Motorcycle
ACC-202946,JNC-HYD-005,Panjagutta Junction,Hyderabad,Telangana,2023,Minor,0,0,Clear,Urban Intersection,Car & Truck
ACC-202947,JNC-MAA-004,Kathipara Junction,Chennai,Tamil Nadu,2022,Fatal,2,0,Clear,Flyover Exit,Auto-rickshaw & Bus
ACC-202948,JNC-DEL-002,ITO Crossing,New Delhi,Delhi,2019,Serious,0,1,Heavy Rain,Flyover Exit,Motorcycle & Car
ACC-202949,JNC-MAA-004,Kathipara Junction,Chennai,Tamil Nadu,2018,Serious,0,1,Clear,Roundabout,Auto-rickshaw & Bus
ACC-202950,JNC-DEL-002,ITO Crossing,New Delhi,Delhi,2023,Serious,0,1,Heavy Rain,Urban Intersection,Auto-rickshaw & Bus
ACC-202951,JNC-DEL-002,ITO Crossing,New Delhi,Delhi,2021,Fatal,1,1,Clear,Roundabout,Auto-rickshaw & Bus
ACC-202952,JNC-MUM-003,Dadar TT Circle,Mumbai,Maharashtra,2018,Fatal,3,2,Heavy Rain,Roundabout,Auto-rickshaw & Bus
ACC-202953,JNC-BLR-006,Goraguntepalya Junction,Bengaluru,Karnataka,2019,Serious,0,3,Monsoon Pour,Flyover Exit,Auto-rickshaw & Bus
ACC-202954,JNC-DEL-002,ITO Crossing,New Delhi,Delhi,2022,Serious,0,1,Clear,Roundabout,Pedestrian & Motorcycle
ACC-202955,JNC-MUM-003,Dadar TT Circle,Mumbai,Maharashtra,2022,Minor,0,1,Clear,4-Lane Highway Merge,Auto-rickshaw & Bus
ACC-202956,JNC-MUM-003,Dadar TT Circle,Mumbai,Maharashtra,2021,Fatal,3,2,Clear,Urban Intersection,Car & Truck
ACC-202957,JNC-MAA-004,Kathipara Junction,Chennai,Tamil Nadu,2020,Serious,0,2,Heavy Rain,Urban Intersection,Motorcycle & Car
ACC-202958,JNC-HYD-005,Panjagutta Junction,Hyderabad,Telangana,2023,Minor,0,0,Clear,Urban Intersection,Motorcycle & Bus
ACC-202959,JNC-HYD-005,Panjagutta Junction,Hyderabad,Telangana,2020,Minor,0,0,Heavy Rain,Urban Intersection,Motorcycle & Car
ACC-202960,JNC-BLR-001,Silk Board Junction,Bengaluru,Karnataka,2018,Serious,0,3,Fog / Mist,4-Lane Highway Merge,Pedestrian & Motorcycle
ACC-202961,JNC-BLR-001,Silk Board Junction,Bengaluru,Karnataka,2020,Minor,0,0,Clear,Flyover Exit,Motorcycle & Bus
ACC-202962,JNC-HYD-005,Panjagutta Junction,Hyderabad,Telangana,2021,Minor,0,1,Clear,Roundabout,Car & Car
ACC-202963,JNC-BLR-001,Silk Board Junction,Bengaluru,Karnataka,2019,Minor,0,1,Clear,Urban Intersection,Motorcycle & Bus
ACC-202964,JNC-BLR-001,Silk Board Junction,Bengaluru,Karnataka,2018,Serious,0,1,Heavy Rain,4-Lane Highway Merge,Motorcycle & Car
ACC-202965,JNC-BLR-006,Goraguntepalya Junction,Bengaluru,Karnataka,2021,Serious,0,2,Heavy Rain,Flyover Exit,Car & Truck
ACC-202966,JNC-MUM-003,Dadar TT Circle,Mumbai,Maharashtra,2021,Serious,0,1,Monsoon Pour,Roundabout,Auto-rickshaw & Bus
ACC-202967,JNC-BLR-001,Silk Board Junction,Bengaluru,Karnataka,2018,Minor,0,0,Clear,Urban Intersection,Motorcycle & Car
ACC-202968,JNC-HYD-005,Panjagutta Junction,Hyderabad,Telangana,2022,Minor,0,1,Clear,Flyover Exit,Motorcycle & Car
ACC-202969,JNC-MUM-003,Dadar TT Circle,Mumbai,Maharashtra,2018,Serious,0,1,Fog / Mist,4-Lane Highway Merge,Car & Truck
ACC-202970,JNC-MUM-003,Dadar TT Circle,Mumbai,Maharashtra,2018,Minor,0,0,Heavy Rain,Urban Intersection,Motorcycle & Car
ACC-202971,JNC-DEL-002,ITO Crossing,New Delhi,Delhi,2020,Fatal,3,0,Clear,Flyover Exit,Motorcycle & Car
ACC-202972,JNC-BLR-001,Silk Board Junction,Bengaluru,Karnataka,2018,Minor,0,0,Fog / Mist,Roundabout,Car & Truck
ACC-202973,JNC-BLR-001,Silk Board Junction,Bengaluru,Karnataka,2019,Serious,0,1,Heavy Rain,4-Lane Highway Merge,Motorcycle & Car
ACC-202974,JNC-BLR-006,Goraguntepalya Junction,Bengaluru,Karnataka,2022,Minor,0,0,Clear,Flyover Exit,Car & Car
ACC-202975,JNC-DEL-002,ITO Crossing,New Delhi,Delhi,2023,Minor,0,1,Clear,4-Lane Highway Merge,Motorcycle & Car
ACC-202976,JNC-MAA-004,Kathipara Junction,Chennai,Tamil Nadu,2022,Serious,0,2,Clear,Roundabout,Car & Truck
ACC-202977,JNC-BLR-001,Silk Board Junction,Bengaluru,Karnataka,2021,Serious,0,3,Clear,Roundabout,Motorcycle & Car
ACC-202978,JNC-DEL-002,ITO Crossing,New Delhi,Delhi,2023,Serious,0,3,Clear,4-Lane Highway Merge,Motorcycle & Car
ACC-202979,JNC-MUM-003,Dadar TT Circle,Mumbai,Maharashtra,2021,Serious,0,2,Clear,4-Lane Highway Merge,Car & Car
ACC-202980,JNC-BLR-006,Goraguntepalya Junction,Bengaluru,Karnataka,2021,Serious,0,1,Clear,Urban Intersection,Car & Car
ACC-202981,JNC-BLR-001,Silk Board Junction,Bengaluru,Karnataka,2019,Serious,0,3,Clear,4-Lane Highway Merge,Car & Car
ACC-202982,JNC-MUM-003,Dadar TT Circle,Mumbai,Maharashtra,2020,Fatal,2,3,Clear,Flyover Exit,Auto-rickshaw & Bus
ACC-202983,JNC-DEL-002,ITO Crossing,New Delhi,Delhi,2020,Minor,0,1,Monsoon Pour,Flyover Exit,Pedestrian & Motorcycle
ACC-202984,JNC-BLR-006,Goraguntepalya Junction,Bengaluru,Karnataka,2022,Serious,0,1,Heavy Rain,Roundabout,Motorcycle & Bus
ACC-202985,JNC-MUM-003,Dadar TT Circle,Mumbai,Maharashtra,2021,Serious,0,2,Clear,Flyover Exit,Pedestrian & Motorcycle
ACC-202986,JNC-HYD-005,Panjagutta Junction,Hyderabad,Telangana,2023,Minor,0,1,Clear,Flyover Exit,Auto-rickshaw & Bus
ACC-202987,JNC-BLR-001,Silk Board Junction,Bengaluru,Karnataka,2021,Fatal,2,3,Fog / Mist,Roundabout,Car & Car
ACC-202988,JNC-HYD-005,Panjagutta Junction,Hyderabad,Telangana,2018,Serious,0,1,Clear,4-Lane Highway Merge,Motorcycle & Car
ACC-202989,JNC-HYD-005,Panjagutta Junction,Hyderabad,Telangana,2022,Minor,0,0,Clear,Roundabout,Car & Car
ACC-202990,JNC-BLR-001,Silk Board Junction,Bengaluru,Karnataka,2022,Minor,0,1,Fog / Mist,4-Lane Highway Merge,Car & Car
ACC-202991,JNC-BLR-006,Goraguntepalya Junction,Bengaluru,Karnataka,2018,Fatal,1,0,Heavy Rain,Urban Intersection,Motorcycle & Bus
ACC-202992,JNC-BLR-001,Silk Board Junction,Bengaluru,Karnataka,2018,Minor,0,1,Clear,4-Lane Highway Merge,Car & Car
ACC-202993,JNC-BLR-006,Goraguntepalya Junction,Bengaluru,Karnataka,2023,Serious,0,3,Heavy Rain,Roundabout,Motorcycle & Car
ACC-202994,JNC-DEL-002,ITO Crossing,New Delhi,Delhi,2022,Serious,0,3,Clear,Flyover Exit,Car & Truck
ACC-202995,JNC-MUM-003,Dadar TT Circle,Mumbai,Maharashtra,2020,Serious,0,1,Clear,Flyover Exit,Motorcycle & Bus
ACC-202996,JNC-DEL-002,ITO Crossing,New Delhi,Delhi,2021,Minor,0,0,Heavy Rain,Roundabout,Motorcycle & Bus
ACC-202997,JNC-MUM-003,Dadar TT Circle,Mumbai,Maharashtra,2022,Serious,0,3,Heavy Rain,Urban Intersection,Auto-rickshaw & Bus
ACC-202998,JNC-DEL-002,ITO Crossing,New Delhi,Delhi,2021,Minor,0,0,Fog / Mist,Flyover Exit,Auto-rickshaw & Bus
ACC-202999,JNC-MAA-004,Kathipara Junction,Chennai,Tamil Nadu,2019,Serious,0,2,Fog / Mist,4-Lane Highway Merge,Pedestrian & Motorcycle
